Remove-Item : Cannot remove item C:\Users\66830\.gemini\antigravity\scratch\antigravity_backup_tmp\antigravity\scratch\
antigravity_backup_tmp\antigravity\brain\investment-portfolio-tracker\node_modules\@reduxjs\toolkit\skills\manage-serve
r-data\adopt-rtk-query\references\endpoint-lifecycle.md: Could not find a part of the path 'endpoint-lifecycle.md'.
At line:1 char:1
+ Remove-Item -Recurse -Force 'C:\Users\66830\.gemini\antigravity\scrat ...
+ ~~~~~~~~~~~~~~~~~~~~~~~~~~~~~~~~~~~~~~~~~~~~~~~~~~~~~~~~~~~~~~~~~~~~~
    + CategoryInfo          : WriteError: (endpoint-lifecycle.md:FileInfo) [Remove-Item], DirectoryNotFoundException
    + FullyQualifiedErrorId : RemoveFileSystemItemIOError,Microsoft.PowerShell.Commands.RemoveItemCommand
Remove-Item : Cannot remove item C:\Users\66830\.gemini\antigravity\scratch\antigravity_backup_tmp\antigravity\scratch\
antigravity_backup_tmp\antigravity\brain\investment-portfolio-tracker\node_modules\@reduxjs\toolkit\skills\manage-serve
r-data\adopt-rtk-query\references: The directory is not empty.
At line:1 char:1
+ Remove-Item -Recurse -Force 'C:\Users\66830\.gemini\antigravity\scrat ...
+ ~~~~~~~~~~~~~~~~~~~~~~~~~~~~~~~~~~~~~~~~~~~~~~~~~~~~~~~~~~~~~~~~~~~~~
    + CategoryInfo          : WriteError: (references:DirectoryInfo) [Remove-Item], IOException
    + FullyQualifiedErrorId : RemoveFileSystemItemIOError,Microsoft.PowerShell.Commands.RemoveItemCommand
Remove-Item : Cannot remove item C:\Users\66830\.gemini\antigravity\scratch\antigravity_backup_tmp\antigravity\scratch\
antigravity_backup_tmp\antigravity\brain\investment-portfolio-tracker\node_modules\@reduxjs\toolkit\skills\manage-serve
r-data\adopt-rtk-query: The directory is not empty.
At line:1 char:1
+ Remove-Item -Recurse -Force 'C:\Users\66830\.gemini\antigravity\scrat ...
+ ~~~~~~~~~~~~~~~~~~~~~~~~~~~~~~~~~~~~~~~~~~~~~~~~~~~~~~~~~~~~~~~~~~~~~
    + CategoryInfo          : WriteError: (adopt-rtk-query:DirectoryInfo) [Remove-Item], IOException
    + FullyQualifiedErrorId : RemoveFileSystemItemIOError,Microsoft.PowerShell.Commands.RemoveItemCommand
Remove-Item : Cannot remove item C:\Users\66830\.gemini\antigravity\scratch\antigravity_backup_tmp\antigravity\scratch\
antigravity_backup_tmp\antigravity\brain\investment-portfolio-tracker\node_modules\@reduxjs\toolkit\skills\manage-serve
r-data: The directory is not empty.
At line:1 char:1
+ Remove-Item -Recurse -Force 'C:\Users\66830\.gemini\antigravity\scrat ...
+ ~~~~~~~~~~~~~~~~~~~~~~~~~~~~~~~~~~~~~~~~~~~~~~~~~~~~~~~~~~~~~~~~~~~~~
    + CategoryInfo          : WriteError: (manage-server-data:DirectoryInfo) [Remove-Item], IOException
    + FullyQualifiedErrorId : RemoveFileSystemItemIOError,Microsoft.PowerShell.Commands.RemoveItemCommand
Remove-Item : Cannot remove item C:\Users\66830\.gemini\antigravity\scratch\antigravity_backup_tmp\antigravity\scratch\
antigravity_backup_tmp\antigravity\brain\investment-portfolio-tracker\node_modules\@reduxjs\toolkit\skills\model-redux-
state\build-slices-and-selectors\references\slice-patterns.md: Could not find a part of the path 'slice-patterns.md'.
At line:1 char:1
+ Remove-Item -Recurse -Force 'C:\Users\66830\.gemini\antigravity\scrat ...
+ ~~~~~~~~~~~~~~~~~~~~~~~~~~~~~~~~~~~~~~~~~~~~~~~~~~~~~~~~~~~~~~~~~~~~~
    + CategoryInfo          : WriteError: (slice-patterns.md:FileInfo) [Remove-Item], DirectoryNotFoundException
    + FullyQualifiedErrorId : RemoveFileSystemItemIOError,Microsoft.PowerShell.Commands.RemoveItemCommand
Remove-Item : Cannot remove item C:\Users\66830\.gemini\antigravity\scratch\antigravity_backup_tmp\antigravity\scratch\
antigravity_backup_tmp\antigravity\brain\investment-portfolio-tracker\node_modules\@reduxjs\toolkit\skills\model-redux-
state\build-slices-and-selectors\references: The directory is not empty.
At line:1 char:1
+ Remove-Item -Recurse -Force 'C:\Users\66830\.gemini\antigravity\scrat ...
+ ~~~~~~~~~~~~~~~~~~~~~~~~~~~~~~~~~~~~~~~~~~~~~~~~~~~~~~~~~~~~~~~~~~~~~
    + CategoryInfo          : WriteError: (references:DirectoryInfo) [Remove-Item], IOException
    + FullyQualifiedErrorId : RemoveFileSystemItemIOError,Microsoft.PowerShell.Commands.RemoveItemCommand
Remove-Item : Cannot remove item C:\Users\66830\.gemini\antigravity\scratch\antigravity_backup_tmp\antigravity\scratch\
antigravity_backup_tmp\antigravity\brain\investment-portfolio-tracker\node_modules\@reduxjs\toolkit\skills\model-redux-
state\build-slices-and-selectors: The directory is not empty.
At line:1 char:1
+ Remove-Item -Recurse -Force 'C:\Users\66830\.gemini\antigravity\scrat ...
+ ~~~~~~~~~~~~~~~~~~~~~~~~~~~~~~~~~~~~~~~~~~~~~~~~~~~~~~~~~~~~~~~~~~~~~
    + CategoryInfo          : WriteError: (build-slices-and-selectors:DirectoryInfo) [Remove-Item], IOException
    + FullyQualifiedErrorId : RemoveFileSystemItemIOError,Microsoft.PowerShell.Commands.RemoveItemCommand
Remove-Item : Cannot remove item C:\Users\66830\.gemini\antigravity\scratch\antigravity_backup_tmp\antigravity\scratch\
antigravity_backup_tmp\antigravity\brain\investment-portfolio-tracker\node_modules\@reduxjs\toolkit\skills\model-redux-
state\design-state-ownership\references\state-ownership.md: Could not find a part of the path 'state-ownership.md'.
At line:1 char:1
+ Remove-Item -Recurse -Force 'C:\Users\66830\.gemini\antigravity\scrat ...
+ ~~~~~~~~~~~~~~~~~~~~~~~~~~~~~~~~~~~~~~~~~~~~~~~~~~~~~~~~~~~~~~~~~~~~~
    + CategoryInfo          : WriteError: (state-ownership.md:FileInfo) [Remove-Item], DirectoryNotFoundException
    + FullyQualifiedErrorId : RemoveFileSystemItemIOError,Microsoft.PowerShell.Commands.RemoveItemCommand
Remove-Item : Cannot remove item C:\Users\66830\.gemini\antigravity\scratch\antigravity_backup_tmp\antigravity\scratch\
antigravity_backup_tmp\antigravity\brain\investment-portfolio-tracker\node_modules\@reduxjs\toolkit\skills\model-redux-
state\design-state-ownership\references: The directory is not empty.
At line:1 char:1
+ Remove-Item -Recurse -Force 'C:\Users\66830\.gemini\antigravity\scrat ...
+ ~~~~~~~~~~~~~~~~~~~~~~~~~~~~~~~~~~~~~~~~~~~~~~~~~~~~~~~~~~~~~~~~~~~~~
    + CategoryInfo          : WriteError: (references:DirectoryInfo) [Remove-Item], IOException
    + FullyQualifiedErrorId : RemoveFileSystemItemIOError,Microsoft.PowerShell.Commands.RemoveItemCommand
Remove-Item : Cannot remove item C:\Users\66830\.gemini\antigravity\scratch\antigravity_backup_tmp\antigravity\scratch\
antigravity_backup_tmp\antigravity\brain\investment-portfolio-tracker\node_modules\@reduxjs\toolkit\skills\model-redux-
state\design-state-ownership: The directory is not empty.
At line:1 char:1
+ Remove-Item -Recurse -Force 'C:\Users\66830\.gemini\antigravity\scrat ...
+ ~~~~~~~~~~~~~~~~~~~~~~~~~~~~~~~~~~~~~~~~~~~~~~~~~~~~~~~~~~~~~~~~~~~~~
    + CategoryInfo          : WriteError: (design-state-ownership:DirectoryInfo) [Remove-Item], IOException
    + FullyQualifiedErrorId : RemoveFileSystemItemIOError,Microsoft.PowerShell.Commands.RemoveItemCommand
Remove-Item : Cannot remove item C:\Users\66830\.gemini\antigravity\scratch\antigravity_backup_tmp\antigravity\scratch\
antigravity_backup_tmp\antigravity\brain\investment-portfolio-tracker\node_modules\@reduxjs\toolkit\skills\model-redux-
state: The directory is not empty.
At line:1 char:1
+ Remove-Item -Recurse -Force 'C:\Users\66830\.gemini\antigravity\scrat ...
+ ~~~~~~~~~~~~~~~~~~~~~~~~~~~~~~~~~~~~~~~~~~~~~~~~~~~~~~~~~~~~~~~~~~~~~
    + CategoryInfo          : WriteError: (model-redux-state:DirectoryInfo) [Remove-Item], IOException
    + FullyQualifiedErrorId : RemoveFileSystemItemIOError,Microsoft.PowerShell.Commands.RemoveItemCommand
Remove-Item : Cannot remove item C:\Users\66830\.gemini\antigravity\scratch\antigravity_backup_tmp\antigravity\scratch\
antigravity_backup_tmp\antigravity\brain\investment-portfolio-tracker\node_modules\@reduxjs\toolkit\skills\orchestrate-
side-effects\handle-side-effects\references\listener-workflows.md: Could not find a part of the path 
'listener-workflows.md'.
At line:1 char:1
+ Remove-Item -Recurse -Force 'C:\Users\66830\.gemini\antigravity\scrat ...
+ ~~~~~~~~~~~~~~~~~~~~~~~~~~~~~~~~~~~~~~~~~~~~~~~~~~~~~~~~~~~~~~~~~~~~~
    + CategoryInfo          : WriteError: (listener-workflows.md:FileInfo) [Remove-Item], DirectoryNotFoundException
    + FullyQualifiedErrorId : RemoveFileSystemItemIOError,Microsoft.PowerShell.Commands.RemoveItemCommand
Remove-Item : Cannot remove item C:\Users\66830\.gemini\antigravity\scratch\antigravity_backup_tmp\antigravity\scratch\
antigravity_backup_tmp\antigravity\brain\investment-portfolio-tracker\node_modules\@reduxjs\toolkit\skills\orchestrate-
side-effects\handle-side-effects\references: The directory is not empty.
At line:1 char:1
+ Remove-Item -Recurse -Force 'C:\Users\66830\.gemini\antigravity\scrat ...
+ ~~~~~~~~~~~~~~~~~~~~~~~~~~~~~~~~~~~~~~~~~~~~~~~~~~~~~~~~~~~~~~~~~~~~~
    + CategoryInfo          : WriteError: (references:DirectoryInfo) [Remove-Item], IOException
    + FullyQualifiedErrorId : RemoveFileSystemItemIOError,Microsoft.PowerShell.Commands.RemoveItemCommand
Remove-Item : Cannot remove item C:\Users\66830\.gemini\antigravity\scratch\antigravity_backup_tmp\antigravity\scratch\
antigravity_backup_tmp\antigravity\brain\investment-portfolio-tracker\node_modules\@reduxjs\toolkit\skills\orchestrate-
side-effects\handle-side-effects: The directory is not empty.
At line:1 char:1
+ Remove-Item -Recurse -Force 'C:\Users\66830\.gemini\antigravity\scrat ...
+ ~~~~~~~~~~~~~~~~~~~~~~~~~~~~~~~~~~~~~~~~~~~~~~~~~~~~~~~~~~~~~~~~~~~~~
    + CategoryInfo          : WriteError: (handle-side-effects:DirectoryInfo) [Remove-Item], IOException
    + FullyQualifiedErrorId : RemoveFileSystemItemIOError,Microsoft.PowerShell.Commands.RemoveItemCommand
Remove-Item : Cannot remove item C:\Users\66830\.gemini\antigravity\scratch\antigravity_backup_tmp\antigravity\scratch\
antigravity_backup_tmp\antigravity\brain\investment-portfolio-tracker\node_modules\@reduxjs\toolkit\skills\orchestrate-
side-effects: The directory is not empty.
At line:1 char:1
+ Remove-Item -Recurse -Force 'C:\Users\66830\.gemini\antigravity\scrat ...
+ ~~~~~~~~~~~~~~~~~~~~~~~~~~~~~~~~~~~~~~~~~~~~~~~~~~~~~~~~~~~~~~~~~~~~~
    + CategoryInfo          : WriteError: (orchestrate-side-effects:DirectoryInfo) [Remove-Item], IOException
    + FullyQualifiedErrorId : RemoveFileSystemItemIOError,Microsoft.PowerShell.Commands.RemoveItemCommand
Remove-Item : Cannot remove item C:\Users\66830\.gemini\antigravity\scratch\antigravity_backup_tmp\antigravity\scratch\
antigravity_backup_tmp\antigravity\brain\investment-portfolio-tracker\node_modules\@reduxjs\toolkit\skills: The 
directory is not empty.
At line:1 char:1
+ Remove-Item -Recurse -Force 'C:\Users\66830\.gemini\antigravity\scrat ...
+ ~~~~~~~~~~~~~~~~~~~~~~~~~~~~~~~~~~~~~~~~~~~~~~~~~~~~~~~~~~~~~~~~~~~~~
    + CategoryInfo          : WriteError: (skills:DirectoryInfo) [Remove-Item], IOException
    + FullyQualifiedErrorId : RemoveFileSystemItemIOError,Microsoft.PowerShell.Commands.RemoveItemCommand
Remove-Item : Cannot remove item C:\Users\66830\.gemini\antigravity\scratch\antigravity_backup_tmp\antigravity\scratch\
antigravity_backup_tmp\antigravity\brain\investment-portfolio-tracker\node_modules\@reduxjs\toolkit: The directory is 
not empty.
At line:1 char:1
+ Remove-Item -Recurse -Force 'C:\Users\66830\.gemini\antigravity\scrat ...
+ ~~~~~~~~~~~~~~~~~~~~~~~~~~~~~~~~~~~~~~~~~~~~~~~~~~~~~~~~~~~~~~~~~~~~~
    + CategoryInfo          : WriteError: (toolkit:DirectoryInfo) [Remove-Item], IOException
    + FullyQualifiedErrorId : RemoveFileSystemItemIOError,Microsoft.PowerShell.Commands.RemoveItemCommand
Remove-Item : Cannot remove item C:\Users\66830\.gemini\antigravity\scratch\antigravity_backup_tmp\antigravity\scratch\
antigravity_backup_tmp\antigravity\brain\investment-portfolio-tracker\node_modules\@reduxjs: The directory is not 
empty.
At line:1 char:1
+ Remove-Item -Recurse -Force 'C:\Users\66830\.gemini\antigravity\scrat ...
+ ~~~~~~~~~~~~~~~~~~~~~~~~~~~~~~~~~~~~~~~~~~~~~~~~~~~~~~~~~~~~~~~~~~~~~
    + CategoryInfo          : WriteError: (@reduxjs:DirectoryInfo) [Remove-Item], IOException
    + FullyQualifiedErrorId : RemoveFileSystemItemIOError,Microsoft.PowerShell.Commands.RemoveItemCommand
Remove-Item : Cannot remove item C:\Users\66830\.gemini\antigravity\scratch\antigravity_backup_tmp\antigravity\scratch\
antigravity_backup_tmp\antigravity\brain\investment-portfolio-tracker\node_modules: The directory is not empty.
At line:1 char:1
+ Remove-Item -Recurse -Force 'C:\Users\66830\.gemini\antigravity\scrat ...
+ ~~~~~~~~~~~~~~~~~~~~~~~~~~~~~~~~~~~~~~~~~~~~~~~~~~~~~~~~~~~~~~~~~~~~~
    + CategoryInfo          : WriteError: (node_modules:DirectoryInfo) [Remove-Item], IOException
    + FullyQualifiedErrorId : RemoveFileSystemItemIOError,Microsoft.PowerShell.Commands.RemoveItemCommand
Remove-Item : Cannot remove item C:\Users\66830\.gemini\antigravity\scratch\antigravity_backup_tmp\antigravity\scratch\
antigravity_backup_tmp\antigravity\brain\investment-portfolio-tracker: The directory is not empty.
At line:1 char:1
+ Remove-Item -Recurse -Force 'C:\Users\66830\.gemini\antigravity\scrat ...
+ ~~~~~~~~~~~~~~~~~~~~~~~~~~~~~~~~~~~~~~~~~~~~~~~~~~~~~~~~~~~~~~~~~~~~~
    + CategoryInfo          : WriteError: (investment-portfolio-tracker:DirectoryInfo) [Remove-Item], IOException
    + FullyQualifiedErrorId : RemoveFileSystemItemIOError,Microsoft.PowerShell.Commands.RemoveItemCommand
Remove-Item : Cannot remove item C:\Users\66830\.gemini\antigravity\scratch\antigravity_backup_tmp\antigravity\scratch\
antigravity_backup_tmp\antigravity\brain: The directory is not empty.
At line:1 char:1
+ Remove-Item -Recurse -Force 'C:\Users\66830\.gemini\antigravity\scrat ...
+ ~~~~~~~~~~~~~~~~~~~~~~~~~~~~~~~~~~~~~~~~~~~~~~~~~~~~~~~~~~~~~~~~~~~~~
    + CategoryInfo          : WriteError: (brain:DirectoryInfo) [Remove-Item], IOException
    + FullyQualifiedErrorId : RemoveFileSystemItemIOError,Microsoft.PowerShell.Commands.RemoveItemCommand
Remove-Item : Cannot remove item C:\Users\66830\.gemini\antigravity\scratch\antigravity_backup_tmp\antigravity\scratch\
antigravity_backup_tmp\antigravity\scratch\antigravity_backup_tmp\antigravity\brain\0ce654f0-336b-4c93-a589-13c7a49a060
e\.system_generated\messages\undelivered\05fec195-7b86-4e4c-85a8-1257766e5b1b: Could not find a part of the path 
'05fec195-7b86-4e4c-85a8-1257766e5b1b'.
At line:1 char:1
+ Remove-Item -Recurse -Force 'C:\Users\66830\.gemini\antigravity\scrat ...
+ ~~~~~~~~~~~~~~~~~~~~~~~~~~~~~~~~~~~~~~~~~~~~~~~~~~~~~~~~~~~~~~~~~~~~~
    + CategoryInfo          : WriteError: (05fec195-7b86-4e4c-85a8-1257766e5b1b:FileInfo) [Remove-Item], DirectoryNotF 
   oundException
    + FullyQualifiedErrorId : RemoveFileSystemItemIOError,Microsoft.PowerShell.Commands.RemoveItemCommand
Remove-Item : Cannot remove item C:\Users\66830\.gemini\antigravity\scratch\antigravity_backup_tmp\antigravity\scratch\
antigravity_backup_tmp\antigravity\scratch\antigravity_backup_tmp\antigravity\brain\0ce654f0-336b-4c93-a589-13c7a49a060
e\.system_generated\messages\undelivered\2bcdefcb-bb65-41c1-883f-65fbbf2ba115: Could not find a part of the path 
'2bcdefcb-bb65-41c1-883f-65fbbf2ba115'.
At line:1 char:1
+ Remove-Item -Recurse -Force 'C:\Users\66830\.gemini\antigravity\scrat ...
+ ~~~~~~~~~~~~~~~~~~~~~~~~~~~~~~~~~~~~~~~~~~~~~~~~~~~~~~~~~~~~~~~~~~~~~
    + CategoryInfo          : WriteError: (2bcdefcb-bb65-41c1-883f-65fbbf2ba115:FileInfo) [Remove-Item], DirectoryNotF 
   oundException
    + FullyQualifiedErrorId : RemoveFileSystemItemIOError,Microsoft.PowerShell.Commands.RemoveItemCommand
Remove-Item : Cannot remove item C:\Users\66830\.gemini\antigravity\scratch\antigravity_backup_tmp\antigravity\scratch\
antigravity_backup_tmp\antigravity\scratch\antigravity_backup_tmp\antigravity\brain\0ce654f0-336b-4c93-a589-13c7a49a060
e\.system_generated\messages\undelivered: The directory is not empty.
At line:1 char:1
+ Remove-Item -Recurse -Force 'C:\Users\66830\.gemini\antigravity\scrat ...
+ ~~~~~~~~~~~~~~~~~~~~~~~~~~~~~~~~~~~~~~~~~~~~~~~~~~~~~~~~~~~~~~~~~~~~~
    + CategoryInfo          : WriteError: (undelivered:DirectoryInfo) [Remove-Item], IOException
    + FullyQualifiedErrorId : RemoveFileSystemItemIOError,Microsoft.PowerShell.Commands.RemoveItemCommand
Remove-Item : Cannot remove item C:\Users\66830\.gemini\antigravity\scratch\antigravity_backup_tmp\antigravity\scratch\
antigravity_backup_tmp\antigravity\scratch\antigravity_backup_tmp\antigravity\brain\0ce654f0-336b-4c93-a589-13c7a49a060
e\.system_generated\messages\0076abb5-d0a6-400b-88fb-69883e83061c.json: Could not find a part of the path 
'0076abb5-d0a6-400b-88fb-69883e83061c.json'.
At line:1 char:1
+ Remove-Item -Recurse -Force 'C:\Users\66830\.gemini\antigravity\scrat ...
+ ~~~~~~~~~~~~~~~~~~~~~~~~~~~~~~~~~~~~~~~~~~~~~~~~~~~~~~~~~~~~~~~~~~~~~
    + CategoryInfo          : WriteError: (0076abb5-d0a6-4...883e83061c.json:FileInfo) [Remove-Item], DirectoryNotFoun 
   dException
    + FullyQualifiedErrorId : RemoveFileSystemItemIOError,Microsoft.PowerShell.Commands.RemoveItemCommand
Remove-Item : Cannot remove item C:\Users\66830\.gemini\antigravity\scratch\antigravity_backup_tmp\antigravity\scratch\
antigravity_backup_tmp\antigravity\scratch\antigravity_backup_tmp\antigravity\brain\0ce654f0-336b-4c93-a589-13c7a49a060
e\.system_generated\messages\05fec195-7b86-4e4c-85a8-1257766e5b1b.json: Could not find a part of the path 
'05fec195-7b86-4e4c-85a8-1257766e5b1b.json'.
At line:1 char:1
+ Remove-Item -Recurse -Force 'C:\Users\66830\.gemini\antigravity\scrat ...
+ ~~~~~~~~~~~~~~~~~~~~~~~~~~~~~~~~~~~~~~~~~~~~~~~~~~~~~~~~~~~~~~~~~~~~~
    + CategoryInfo          : WriteError: (05fec195-7b86-4...57766e5b1b.json:FileInfo) [Remove-Item], DirectoryNotFoun 
   dException
    + FullyQualifiedErrorId : RemoveFileSystemItemIOError,Microsoft.PowerShell.Commands.RemoveItemCommand
Remove-Item : Cannot remove item C:\Users\66830\.gemini\antigravity\scratch\antigravity_backup_tmp\antigravity\scratch\
antigravity_backup_tmp\antigravity\scratch\antigravity_backup_tmp\antigravity\brain\0ce654f0-336b-4c93-a589-13c7a49a060
e\.system_generated\messages\0ddc7825-9a0b-42c8-88b8-6034e213f012.json: Could not find a part of the path 
'0ddc7825-9a0b-42c8-88b8-6034e213f012.json'.
At line:1 char:1
+ Remove-Item -Recurse -Force 'C:\Users\66830\.gemini\antigravity\scrat ...
+ ~~~~~~~~~~~~~~~~~~~~~~~~~~~~~~~~~~~~~~~~~~~~~~~~~~~~~~~~~~~~~~~~~~~~~
    + CategoryInfo          : WriteError: (0ddc7825-9a0b-4...34e213f012.json:FileInfo) [Remove-Item], DirectoryNotFoun 
   dException
    + FullyQualifiedErrorId : RemoveFileSystemItemIOError,Microsoft.PowerShell.Commands.RemoveItemCommand
Remove-Item : Cannot remove item C:\Users\66830\.gemini\antigravity\scratch\antigravity_backup_tmp\antigravity\scratch\
antigravity_backup_tmp\antigravity\scratch\antigravity_backup_tmp\antigravity\brain\0ce654f0-336b-4c93-a589-13c7a49a060
e\.system_generated\messages\0e9ed16a-45bc-4c8d-b276-d0b0d5c2691e.json: Could not find a part of the path 
'0e9ed16a-45bc-4c8d-b276-d0b0d5c2691e.json'.
At line:1 char:1
+ Remove-Item -Recurse -Force 'C:\Users\66830\.gemini\antigravity\scrat ...
+ ~~~~~~~~~~~~~~~~~~~~~~~~~~~~~~~~~~~~~~~~~~~~~~~~~~~~~~~~~~~~~~~~~~~~~
    + CategoryInfo          : WriteError: (0e9ed16a-45bc-4...b0d5c2691e.json:FileInfo) [Remove-Item], DirectoryNotFoun 
   dException
    + FullyQualifiedErrorId : RemoveFileSystemItemIOError,Microsoft.PowerShell.Commands.RemoveItemCommand
Remove-Item : Cannot remove item C:\Users\66830\.gemini\antigravity\scratch\antigravity_backup_tmp\antigravity\scratch\
antigravity_backup_tmp\antigravity\scratch\antigravity_backup_tmp\antigravity\brain\0ce654f0-336b-4c93-a589-13c7a49a060
e\.system_generated\messages\1d8d3a21-2035-428e-9ced-a4bd34f36dac.json: Could not find a part of the path 
'1d8d3a21-2035-428e-9ced-a4bd34f36dac.json'.
At line:1 char:1
+ Remove-Item -Recurse -Force 'C:\Users\66830\.gemini\antigravity\scrat ...
+ ~~~~~~~~~~~~~~~~~~~~~~~~~~~~~~~~~~~~~~~~~~~~~~~~~~~~~~~~~~~~~~~~~~~~~
    + CategoryInfo          : WriteError: (1d8d3a21-2035-4...bd34f36dac.json:FileInfo) [Remove-Item], DirectoryNotFoun 
   dException
    + FullyQualifiedErrorId : RemoveFileSystemItemIOError,Microsoft.PowerShell.Commands.RemoveItemCommand
Remove-Item : Cannot remove item C:\Users\66830\.gemini\antigravity\scratch\antigravity_backup_tmp\antigravity\scratch\
antigravity_backup_tmp\antigravity\scratch\antigravity_backup_tmp\antigravity\brain\0ce654f0-336b-4c93-a589-13c7a49a060
e\.system_generated\messages\2040af0f-e546-44f3-978f-0f672db84bc4.json: Could not find a part of the path 
'2040af0f-e546-44f3-978f-0f672db84bc4.json'.
At line:1 char:1
+ Remove-Item -Recurse -Force 'C:\Users\66830\.gemini\antigravity\scrat ...
+ ~~~~~~~~~~~~~~~~~~~~~~~~~~~~~~~~~~~~~~~~~~~~~~~~~~~~~~~~~~~~~~~~~~~~~
    + CategoryInfo          : WriteError: (2040af0f-e546-4...672db84bc4.json:FileInfo) [Remove-Item], DirectoryNotFoun 
   dException
    + FullyQualifiedErrorId : RemoveFileSystemItemIOError,Microsoft.PowerShell.Commands.RemoveItemCommand
Remove-Item : Cannot remove item C:\Users\66830\.gemini\antigravity\scratch\antigravity_backup_tmp\antigravity\scratch\
antigravity_backup_tmp\antigravity\scratch\antigravity_backup_tmp\antigravity\brain\0ce654f0-336b-4c93-a589-13c7a49a060
e\.system_generated\messages\22a3718c-60b0-4869-8c26-83704fbc505f.json: Could not find a part of the path 
'22a3718c-60b0-4869-8c26-83704fbc505f.json'.
At line:1 char:1
+ Remove-Item -Recurse -Force 'C:\Users\66830\.gemini\antigravity\scrat ...
+ ~~~~~~~~~~~~~~~~~~~~~~~~~~~~~~~~~~~~~~~~~~~~~~~~~~~~~~~~~~~~~~~~~~~~~
    + CategoryInfo          : WriteError: (22a3718c-60b0-4...704fbc505f.json:FileInfo) [Remove-Item], DirectoryNotFoun 
   dException
    + FullyQualifiedErrorId : RemoveFileSystemItemIOError,Microsoft.PowerShell.Commands.RemoveItemCommand
Remove-Item : Cannot remove item C:\Users\66830\.gemini\antigravity\scratch\antigravity_backup_tmp\antigravity\scratch\
antigravity_backup_tmp\antigravity\scratch\antigravity_backup_tmp\antigravity\brain\0ce654f0-336b-4c93-a589-13c7a49a060
e\.system_generated\messages\263ca01a-9f58-470f-9669-f52894b54076.json: Could not find a part of the path 
'263ca01a-9f58-470f-9669-f52894b54076.json'.
At line:1 char:1
+ Remove-Item -Recurse -Force 'C:\Users\66830\.gemini\antigravity\scrat ...
+ ~~~~~~~~~~~~~~~~~~~~~~~~~~~~~~~~~~~~~~~~~~~~~~~~~~~~~~~~~~~~~~~~~~~~~
    + CategoryInfo          : WriteError: (263ca01a-9f58-4...2894b54076.json:FileInfo) [Remove-Item], DirectoryNotFoun 
   dException
    + FullyQualifiedErrorId : RemoveFileSystemItemIOError,Microsoft.PowerShell.Commands.RemoveItemCommand
Remove-Item : Cannot remove item C:\Users\66830\.gemini\antigravity\scratch\antigravity_backup_tmp\antigravity\scratch\
antigravity_backup_tmp\antigravity\scratch\antigravity_backup_tmp\antigravity\brain\0ce654f0-336b-4c93-a589-13c7a49a060
e\.system_generated\messages\2bcdefcb-bb65-41c1-883f-65fbbf2ba115.json: Could not find a part of the path 
'2bcdefcb-bb65-41c1-883f-65fbbf2ba115.json'.
At line:1 char:1
+ Remove-Item -Recurse -Force 'C:\Users\66830\.gemini\antigravity\scrat ...
+ ~~~~~~~~~~~~~~~~~~~~~~~~~~~~~~~~~~~~~~~~~~~~~~~~~~~~~~~~~~~~~~~~~~~~~
    + CategoryInfo          : WriteError: (2bcdefcb-bb65-4...fbbf2ba115.json:FileInfo) [Remove-Item], DirectoryNotFoun 
   dException
    + FullyQualifiedErrorId : RemoveFileSystemItemIOError,Microsoft.PowerShell.Commands.RemoveItemCommand
Remove-Item : Cannot remove item C:\Users\66830\.gemini\antigravity\scratch\antigravity_backup_tmp\antigravity\scratch\
antigravity_backup_tmp\antigravity\scratch\antigravity_backup_tmp\antigravity\brain\0ce654f0-336b-4c93-a589-13c7a49a060
e\.system_generated\messages\2d8b7808-c8ce-405f-9650-34db6c32f970.json: Could not find a part of the path 
'2d8b7808-c8ce-405f-9650-34db6c32f970.json'.
At line:1 char:1
+ Remove-Item -Recurse -Force 'C:\Users\66830\.gemini\antigravity\scrat ...
+ ~~~~~~~~~~~~~~~~~~~~~~~~~~~~~~~~~~~~~~~~~~~~~~~~~~~~~~~~~~~~~~~~~~~~~
    + CategoryInfo          : WriteError: (2d8b7808-c8ce-4...db6c32f970.json:FileInfo) [Remove-Item], DirectoryNotFoun 
   dException
    + FullyQualifiedErrorId : RemoveFileSystemItemIOError,Microsoft.PowerShell.Commands.RemoveItemCommand
Remove-Item : Cannot remove item C:\Users\66830\.gemini\antigravity\scratch\antigravity_backup_tmp\antigravity\scratch\
antigravity_backup_tmp\antigravity\scratch\antigravity_backup_tmp\antigravity\brain\0ce654f0-336b-4c93-a589-13c7a49a060
e\.system_generated\messages\3fae2734-dfd4-4ee4-8215-a4fca301b4c3.json: Could not find a part of the path 
'3fae2734-dfd4-4ee4-8215-a4fca301b4c3.json'.
At line:1 char:1
+ Remove-Item -Recurse -Force 'C:\Users\66830\.gemini\antigravity\scrat ...
+ ~~~~~~~~~~~~~~~~~~~~~~~~~~~~~~~~~~~~~~~~~~~~~~~~~~~~~~~~~~~~~~~~~~~~~
    + CategoryInfo          : WriteError: (3fae2734-dfd4-4...fca301b4c3.json:FileInfo) [Remove-Item], DirectoryNotFoun 
   dException
    + FullyQualifiedErrorId : RemoveFileSystemItemIOError,Microsoft.PowerShell.Commands.RemoveItemCommand
Remove-Item : Cannot remove item C:\Users\66830\.gemini\antigravity\scratch\antigravity_backup_tmp\antigravity\scratch\
antigravity_backup_tmp\antigravity\scratch\antigravity_backup_tmp\antigravity\brain\0ce654f0-336b-4c93-a589-13c7a49a060
e\.system_generated\messages\480da608-d9a2-49b8-810d-ee038321a934.json: Could not find a part of the path 
'480da608-d9a2-49b8-810d-ee038321a934.json'.
At line:1 char:1
+ Remove-Item -Recurse -Force 'C:\Users\66830\.gemini\antigravity\scrat ...
+ ~~~~~~~~~~~~~~~~~~~~~~~~~~~~~~~~~~~~~~~~~~~~~~~~~~~~~~~~~~~~~~~~~~~~~
    + CategoryInfo          : WriteError: (480da608-d9a2-4...038321a934.json:FileInfo) [Remove-Item], DirectoryNotFoun 
   dException
    + FullyQualifiedErrorId : RemoveFileSystemItemIOError,Microsoft.PowerShell.Commands.RemoveItemCommand
Remove-Item : Cannot remove item C:\Users\66830\.gemini\antigravity\scratch\antigravity_backup_tmp\antigravity\scratch\
antigravity_backup_tmp\antigravity\scratch\antigravity_backup_tmp\antigravity\brain\0ce654f0-336b-4c93-a589-13c7a49a060
e\.system_generated\messages\4ac8789d-b5c6-43d0-9d4b-840977aa217a.json: Could not find a part of the path 
'4ac8789d-b5c6-43d0-9d4b-840977aa217a.json'.
At line:1 char:1
+ Remove-Item -Recurse -Force 'C:\Users\66830\.gemini\antigravity\scrat ...
+ ~~~~~~~~~~~~~~~~~~~~~~~~~~~~~~~~~~~~~~~~~~~~~~~~~~~~~~~~~~~~~~~~~~~~~
    + CategoryInfo          : WriteError: (4ac8789d-b5c6-4...0977aa217a.json:FileInfo) [Remove-Item], DirectoryNotFoun 
   dException
    + FullyQualifiedErrorId : RemoveFileSystemItemIOError,Microsoft.PowerShell.Commands.RemoveItemCommand
Remove-Item : Cannot remove item C:\Users\66830\.gemini\antigravity\scratch\antigravity_backup_tmp\antigravity\scratch\
antigravity_backup_tmp\antigravity\scratch\antigravity_backup_tmp\antigravity\brain\0ce654f0-336b-4c93-a589-13c7a49a060
e\.system_generated\messages\4ada0179-514d-4e7c-af1d-ed3c2d3f2d26.json: Could not find a part of the path 
'4ada0179-514d-4e7c-af1d-ed3c2d3f2d26.json'.
At line:1 char:1
+ Remove-Item -Recurse -Force 'C:\Users\66830\.gemini\antigravity\scrat ...
+ ~~~~~~~~~~~~~~~~~~~~~~~~~~~~~~~~~~~~~~~~~~~~~~~~~~~~~~~~~~~~~~~~~~~~~
    + CategoryInfo          : WriteError: (4ada0179-514d-4...3c2d3f2d26.json:FileInfo) [Remove-Item], DirectoryNotFoun 
   dException
    + FullyQualifiedErrorId : RemoveFileSystemItemIOError,Microsoft.PowerShell.Commands.RemoveItemCommand
Remove-Item : Cannot remove item C:\Users\66830\.gemini\antigravity\scratch\antigravity_backup_tmp\antigravity\scratch\
antigravity_backup_tmp\antigravity\scratch\antigravity_backup_tmp\antigravity\brain\0ce654f0-336b-4c93-a589-13c7a49a060
e\.system_generated\messages\4f3808f5-c3c6-4642-8755-08b989599d83.json: Could not find a part of the path 
'4f3808f5-c3c6-4642-8755-08b989599d83.json'.
At line:1 char:1
+ Remove-Item -Recurse -Force 'C:\Users\66830\.gemini\antigravity\scrat ...
+ ~~~~~~~~~~~~~~~~~~~~~~~~~~~~~~~~~~~~~~~~~~~~~~~~~~~~~~~~~~~~~~~~~~~~~
    + CategoryInfo          : WriteError: (4f3808f5-c3c6-4...b989599d83.json:FileInfo) [Remove-Item], DirectoryNotFoun 
   dException
    + FullyQualifiedErrorId : RemoveFileSystemItemIOError,Microsoft.PowerShell.Commands.RemoveItemCommand
Remove-Item : Cannot remove item C:\Users\66830\.gemini\antigravity\scratch\antigravity_backup_tmp\antigravity\scratch\
antigravity_backup_tmp\antigravity\scratch\antigravity_backup_tmp\antigravity\brain\0ce654f0-336b-4c93-a589-13c7a49a060
e\.system_generated\messages\61cbf9a1-f5e3-40cc-a010-8cc93164b484.json: Could not find a part of the path 
'61cbf9a1-f5e3-40cc-a010-8cc93164b484.json'.
At line:1 char:1
+ Remove-Item -Recurse -Force 'C:\Users\66830\.gemini\antigravity\scrat ...
+ ~~~~~~~~~~~~~~~~~~~~~~~~~~~~~~~~~~~~~~~~~~~~~~~~~~~~~~~~~~~~~~~~~~~~~
    + CategoryInfo          : WriteError: (61cbf9a1-f5e3-4...c93164b484.json:FileInfo) [Remove-Item], DirectoryNotFoun 
   dException
    + FullyQualifiedErrorId : RemoveFileSystemItemIOError,Microsoft.PowerShell.Commands.RemoveItemCommand
Remove-Item : Cannot remove item C:\Users\66830\.gemini\antigravity\scratch\antigravity_backup_tmp\antigravity\scratch\
antigravity_backup_tmp\antigravity\scratch\antigravity_backup_tmp\antigravity\brain\0ce654f0-336b-4c93-a589-13c7a49a060
e\.system_generated\messages\6cd1ecb5-d63e-44ff-b56e-8a006e7917ec.json: Could not find a part of the path 
'6cd1ecb5-d63e-44ff-b56e-8a006e7917ec.json'.
At line:1 char:1
+ Remove-Item -Recurse -Force 'C:\Users\66830\.gemini\antigravity\scrat ...
+ ~~~~~~~~~~~~~~~~~~~~~~~~~~~~~~~~~~~~~~~~~~~~~~~~~~~~~~~~~~~~~~~~~~~~~
    + CategoryInfo          : WriteError: (6cd1ecb5-d63e-4...006e7917ec.json:FileInfo) [Remove-Item], DirectoryNotFoun 
   dException
    + FullyQualifiedErrorId : RemoveFileSystemItemIOError,Microsoft.PowerShell.Commands.RemoveItemCommand
Remove-Item : Cannot remove item C:\Users\66830\.gemini\antigravity\scratch\antigravity_backup_tmp\antigravity\scratch\
antigravity_backup_tmp\antigravity\scratch\antigravity_backup_tmp\antigravity\brain\0ce654f0-336b-4c93-a589-13c7a49a060
e\.system_generated\messages\702be323-3a76-4507-99f7-183cd3e0644e.json: Could not find a part of the path 
'702be323-3a76-4507-99f7-183cd3e0644e.json'.
At line:1 char:1
+ Remove-Item -Recurse -Force 'C:\Users\66830\.gemini\antigravity\scrat ...
+ ~~~~~~~~~~~~~~~~~~~~~~~~~~~~~~~~~~~~~~~~~~~~~~~~~~~~~~~~~~~~~~~~~~~~~
    + CategoryInfo          : WriteError: (702be323-3a76-4...3cd3e0644e.json:FileInfo) [Remove-Item], DirectoryNotFoun 
   dException
    + FullyQualifiedErrorId : RemoveFileSystemItemIOError,Microsoft.PowerShell.Commands.RemoveItemCommand
Remove-Item : Cannot remove item C:\Users\66830\.gemini\antigravity\scratch\antigravity_backup_tmp\antigravity\scratch\
antigravity_backup_tmp\antigravity\scratch\antigravity_backup_tmp\antigravity\brain\0ce654f0-336b-4c93-a589-13c7a49a060
e\.system_generated\messages\86da738b-05d2-4bea-b2e9-5a835a8eb982.json: Could not find a part of the path 
'86da738b-05d2-4bea-b2e9-5a835a8eb982.json'.
At line:1 char:1
+ Remove-Item -Recurse -Force 'C:\Users\66830\.gemini\antigravity\scrat ...
+ ~~~~~~~~~~~~~~~~~~~~~~~~~~~~~~~~~~~~~~~~~~~~~~~~~~~~~~~~~~~~~~~~~~~~~
    + CategoryInfo          : WriteError: (86da738b-05d2-4...835a8eb982.json:FileInfo) [Remove-Item], DirectoryNotFoun 
   dException
    + FullyQualifiedErrorId : RemoveFileSystemItemIOError,Microsoft.PowerShell.Commands.RemoveItemCommand
Remove-Item : Cannot remove item C:\Users\66830\.gemini\antigravity\scratch\antigravity_backup_tmp\antigravity\scratch\
antigravity_backup_tmp\antigravity\scratch\antigravity_backup_tmp\antigravity\brain\0ce654f0-336b-4c93-a589-13c7a49a060
e\.system_generated\messages\8a0dfbad-1c15-41d3-ad53-1d9186293993.json: Could not find a part of the path 
'8a0dfbad-1c15-41d3-ad53-1d9186293993.json'.
At line:1 char:1
+ Remove-Item -Recurse -Force 'C:\Users\66830\.gemini\antigravity\scrat ...
+ ~~~~~~~~~~~~~~~~~~~~~~~~~~~~~~~~~~~~~~~~~~~~~~~~~~~~~~~~~~~~~~~~~~~~~
    + CategoryInfo          : WriteError: (8a0dfbad-1c15-4...9186293993.json:FileInfo) [Remove-Item], DirectoryNotFoun 
   dException
    + FullyQualifiedErrorId : RemoveFileSystemItemIOError,Microsoft.PowerShell.Commands.RemoveItemCommand
Remove-Item : Cannot remove item C:\Users\66830\.gemini\antigravity\scratch\antigravity_backup_tmp\antigravity\scratch\
antigravity_backup_tmp\antigravity\scratch\antigravity_backup_tmp\antigravity\brain\0ce654f0-336b-4c93-a589-13c7a49a060
e\.system_generated\messages\a07e0747-02df-433b-ab0c-28bb8a7a9c8c.json: Could not find a part of the path 
'a07e0747-02df-433b-ab0c-28bb8a7a9c8c.json'.
At line:1 char:1
+ Remove-Item -Recurse -Force 'C:\Users\66830\.gemini\antigravity\scrat ...
+ ~~~~~~~~~~~~~~~~~~~~~~~~~~~~~~~~~~~~~~~~~~~~~~~~~~~~~~~~~~~~~~~~~~~~~
    + CategoryInfo          : WriteError: (a07e0747-02df-4...bb8a7a9c8c.json:FileInfo) [Remove-Item], DirectoryNotFoun 
   dException
    + FullyQualifiedErrorId : RemoveFileSystemItemIOError,Microsoft.PowerShell.Commands.RemoveItemCommand
Remove-Item : Cannot remove item C:\Users\66830\.gemini\antigravity\scratch\antigravity_backup_tmp\antigravity\scratch\
antigravity_backup_tmp\antigravity\scratch\antigravity_backup_tmp\antigravity\brain\0ce654f0-336b-4c93-a589-13c7a49a060
e\.system_generated\messages\a373a22b-0b7e-41f9-aa8c-8e3e2ffd1663.json: Could not find a part of the path 
'a373a22b-0b7e-41f9-aa8c-8e3e2ffd1663.json'.
At line:1 char:1
+ Remove-Item -Recurse -Force 'C:\Users\66830\.gemini\antigravity\scrat ...
+ ~~~~~~~~~~~~~~~~~~~~~~~~~~~~~~~~~~~~~~~~~~~~~~~~~~~~~~~~~~~~~~~~~~~~~
    + CategoryInfo          : WriteError: (a373a22b-0b7e-4...3e2ffd1663.json:FileInfo) [Remove-Item], DirectoryNotFoun 
   dException
    + FullyQualifiedErrorId : RemoveFileSystemItemIOError,Microsoft.PowerShell.Commands.RemoveItemCommand
Remove-Item : Cannot remove item C:\Users\66830\.gemini\antigravity\scratch\antigravity_backup_tmp\antigravity\scratch\
antigravity_backup_tmp\antigravity\scratch\antigravity_backup_tmp\antigravity\brain\0ce654f0-336b-4c93-a589-13c7a49a060
e\.system_generated\messages\d4529af9-a3a7-4fd1-b7c5-044d9af76e40.json: Could not find a part of the path 
'd4529af9-a3a7-4fd1-b7c5-044d9af76e40.json'.
At line:1 char:1
+ Remove-Item -Recurse -Force 'C:\Users\66830\.gemini\antigravity\scrat ...
+ ~~~~~~~~~~~~~~~~~~~~~~~~~~~~~~~~~~~~~~~~~~~~~~~~~~~~~~~~~~~~~~~~~~~~~
    + CategoryInfo          : WriteError: (d4529af9-a3a7-4...4d9af76e40.json:FileInfo) [Remove-Item], DirectoryNotFoun 
   dException
    + FullyQualifiedErrorId : RemoveFileSystemItemIOError,Microsoft.PowerShell.Commands.RemoveItemCommand
Remove-Item : Cannot remove item C:\Users\66830\.gemini\antigravity\scratch\antigravity_backup_tmp\antigravity\scratch\
antigravity_backup_tmp\antigravity\scratch\antigravity_backup_tmp\antigravity\brain\0ce654f0-336b-4c93-a589-13c7a49a060
e\.system_generated\messages\d5273014-d680-4864-8564-dafeaee6178e.json: Could not find a part of the path 
'd5273014-d680-4864-8564-dafeaee6178e.json'.
At line:1 char:1
+ Remove-Item -Recurse -Force 'C:\Users\66830\.gemini\antigravity\scrat ...
+ ~~~~~~~~~~~~~~~~~~~~~~~~~~~~~~~~~~~~~~~~~~~~~~~~~~~~~~~~~~~~~~~~~~~~~
    + CategoryInfo          : WriteError: (d5273014-d680-4...feaee6178e.json:FileInfo) [Remove-Item], DirectoryNotFoun 
   dException
    + FullyQualifiedErrorId : RemoveFileSystemItemIOError,Microsoft.PowerShell.Commands.RemoveItemCommand
Remove-Item : Cannot remove item C:\Users\66830\.gemini\antigravity\scratch\antigravity_backup_tmp\antigravity\scratch\
antigravity_backup_tmp\antigravity\scratch\antigravity_backup_tmp\antigravity\brain\0ce654f0-336b-4c93-a589-13c7a49a060
e\.system_generated\messages\e86db5cc-3b1a-4ea6-b177-490e0a77cd7d.json: Could not find a part of the path 
'e86db5cc-3b1a-4ea6-b177-490e0a77cd7d.json'.
At line:1 char:1
+ Remove-Item -Recurse -Force 'C:\Users\66830\.gemini\antigravity\scrat ...
+ ~~~~~~~~~~~~~~~~~~~~~~~~~~~~~~~~~~~~~~~~~~~~~~~~~~~~~~~~~~~~~~~~~~~~~
    + CategoryInfo          : WriteError: (e86db5cc-3b1a-4...0e0a77cd7d.json:FileInfo) [Remove-Item], DirectoryNotFoun 
   dException
    + FullyQualifiedErrorId : RemoveFileSystemItemIOError,Microsoft.PowerShell.Commands.RemoveItemCommand
Remove-Item : Cannot remove item C:\Users\66830\.gemini\antigravity\scratch\antigravity_backup_tmp\antigravity\scratch\
antigravity_backup_tmp\antigravity\scratch\antigravity_backup_tmp\antigravity\brain\0ce654f0-336b-4c93-a589-13c7a49a060
e\.system_generated\messages\f6c32c95-301c-4732-aa6b-291d11005147.json: Could not find a part of the path 
'f6c32c95-301c-4732-aa6b-291d11005147.json'.
At line:1 char:1
+ Remove-Item -Recurse -Force 'C:\Users\66830\.gemini\antigravity\scrat ...
+ ~~~~~~~~~~~~~~~~~~~~~~~~~~~~~~~~~~~~~~~~~~~~~~~~~~~~~~~~~~~~~~~~~~~~~
    + CategoryInfo          : WriteError: (f6c32c95-301c-4...1d11005147.json:FileInfo) [Remove-Item], DirectoryNotFoun 
   dException
    + FullyQualifiedErrorId : RemoveFileSystemItemIOError,Microsoft.PowerShell.Commands.RemoveItemCommand
Remove-Item : Cannot remove item C:\Users\66830\.gemini\antigravity\scratch\antigravity_backup_tmp\antigravity\scratch\
antigravity_backup_tmp\antigravity\scratch\antigravity_backup_tmp\antigravity\brain\0ce654f0-336b-4c93-a589-13c7a49a060
e\.system_generated\messages\f9ebd68b-d764-45c6-ba55-373304a3f7d0.json: Could not find a part of the path 
'f9ebd68b-d764-45c6-ba55-373304a3f7d0.json'.
At line:1 char:1
+ Remove-Item -Recurse -Force 'C:\Users\66830\.gemini\antigravity\scrat ...
+ ~~~~~~~~~~~~~~~~~~~~~~~~~~~~~~~~~~~~~~~~~~~~~~~~~~~~~~~~~~~~~~~~~~~~~
    + CategoryInfo          : WriteError: (f9ebd68b-d764-4...3304a3f7d0.json:FileInfo) [Remove-Item], DirectoryNotFoun 
   dException
    + FullyQualifiedErrorId : RemoveFileSystemItemIOError,Microsoft.PowerShell.Commands.RemoveItemCommand
Remove-Item : Cannot remove item C:\Users\66830\.gemini\antigravity\scratch\antigravity_backup_tmp\antigravity\scratch\
antigravity_backup_tmp\antigravity\scratch\antigravity_backup_tmp\antigravity\brain\0ce654f0-336b-4c93-a589-13c7a49a060
e\.system_generated\messages: The directory is not empty.
At line:1 char:1
+ Remove-Item -Recurse -Force 'C:\Users\66830\.gemini\antigravity\scrat ...
+ ~~~~~~~~~~~~~~~~~~~~~~~~~~~~~~~~~~~~~~~~~~~~~~~~~~~~~~~~~~~~~~~~~~~~~
    + CategoryInfo          : WriteError: (messages:DirectoryInfo) [Remove-Item], IOException
    + FullyQualifiedErrorId : RemoveFileSystemItemIOError,Microsoft.PowerShell.Commands.RemoveItemCommand
Remove-Item : Cannot remove item C:\Users\66830\.gemini\antigravity\scratch\antigravity_backup_tmp\antigravity\scratch\
antigravity_backup_tmp\antigravity\scratch\antigravity_backup_tmp\antigravity\brain\0ce654f0-336b-4c93-a589-13c7a49a060
e\.system_generated: The directory is not empty.
At line:1 char:1
+ Remove-Item -Recurse -Force 'C:\Users\66830\.gemini\antigravity\scrat ...
+ ~~~~~~~~~~~~~~~~~~~~~~~~~~~~~~~~~~~~~~~~~~~~~~~~~~~~~~~~~~~~~~~~~~~~~
    + CategoryInfo          : WriteError: (.system_generated:DirectoryInfo) [Remove-Item], IOException
    + FullyQualifiedErrorId : RemoveFileSystemItemIOError,Microsoft.PowerShell.Commands.RemoveItemCommand
Remove-Item : Cannot remove item C:\Users\66830\.gemini\antigravity\scratch\antigravity_backup_tmp\antigravity\scratch\
antigravity_backup_tmp\antigravity\scratch\antigravity_backup_tmp\antigravity\brain\0ce654f0-336b-4c93-a589-13c7a49a060
e: The directory is not empty.
At line:1 char:1
+ Remove-Item -Recurse -Force 'C:\Users\66830\.gemini\antigravity\scrat ...
+ ~~~~~~~~~~~~~~~~~~~~~~~~~~~~~~~~~~~~~~~~~~~~~~~~~~~~~~~~~~~~~~~~~~~~~
    + CategoryInfo          : WriteError: (0ce654f0-336b-4c93-a589-13c7a49a060e:DirectoryInfo) [Remove-Item], IOExcept 
   ion
    + FullyQualifiedErrorId : RemoveFileSystemItemIOError,Microsoft.PowerShell.Commands.RemoveItemCommand
Remove-Item : Cannot remove item C:\Users\66830\.gemini\antigravity\scratch\antigravity_backup_tmp\antigravity\scratch\
antigravity_backup_tmp\antigravity\scratch\antigravity_backup_tmp\antigravity\brain\10e5aae4-9235-450d-afa0-7f5a4e54c60
9\.system_generated\messages\0157d988-7cef-468b-a5b7-6f36a3416a4d.json: Could not find a part of the path 
'0157d988-7cef-468b-a5b7-6f36a3416a4d.json'.
At line:1 char:1
+ Remove-Item -Recurse -Force 'C:\Users\66830\.gemini\antigravity\scrat ...
+ ~~~~~~~~~~~~~~~~~~~~~~~~~~~~~~~~~~~~~~~~~~~~~~~~~~~~~~~~~~~~~~~~~~~~~
    + CategoryInfo          : WriteError: (0157d988-7cef-4...36a3416a4d.json:FileInfo) [Remove-Item], DirectoryNotFoun 
   dException
    + FullyQualifiedErrorId : RemoveFileSystemItemIOError,Microsoft.PowerShell.Commands.RemoveItemCommand
Remove-Item : Cannot remove item C:\Users\66830\.gemini\antigravity\scratch\antigravity_backup_tmp\antigravity\scratch\
antigravity_backup_tmp\antigravity\scratch\antigravity_backup_tmp\antigravity\brain\10e5aae4-9235-450d-afa0-7f5a4e54c60
9\.system_generated\messages\0b98f5d7-d605-4737-829c-f4584c4e5fc0.json: Could not find a part of the path 
'0b98f5d7-d605-4737-829c-f4584c4e5fc0.json'.
At line:1 char:1
+ Remove-Item -Recurse -Force 'C:\Users\66830\.gemini\antigravity\scrat ...
+ ~~~~~~~~~~~~~~~~~~~~~~~~~~~~~~~~~~~~~~~~~~~~~~~~~~~~~~~~~~~~~~~~~~~~~
    + CategoryInfo          : WriteError: (0b98f5d7-d605-4...584c4e5fc0.json:FileInfo) [Remove-Item], DirectoryNotFoun 
   dException
    + FullyQualifiedErrorId : RemoveFileSystemItemIOError,Microsoft.PowerShell.Commands.RemoveItemCommand
Remove-Item : Cannot remove item C:\Users\66830\.gemini\antigravity\scratch\antigravity_backup_tmp\antigravity\scratch\
antigravity_backup_tmp\antigravity\scratch\antigravity_backup_tmp\antigravity\brain\10e5aae4-9235-450d-afa0-7f5a4e54c60
9\.system_generated\messages\0c898474-5c34-4b3a-ac9f-d863af15fcad.json: Could not find a part of the path 
'0c898474-5c34-4b3a-ac9f-d863af15fcad.json'.
At line:1 char:1
+ Remove-Item -Recurse -Force 'C:\Users\66830\.gemini\antigravity\scrat ...
+ ~~~~~~~~~~~~~~~~~~~~~~~~~~~~~~~~~~~~~~~~~~~~~~~~~~~~~~~~~~~~~~~~~~~~~
    + CategoryInfo          : WriteError: (0c898474-5c34-4...63af15fcad.json:FileInfo) [Remove-Item], DirectoryNotFoun 
   dException
    + FullyQualifiedErrorId : RemoveFileSystemItemIOError,Microsoft.PowerShell.Commands.RemoveItemCommand
Remove-Item : Cannot remove item C:\Users\66830\.gemini\antigravity\scratch\antigravity_backup_tmp\antigravity\scratch\
antigravity_backup_tmp\antigravity\scratch\antigravity_backup_tmp\antigravity\brain\10e5aae4-9235-450d-afa0-7f5a4e54c60
9\.system_generated\messages\10a42798-7ee0-4531-9ef6-46813cf9f7dc.json: Could not find a part of the path 
'10a42798-7ee0-4531-9ef6-46813cf9f7dc.json'.
At line:1 char:1
+ Remove-Item -Recurse -Force 'C:\Users\66830\.gemini\antigravity\scrat ...
+ ~~~~~~~~~~~~~~~~~~~~~~~~~~~~~~~~~~~~~~~~~~~~~~~~~~~~~~~~~~~~~~~~~~~~~
    + CategoryInfo          : WriteError: (10a42798-7ee0-4...813cf9f7dc.json:FileInfo) [Remove-Item], DirectoryNotFoun 
   dException
    + FullyQualifiedErrorId : RemoveFileSystemItemIOError,Microsoft.PowerShell.Commands.RemoveItemCommand
Remove-Item : Cannot remove item C:\Users\66830\.gemini\antigravity\scratch\antigravity_backup_tmp\antigravity\scratch\
antigravity_backup_tmp\antigravity\scratch\antigravity_backup_tmp\antigravity\brain\10e5aae4-9235-450d-afa0-7f5a4e54c60
9\.system_generated\messages\14915d4b-c978-47a2-aaa9-f1203ffebfab.json: Could not find a part of the path 
'14915d4b-c978-47a2-aaa9-f1203ffebfab.json'.
At line:1 char:1
+ Remove-Item -Recurse -Force 'C:\Users\66830\.gemini\antigravity\scrat ...
+ ~~~~~~~~~~~~~~~~~~~~~~~~~~~~~~~~~~~~~~~~~~~~~~~~~~~~~~~~~~~~~~~~~~~~~
    + CategoryInfo          : WriteError: (14915d4b-c978-4...203ffebfab.json:FileInfo) [Remove-Item], DirectoryNotFoun 
   dException
    + FullyQualifiedErrorId : RemoveFileSystemItemIOError,Microsoft.PowerShell.Commands.RemoveItemCommand
Remove-Item : Cannot remove item C:\Users\66830\.gemini\antigravity\scratch\antigravity_backup_tmp\antigravity\scratch\
antigravity_backup_tmp\antigravity\scratch\antigravity_backup_tmp\antigravity\brain\10e5aae4-9235-450d-afa0-7f5a4e54c60
9\.system_generated\messages\14fa7dc0-eb62-4941-b9ef-5c2031b3450a.json: Could not find a part of the path 
'14fa7dc0-eb62-4941-b9ef-5c2031b3450a.json'.
At line:1 char:1
+ Remove-Item -Recurse -Force 'C:\Users\66830\.gemini\antigravity\scrat ...
+ ~~~~~~~~~~~~~~~~~~~~~~~~~~~~~~~~~~~~~~~~~~~~~~~~~~~~~~~~~~~~~~~~~~~~~
    + CategoryInfo          : WriteError: (14fa7dc0-eb62-4...2031b3450a.json:FileInfo) [Remove-Item], DirectoryNotFoun 
   dException
    + FullyQualifiedErrorId : RemoveFileSystemItemIOError,Microsoft.PowerShell.Commands.RemoveItemCommand
Remove-Item : Cannot remove item C:\Users\66830\.gemini\antigravity\scratch\antigravity_backup_tmp\antigravity\scratch\
antigravity_backup_tmp\antigravity\scratch\antigravity_backup_tmp\antigravity\brain\10e5aae4-9235-450d-afa0-7f5a4e54c60
9\.system_generated\messages\1760b227-a616-4403-a890-81439069d37a.json: Could not find a part of the path 
'1760b227-a616-4403-a890-81439069d37a.json'.
At line:1 char:1
+ Remove-Item -Recurse -Force 'C:\Users\66830\.gemini\antigravity\scrat ...
+ ~~~~~~~~~~~~~~~~~~~~~~~~~~~~~~~~~~~~~~~~~~~~~~~~~~~~~~~~~~~~~~~~~~~~~
    + CategoryInfo          : WriteError: (1760b227-a616-4...439069d37a.json:FileInfo) [Remove-Item], DirectoryNotFoun 
   dException
    + FullyQualifiedErrorId : RemoveFileSystemItemIOError,Microsoft.PowerShell.Commands.RemoveItemCommand
Remove-Item : Cannot remove item C:\Users\66830\.gemini\antigravity\scratch\antigravity_backup_tmp\antigravity\scratch\
antigravity_backup_tmp\antigravity\scratch\antigravity_backup_tmp\antigravity\brain\10e5aae4-9235-450d-afa0-7f5a4e54c60
9\.system_generated\messages\1777b2b2-cead-4a43-aab1-d0aa175264f0.json: Could not find a part of the path 
'1777b2b2-cead-4a43-aab1-d0aa175264f0.json'.
At line:1 char:1
+ Remove-Item -Recurse -Force 'C:\Users\66830\.gemini\antigravity\scrat ...
+ ~~~~~~~~~~~~~~~~~~~~~~~~~~~~~~~~~~~~~~~~~~~~~~~~~~~~~~~~~~~~~~~~~~~~~
    + CategoryInfo          : WriteError: (1777b2b2-cead-4...aa175264f0.json:FileInfo) [Remove-Item], DirectoryNotFoun 
   dException
    + FullyQualifiedErrorId : RemoveFileSystemItemIOError,Microsoft.PowerShell.Commands.RemoveItemCommand
Remove-Item : Cannot remove item C:\Users\66830\.gemini\antigravity\scratch\antigravity_backup_tmp\antigravity\scratch\
antigravity_backup_tmp\antigravity\scratch\antigravity_backup_tmp\antigravity\brain\10e5aae4-9235-450d-afa0-7f5a4e54c60
9\.system_generated\messages\1daddc7b-27d1-40ff-99fe-65e2c88b4f76.json: Could not find a part of the path 
'1daddc7b-27d1-40ff-99fe-65e2c88b4f76.json'.
At line:1 char:1
+ Remove-Item -Recurse -Force 'C:\Users\66830\.gemini\antigravity\scrat ...
+ ~~~~~~~~~~~~~~~~~~~~~~~~~~~~~~~~~~~~~~~~~~~~~~~~~~~~~~~~~~~~~~~~~~~~~
    + CategoryInfo          : WriteError: (1daddc7b-27d1-4...e2c88b4f76.json:FileInfo) [Remove-Item], DirectoryNotFoun 
   dException
    + FullyQualifiedErrorId : RemoveFileSystemItemIOError,Microsoft.PowerShell.Commands.RemoveItemCommand
Remove-Item : Cannot remove item C:\Users\66830\.gemini\antigravity\scratch\antigravity_backup_tmp\antigravity\scratch\
antigravity_backup_tmp\antigravity\scratch\antigravity_backup_tmp\antigravity\brain\10e5aae4-9235-450d-afa0-7f5a4e54c60
9\.system_generated\messages\1e63fa53-40b7-432f-843c-70a854b5fd7d.json: Could not find a part of the path 
'1e63fa53-40b7-432f-843c-70a854b5fd7d.json'.
At line:1 char:1
+ Remove-Item -Recurse -Force 'C:\Users\66830\.gemini\antigravity\scrat ...
+ ~~~~~~~~~~~~~~~~~~~~~~~~~~~~~~~~~~~~~~~~~~~~~~~~~~~~~~~~~~~~~~~~~~~~~
    + CategoryInfo          : WriteError: (1e63fa53-40b7-4...a854b5fd7d.json:FileInfo) [Remove-Item], DirectoryNotFoun 
   dException
    + FullyQualifiedErrorId : RemoveFileSystemItemIOError,Microsoft.PowerShell.Commands.RemoveItemCommand
Remove-Item : Cannot remove item C:\Users\66830\.gemini\antigravity\scratch\antigravity_backup_tmp\antigravity\scratch\
antigravity_backup_tmp\antigravity\scratch\antigravity_backup_tmp\antigravity\brain\10e5aae4-9235-450d-afa0-7f5a4e54c60
9\.system_generated\messages\31375454-9eef-4ff0-9c3c-0f682bbf7504.json: Could not find a part of the path 
'31375454-9eef-4ff0-9c3c-0f682bbf7504.json'.
At line:1 char:1
+ Remove-Item -Recurse -Force 'C:\Users\66830\.gemini\antigravity\scrat ...
+ ~~~~~~~~~~~~~~~~~~~~~~~~~~~~~~~~~~~~~~~~~~~~~~~~~~~~~~~~~~~~~~~~~~~~~
    + CategoryInfo          : WriteError: (31375454-9eef-4...682bbf7504.json:FileInfo) [Remove-Item], DirectoryNotFoun 
   dException
    + FullyQualifiedErrorId : RemoveFileSystemItemIOError,Microsoft.PowerShell.Commands.RemoveItemCommand
Remove-Item : Cannot remove item C:\Users\66830\.gemini\antigravity\scratch\antigravity_backup_tmp\antigravity\scratch\
antigravity_backup_tmp\antigravity\scratch\antigravity_backup_tmp\antigravity\brain\10e5aae4-9235-450d-afa0-7f5a4e54c60
9\.system_generated\messages\31e1eb04-824f-4fd0-b757-dc1b1a047d58.json: Could not find a part of the path 
'31e1eb04-824f-4fd0-b757-dc1b1a047d58.json'.
At line:1 char:1
+ Remove-Item -Recurse -Force 'C:\Users\66830\.gemini\antigravity\scrat ...
+ ~~~~~~~~~~~~~~~~~~~~~~~~~~~~~~~~~~~~~~~~~~~~~~~~~~~~~~~~~~~~~~~~~~~~~
    + CategoryInfo          : WriteError: (31e1eb04-824f-4...1b1a047d58.json:FileInfo) [Remove-Item], DirectoryNotFoun 
   dException
    + FullyQualifiedErrorId : RemoveFileSystemItemIOError,Microsoft.PowerShell.Commands.RemoveItemCommand
Remove-Item : Cannot remove item C:\Users\66830\.gemini\antigravity\scratch\antigravity_backup_tmp\antigravity\scratch\
antigravity_backup_tmp\antigravity\scratch\antigravity_backup_tmp\antigravity\brain\10e5aae4-9235-450d-afa0-7f5a4e54c60
9\.system_generated\messages\33121d97-9cad-41ed-a135-e7ef985bfc90.json: Could not find a part of the path 
'33121d97-9cad-41ed-a135-e7ef985bfc90.json'.
At line:1 char:1
+ Remove-Item -Recurse -Force 'C:\Users\66830\.gemini\antigravity\scrat ...
+ ~~~~~~~~~~~~~~~~~~~~~~~~~~~~~~~~~~~~~~~~~~~~~~~~~~~~~~~~~~~~~~~~~~~~~
    + CategoryInfo          : WriteError: (33121d97-9cad-4...ef985bfc90.json:FileInfo) [Remove-Item], DirectoryNotFoun 
   dException
    + FullyQualifiedErrorId : RemoveFileSystemItemIOError,Microsoft.PowerShell.Commands.RemoveItemCommand
Remove-Item : Cannot remove item C:\Users\66830\.gemini\antigravity\scratch\antigravity_backup_tmp\antigravity\scratch\
antigravity_backup_tmp\antigravity\scratch\antigravity_backup_tmp\antigravity\brain\10e5aae4-9235-450d-afa0-7f5a4e54c60
9\.system_generated\messages\3670c3b7-9669-41f4-9ac5-258b6399c8ac.json: Could not find a part of the path 
'3670c3b7-9669-41f4-9ac5-258b6399c8ac.json'.
At line:1 char:1
+ Remove-Item -Recurse -Force 'C:\Users\66830\.gemini\antigravity\scrat ...
+ ~~~~~~~~~~~~~~~~~~~~~~~~~~~~~~~~~~~~~~~~~~~~~~~~~~~~~~~~~~~~~~~~~~~~~
    + CategoryInfo          : WriteError: (3670c3b7-9669-4...8b6399c8ac.json:FileInfo) [Remove-Item], DirectoryNotFoun 
   dException
    + FullyQualifiedErrorId : RemoveFileSystemItemIOError,Microsoft.PowerShell.Commands.RemoveItemCommand
Remove-Item : Cannot remove item C:\Users\66830\.gemini\antigravity\scratch\antigravity_backup_tmp\antigravity\scratch\
antigravity_backup_tmp\antigravity\scratch\antigravity_backup_tmp\antigravity\brain\10e5aae4-9235-450d-afa0-7f5a4e54c60
9\.system_generated\messages\3e6066f8-5c9b-4ad7-a2a0-3fc2f2041c5d.json: Could not find a part of the path 
'3e6066f8-5c9b-4ad7-a2a0-3fc2f2041c5d.json'.
At line:1 char:1
+ Remove-Item -Recurse -Force 'C:\Users\66830\.gemini\antigravity\scrat ...
+ ~~~~~~~~~~~~~~~~~~~~~~~~~~~~~~~~~~~~~~~~~~~~~~~~~~~~~~~~~~~~~~~~~~~~~
    + CategoryInfo          : WriteError: (3e6066f8-5c9b-4...c2f2041c5d.json:FileInfo) [Remove-Item], DirectoryNotFoun 
   dException
    + FullyQualifiedErrorId : RemoveFileSystemItemIOError,Microsoft.PowerShell.Commands.RemoveItemCommand
Remove-Item : Cannot remove item C:\Users\66830\.gemini\antigravity\scratch\antigravity_backup_tmp\antigravity\scratch\
antigravity_backup_tmp\antigravity\scratch\antigravity_backup_tmp\antigravity\brain\10e5aae4-9235-450d-afa0-7f5a4e54c60
9\.system_generated\messages\426f2f09-5ac0-4f7b-a522-97f081ead330.json: Could not find a part of the path 
'426f2f09-5ac0-4f7b-a522-97f081ead330.json'.
At line:1 char:1
+ Remove-Item -Recurse -Force 'C:\Users\66830\.gemini\antigravity\scrat ...
+ ~~~~~~~~~~~~~~~~~~~~~~~~~~~~~~~~~~~~~~~~~~~~~~~~~~~~~~~~~~~~~~~~~~~~~
    + CategoryInfo          : WriteError: (426f2f09-5ac0-4...f081ead330.json:FileInfo) [Remove-Item], DirectoryNotFoun 
   dException
    + FullyQualifiedErrorId : RemoveFileSystemItemIOError,Microsoft.PowerShell.Commands.RemoveItemCommand
Remove-Item : Cannot remove item C:\Users\66830\.gemini\antigravity\scratch\antigravity_backup_tmp\antigravity\scratch\
antigravity_backup_tmp\antigravity\scratch\antigravity_backup_tmp\antigravity\brain\10e5aae4-9235-450d-afa0-7f5a4e54c60
9\.system_generated\messages\43764578-ed7a-4c76-9f1a-fbaa5121142c.json: Could not find a part of the path 
'43764578-ed7a-4c76-9f1a-fbaa5121142c.json'.
At line:1 char:1
+ Remove-Item -Recurse -Force 'C:\Users\66830\.gemini\antigravity\scrat ...
+ ~~~~~~~~~~~~~~~~~~~~~~~~~~~~~~~~~~~~~~~~~~~~~~~~~~~~~~~~~~~~~~~~~~~~~
    + CategoryInfo          : WriteError: (43764578-ed7a-4...aa5121142c.json:FileInfo) [Remove-Item], DirectoryNotFoun 
   dException
    + FullyQualifiedErrorId : RemoveFileSystemItemIOError,Microsoft.PowerShell.Commands.RemoveItemCommand
Remove-Item : Cannot remove item C:\Users\66830\.gemini\antigravity\scratch\antigravity_backup_tmp\antigravity\scratch\
antigravity_backup_tmp\antigravity\scratch\antigravity_backup_tmp\antigravity\brain\10e5aae4-9235-450d-afa0-7f5a4e54c60
9\.system_generated\messages\5f6990d0-da54-41b7-8957-91f9338b9942.json: Could not find a part of the path 
'5f6990d0-da54-41b7-8957-91f9338b9942.json'.
At line:1 char:1
+ Remove-Item -Recurse -Force 'C:\Users\66830\.gemini\antigravity\scrat ...
+ ~~~~~~~~~~~~~~~~~~~~~~~~~~~~~~~~~~~~~~~~~~~~~~~~~~~~~~~~~~~~~~~~~~~~~
    + CategoryInfo          : WriteError: (5f6990d0-da54-4...f9338b9942.json:FileInfo) [Remove-Item], DirectoryNotFoun 
   dException
    + FullyQualifiedErrorId : RemoveFileSystemItemIOError,Microsoft.PowerShell.Commands.RemoveItemCommand
Remove-Item : Cannot remove item C:\Users\66830\.gemini\antigravity\scratch\antigravity_backup_tmp\antigravity\scratch\
antigravity_backup_tmp\antigravity\scratch\antigravity_backup_tmp\antigravity\brain\10e5aae4-9235-450d-afa0-7f5a4e54c60
9\.system_generated\messages\61188d36-ba47-48b2-99c2-b4be683a80b8.json: Could not find a part of the path 
'61188d36-ba47-48b2-99c2-b4be683a80b8.json'.
At line:1 char:1
+ Remove-Item -Recurse -Force 'C:\Users\66830\.gemini\antigravity\scrat ...
+ ~~~~~~~~~~~~~~~~~~~~~~~~~~~~~~~~~~~~~~~~~~~~~~~~~~~~~~~~~~~~~~~~~~~~~
    + CategoryInfo          : WriteError: (61188d36-ba47-4...be683a80b8.json:FileInfo) [Remove-Item], DirectoryNotFoun 
   dException
    + FullyQualifiedErrorId : RemoveFileSystemItemIOError,Microsoft.PowerShell.Commands.RemoveItemCommand
Remove-Item : Cannot remove item C:\Users\66830\.gemini\antigravity\scratch\antigravity_backup_tmp\antigravity\scratch\
antigravity_backup_tmp\antigravity\scratch\antigravity_backup_tmp\antigravity\brain\10e5aae4-9235-450d-afa0-7f5a4e54c60
9\.system_generated\messages\63756882-0624-433b-8c6a-f29255065ea4.json: Could not find a part of the path 
'63756882-0624-433b-8c6a-f29255065ea4.json'.
At line:1 char:1
+ Remove-Item -Recurse -Force 'C:\Users\66830\.gemini\antigravity\scrat ...
+ ~~~~~~~~~~~~~~~~~~~~~~~~~~~~~~~~~~~~~~~~~~~~~~~~~~~~~~~~~~~~~~~~~~~~~
    + CategoryInfo          : WriteError: (63756882-0624-4...9255065ea4.json:FileInfo) [Remove-Item], DirectoryNotFoun 
   dException
    + FullyQualifiedErrorId : RemoveFileSystemItemIOError,Microsoft.PowerShell.Commands.RemoveItemCommand
Remove-Item : Cannot remove item C:\Users\66830\.gemini\antigravity\scratch\antigravity_backup_tmp\antigravity\scratch\
antigravity_backup_tmp\antigravity\scratch\antigravity_backup_tmp\antigravity\brain\10e5aae4-9235-450d-afa0-7f5a4e54c60
9\.system_generated\messages\67f1f429-1b1e-4123-acd0-c26cabf4817c.json: Could not find a part of the path 
'67f1f429-1b1e-4123-acd0-c26cabf4817c.json'.
At line:1 char:1
+ Remove-Item -Recurse -Force 'C:\Users\66830\.gemini\antigravity\scrat ...
+ ~~~~~~~~~~~~~~~~~~~~~~~~~~~~~~~~~~~~~~~~~~~~~~~~~~~~~~~~~~~~~~~~~~~~~
    + CategoryInfo          : WriteError: (67f1f429-1b1e-4...6cabf4817c.json:FileInfo) [Remove-Item], DirectoryNotFoun 
   dException
    + FullyQualifiedErrorId : RemoveFileSystemItemIOError,Microsoft.PowerShell.Commands.RemoveItemCommand
Remove-Item : Cannot remove item C:\Users\66830\.gemini\antigravity\scratch\antigravity_backup_tmp\antigravity\scratch\
antigravity_backup_tmp\antigravity\scratch\antigravity_backup_tmp\antigravity\brain\10e5aae4-9235-450d-afa0-7f5a4e54c60
9\.system_generated\messages\6a75cb5a-ca5d-44e1-b560-5d0f778b886e.json: Could not find a part of the path 
'6a75cb5a-ca5d-44e1-b560-5d0f778b886e.json'.
At line:1 char:1
+ Remove-Item -Recurse -Force 'C:\Users\66830\.gemini\antigravity\scrat ...
+ ~~~~~~~~~~~~~~~~~~~~~~~~~~~~~~~~~~~~~~~~~~~~~~~~~~~~~~~~~~~~~~~~~~~~~
    + CategoryInfo          : WriteError: (6a75cb5a-ca5d-4...0f778b886e.json:FileInfo) [Remove-Item], DirectoryNotFoun 
   dException
    + FullyQualifiedErrorId : RemoveFileSystemItemIOError,Microsoft.PowerShell.Commands.RemoveItemCommand
Remove-Item : Cannot remove item C:\Users\66830\.gemini\antigravity\scratch\antigravity_backup_tmp\antigravity\scratch\
antigravity_backup_tmp\antigravity\scratch\antigravity_backup_tmp\antigravity\brain\10e5aae4-9235-450d-afa0-7f5a4e54c60
9\.system_generated\messages\6a8b3c8d-c1c3-4011-86f1-5b27dbbb97d2.json: Could not find a part of the path 
'6a8b3c8d-c1c3-4011-86f1-5b27dbbb97d2.json'.
At line:1 char:1
+ Remove-Item -Recurse -Force 'C:\Users\66830\.gemini\antigravity\scrat ...
+ ~~~~~~~~~~~~~~~~~~~~~~~~~~~~~~~~~~~~~~~~~~~~~~~~~~~~~~~~~~~~~~~~~~~~~
    + CategoryInfo          : WriteError: (6a8b3c8d-c1c3-4...27dbbb97d2.json:FileInfo) [Remove-Item], DirectoryNotFoun 
   dException
    + FullyQualifiedErrorId : RemoveFileSystemItemIOError,Microsoft.PowerShell.Commands.RemoveItemCommand
Remove-Item : Cannot remove item C:\Users\66830\.gemini\antigravity\scratch\antigravity_backup_tmp\antigravity\scratch\
antigravity_backup_tmp\antigravity\scratch\antigravity_backup_tmp\antigravity\brain\10e5aae4-9235-450d-afa0-7f5a4e54c60
9\.system_generated\messages\6ead3959-7d2c-4583-9197-ae6a016b2f6d.json: Could not find a part of the path 
'6ead3959-7d2c-4583-9197-ae6a016b2f6d.json'.
At line:1 char:1
+ Remove-Item -Recurse -Force 'C:\Users\66830\.gemini\antigravity\scrat ...
+ ~~~~~~~~~~~~~~~~~~~~~~~~~~~~~~~~~~~~~~~~~~~~~~~~~~~~~~~~~~~~~~~~~~~~~
    + CategoryInfo          : WriteError: (6ead3959-7d2c-4...6a016b2f6d.json:FileInfo) [Remove-Item], DirectoryNotFoun 
   dException
    + FullyQualifiedErrorId : RemoveFileSystemItemIOError,Microsoft.PowerShell.Commands.RemoveItemCommand
Remove-Item : Cannot remove item C:\Users\66830\.gemini\antigravity\scratch\antigravity_backup_tmp\antigravity\scratch\
antigravity_backup_tmp\antigravity\scratch\antigravity_backup_tmp\antigravity\brain\10e5aae4-9235-450d-afa0-7f5a4e54c60
9\.system_generated\messages\7a12c986-9f18-4274-88e6-48ef5a9685ec.json: Could not find a part of the path 
'7a12c986-9f18-4274-88e6-48ef5a9685ec.json'.
At line:1 char:1
+ Remove-Item -Recurse -Force 'C:\Users\66830\.gemini\antigravity\scrat ...
+ ~~~~~~~~~~~~~~~~~~~~~~~~~~~~~~~~~~~~~~~~~~~~~~~~~~~~~~~~~~~~~~~~~~~~~
    + CategoryInfo          : WriteError: (7a12c986-9f18-4...ef5a9685ec.json:FileInfo) [Remove-Item], DirectoryNotFoun 
   dException
    + FullyQualifiedErrorId : RemoveFileSystemItemIOError,Microsoft.PowerShell.Commands.RemoveItemCommand
Remove-Item : Cannot remove item C:\Users\66830\.gemini\antigravity\scratch\antigravity_backup_tmp\antigravity\scratch\
antigravity_backup_tmp\antigravity\scratch\antigravity_backup_tmp\antigravity\brain\10e5aae4-9235-450d-afa0-7f5a4e54c60
9\.system_generated\messages\7b2ed3f4-7eac-45af-b595-3da1cd34940f.json: Could not find a part of the path 
'7b2ed3f4-7eac-45af-b595-3da1cd34940f.json'.
At line:1 char:1
+ Remove-Item -Recurse -Force 'C:\Users\66830\.gemini\antigravity\scrat ...
+ ~~~~~~~~~~~~~~~~~~~~~~~~~~~~~~~~~~~~~~~~~~~~~~~~~~~~~~~~~~~~~~~~~~~~~
    + CategoryInfo          : WriteError: (7b2ed3f4-7eac-4...a1cd34940f.json:FileInfo) [Remove-Item], DirectoryNotFoun 
   dException
    + FullyQualifiedErrorId : RemoveFileSystemItemIOError,Microsoft.PowerShell.Commands.RemoveItemCommand
Remove-Item : Cannot remove item C:\Users\66830\.gemini\antigravity\scratch\antigravity_backup_tmp\antigravity\scratch\
antigravity_backup_tmp\antigravity\scratch\antigravity_backup_tmp\antigravity\brain\10e5aae4-9235-450d-afa0-7f5a4e54c60
9\.system_generated\messages\83c7cd76-f553-4f8e-9413-4a60fb2b4750.json: Could not find a part of the path 
'83c7cd76-f553-4f8e-9413-4a60fb2b4750.json'.
At line:1 char:1
+ Remove-Item -Recurse -Force 'C:\Users\66830\.gemini\antigravity\scrat ...
+ ~~~~~~~~~~~~~~~~~~~~~~~~~~~~~~~~~~~~~~~~~~~~~~~~~~~~~~~~~~~~~~~~~~~~~
    + CategoryInfo          : WriteError: (83c7cd76-f553-4...60fb2b4750.json:FileInfo) [Remove-Item], DirectoryNotFoun 
   dException
    + FullyQualifiedErrorId : RemoveFileSystemItemIOError,Microsoft.PowerShell.Commands.RemoveItemCommand
Remove-Item : Cannot remove item C:\Users\66830\.gemini\antigravity\scratch\antigravity_backup_tmp\antigravity\scratch\
antigravity_backup_tmp\antigravity\scratch\antigravity_backup_tmp\antigravity\brain\10e5aae4-9235-450d-afa0-7f5a4e54c60
9\.system_generated\messages\83def780-7471-4557-9055-70ed47bbb683.json: Could not find a part of the path 
'83def780-7471-4557-9055-70ed47bbb683.json'.
At line:1 char:1
+ Remove-Item -Recurse -Force 'C:\Users\66830\.gemini\antigravity\scrat ...
+ ~~~~~~~~~~~~~~~~~~~~~~~~~~~~~~~~~~~~~~~~~~~~~~~~~~~~~~~~~~~~~~~~~~~~~
    + CategoryInfo          : WriteError: (83def780-7471-4...ed47bbb683.json:FileInfo) [Remove-Item], DirectoryNotFoun 
   dException
    + FullyQualifiedErrorId : RemoveFileSystemItemIOError,Microsoft.PowerShell.Commands.RemoveItemCommand
Remove-Item : Cannot remove item C:\Users\66830\.gemini\antigravity\scratch\antigravity_backup_tmp\antigravity\scratch\
antigravity_backup_tmp\antigravity\scratch\antigravity_backup_tmp\antigravity\brain\10e5aae4-9235-450d-afa0-7f5a4e54c60
9\.system_generated\messages\87b81b3a-f147-4479-9c65-a56c53ff3ed2.json: Could not find a part of the path 
'87b81b3a-f147-4479-9c65-a56c53ff3ed2.json'.
At line:1 char:1
+ Remove-Item -Recurse -Force 'C:\Users\66830\.gemini\antigravity\scrat ...
+ ~~~~~~~~~~~~~~~~~~~~~~~~~~~~~~~~~~~~~~~~~~~~~~~~~~~~~~~~~~~~~~~~~~~~~
    + CategoryInfo          : WriteError: (87b81b3a-f147-4...6c53ff3ed2.json:FileInfo) [Remove-Item], DirectoryNotFoun 
   dException
    + FullyQualifiedErrorId : RemoveFileSystemItemIOError,Microsoft.PowerShell.Commands.RemoveItemCommand
Remove-Item : Cannot remove item C:\Users\66830\.gemini\antigravity\scratch\antigravity_backup_tmp\antigravity\scratch\
antigravity_backup_tmp\antigravity\scratch\antigravity_backup_tmp\antigravity\brain\10e5aae4-9235-450d-afa0-7f5a4e54c60
9\.system_generated\messages\89218fd8-210b-4f0f-bf6f-14e1fbac5f9a.json: Could not find a part of the path 
'89218fd8-210b-4f0f-bf6f-14e1fbac5f9a.json'.
At line:1 char:1
+ Remove-Item -Recurse -Force 'C:\Users\66830\.gemini\antigravity\scrat ...
+ ~~~~~~~~~~~~~~~~~~~~~~~~~~~~~~~~~~~~~~~~~~~~~~~~~~~~~~~~~~~~~~~~~~~~~
    + CategoryInfo          : WriteError: (89218fd8-210b-4...e1fbac5f9a.json:FileInfo) [Remove-Item], DirectoryNotFoun 
   dException
    + FullyQualifiedErrorId : RemoveFileSystemItemIOError,Microsoft.PowerShell.Commands.RemoveItemCommand
Remove-Item : Cannot remove item C:\Users\66830\.gemini\antigravity\scratch\antigravity_backup_tmp\antigravity\scratch\
antigravity_backup_tmp\antigravity\scratch\antigravity_backup_tmp\antigravity\brain\10e5aae4-9235-450d-afa0-7f5a4e54c60
9\.system_generated\messages\892dadcf-8d9c-496d-941e-3e632a056dc9.json: Could not find a part of the path 
'892dadcf-8d9c-496d-941e-3e632a056dc9.json'.
At line:1 char:1
+ Remove-Item -Recurse -Force 'C:\Users\66830\.gemini\antigravity\scrat ...
+ ~~~~~~~~~~~~~~~~~~~~~~~~~~~~~~~~~~~~~~~~~~~~~~~~~~~~~~~~~~~~~~~~~~~~~
    + CategoryInfo          : WriteError: (892dadcf-8d9c-4...632a056dc9.json:FileInfo) [Remove-Item], DirectoryNotFoun 
   dException
    + FullyQualifiedErrorId : RemoveFileSystemItemIOError,Microsoft.PowerShell.Commands.RemoveItemCommand
Remove-Item : Cannot remove item C:\Users\66830\.gemini\antigravity\scratch\antigravity_backup_tmp\antigravity\scratch\
antigravity_backup_tmp\antigravity\scratch\antigravity_backup_tmp\antigravity\brain\10e5aae4-9235-450d-afa0-7f5a4e54c60
9\.system_generated\messages\8ccfefa0-dc0a-4583-99c5-e7349d2f6625.json: Could not find a part of the path 
'8ccfefa0-dc0a-4583-99c5-e7349d2f6625.json'.
At line:1 char:1
+ Remove-Item -Recurse -Force 'C:\Users\66830\.gemini\antigravity\scrat ...
+ ~~~~~~~~~~~~~~~~~~~~~~~~~~~~~~~~~~~~~~~~~~~~~~~~~~~~~~~~~~~~~~~~~~~~~
    + CategoryInfo          : WriteError: (8ccfefa0-dc0a-4...349d2f6625.json:FileInfo) [Remove-Item], DirectoryNotFoun 
   dException
    + FullyQualifiedErrorId : RemoveFileSystemItemIOError,Microsoft.PowerShell.Commands.RemoveItemCommand
Remove-Item : Cannot remove item C:\Users\66830\.gemini\antigravity\scratch\antigravity_backup_tmp\antigravity\scratch\
antigravity_backup_tmp\antigravity\scratch\antigravity_backup_tmp\antigravity\brain\10e5aae4-9235-450d-afa0-7f5a4e54c60
9\.system_generated\messages\9240dda1-f680-41e0-89b5-66964ac5db86.json: Could not find a part of the path 
'9240dda1-f680-41e0-89b5-66964ac5db86.json'.
At line:1 char:1
+ Remove-Item -Recurse -Force 'C:\Users\66830\.gemini\antigravity\scrat ...
+ ~~~~~~~~~~~~~~~~~~~~~~~~~~~~~~~~~~~~~~~~~~~~~~~~~~~~~~~~~~~~~~~~~~~~~
    + CategoryInfo          : WriteError: (9240dda1-f680-4...964ac5db86.json:FileInfo) [Remove-Item], DirectoryNotFoun 
   dException
    + FullyQualifiedErrorId : RemoveFileSystemItemIOError,Microsoft.PowerShell.Commands.RemoveItemCommand
Remove-Item : Cannot remove item C:\Users\66830\.gemini\antigravity\scratch\antigravity_backup_tmp\antigravity\scratch\
antigravity_backup_tmp\antigravity\scratch\antigravity_backup_tmp\antigravity\brain\10e5aae4-9235-450d-afa0-7f5a4e54c60
9\.system_generated\messages\94144e05-17ea-4151-842f-6ad07728ee37.json: Could not find a part of the path 
'94144e05-17ea-4151-842f-6ad07728ee37.json'.
At line:1 char:1
+ Remove-Item -Recurse -Force 'C:\Users\66830\.gemini\antigravity\scrat ...
+ ~~~~~~~~~~~~~~~~~~~~~~~~~~~~~~~~~~~~~~~~~~~~~~~~~~~~~~~~~~~~~~~~~~~~~
    + CategoryInfo          : WriteError: (94144e05-17ea-4...d07728ee37.json:FileInfo) [Remove-Item], DirectoryNotFoun 
   dException
    + FullyQualifiedErrorId : RemoveFileSystemItemIOError,Microsoft.PowerShell.Commands.RemoveItemCommand
Remove-Item : Cannot remove item C:\Users\66830\.gemini\antigravity\scratch\antigravity_backup_tmp\antigravity\scratch\
antigravity_backup_tmp\antigravity\scratch\antigravity_backup_tmp\antigravity\brain\10e5aae4-9235-450d-afa0-7f5a4e54c60
9\.system_generated\messages\98ec4379-c3cf-4ba5-9794-bf6c1db981ac.json: Could not find a part of the path 
'98ec4379-c3cf-4ba5-9794-bf6c1db981ac.json'.
At line:1 char:1
+ Remove-Item -Recurse -Force 'C:\Users\66830\.gemini\antigravity\scrat ...
+ ~~~~~~~~~~~~~~~~~~~~~~~~~~~~~~~~~~~~~~~~~~~~~~~~~~~~~~~~~~~~~~~~~~~~~
    + CategoryInfo          : WriteError: (98ec4379-c3cf-4...6c1db981ac.json:FileInfo) [Remove-Item], DirectoryNotFoun 
   dException
    + FullyQualifiedErrorId : RemoveFileSystemItemIOError,Microsoft.PowerShell.Commands.RemoveItemCommand
Remove-Item : Cannot remove item C:\Users\66830\.gemini\antigravity\scratch\antigravity_backup_tmp\antigravity\scratch\
antigravity_backup_tmp\antigravity\scratch\antigravity_backup_tmp\antigravity\brain\10e5aae4-9235-450d-afa0-7f5a4e54c60
9\.system_generated\messages\9b91c694-58cf-4c65-85f8-6d7e27ce02a1.json: Could not find a part of the path 
'9b91c694-58cf-4c65-85f8-6d7e27ce02a1.json'.
At line:1 char:1
+ Remove-Item -Recurse -Force 'C:\Users\66830\.gemini\antigravity\scrat ...
+ ~~~~~~~~~~~~~~~~~~~~~~~~~~~~~~~~~~~~~~~~~~~~~~~~~~~~~~~~~~~~~~~~~~~~~
    + CategoryInfo          : WriteError: (9b91c694-58cf-4...7e27ce02a1.json:FileInfo) [Remove-Item], DirectoryNotFoun 
   dException
    + FullyQualifiedErrorId : RemoveFileSystemItemIOError,Microsoft.PowerShell.Commands.RemoveItemCommand
Remove-Item : Cannot remove item C:\Users\66830\.gemini\antigravity\scratch\antigravity_backup_tmp\antigravity\scratch\
antigravity_backup_tmp\antigravity\scratch\antigravity_backup_tmp\antigravity\brain\10e5aae4-9235-450d-afa0-7f5a4e54c60
9\.system_generated\messages\9fc90773-5ec6-4f06-907f-a974f7e947fc.json: Could not find a part of the path 
'9fc90773-5ec6-4f06-907f-a974f7e947fc.json'.
At line:1 char:1
+ Remove-Item -Recurse -Force 'C:\Users\66830\.gemini\antigravity\scrat ...
+ ~~~~~~~~~~~~~~~~~~~~~~~~~~~~~~~~~~~~~~~~~~~~~~~~~~~~~~~~~~~~~~~~~~~~~
    + CategoryInfo          : WriteError: (9fc90773-5ec6-4...74f7e947fc.json:FileInfo) [Remove-Item], DirectoryNotFoun 
   dException
    + FullyQualifiedErrorId : RemoveFileSystemItemIOError,Microsoft.PowerShell.Commands.RemoveItemCommand
Remove-Item : Cannot remove item C:\Users\66830\.gemini\antigravity\scratch\antigravity_backup_tmp\antigravity\scratch\
antigravity_backup_tmp\antigravity\scratch\antigravity_backup_tmp\antigravity\brain\10e5aae4-9235-450d-afa0-7f5a4e54c60
9\.system_generated\messages\a4aec986-e14c-49ca-8d3d-ca15feb951ca.json: Could not find a part of the path 
'a4aec986-e14c-49ca-8d3d-ca15feb951ca.json'.
At line:1 char:1
+ Remove-Item -Recurse -Force 'C:\Users\66830\.gemini\antigravity\scrat ...
+ ~~~~~~~~~~~~~~~~~~~~~~~~~~~~~~~~~~~~~~~~~~~~~~~~~~~~~~~~~~~~~~~~~~~~~
    + CategoryInfo          : WriteError: (a4aec986-e14c-4...15feb951ca.json:FileInfo) [Remove-Item], DirectoryNotFoun 
   dException
    + FullyQualifiedErrorId : RemoveFileSystemItemIOError,Microsoft.PowerShell.Commands.RemoveItemCommand
Remove-Item : Cannot remove item C:\Users\66830\.gemini\antigravity\scratch\antigravity_backup_tmp\antigravity\scratch\
antigravity_backup_tmp\antigravity\scratch\antigravity_backup_tmp\antigravity\brain\10e5aae4-9235-450d-afa0-7f5a4e54c60
9\.system_generated\messages\aa4090fa-d779-45bd-a5a4-4e57b5a6bb71.json: Could not find a part of the path 
'aa4090fa-d779-45bd-a5a4-4e57b5a6bb71.json'.
At line:1 char:1
+ Remove-Item -Recurse -Force 'C:\Users\66830\.gemini\antigravity\scrat ...
+ ~~~~~~~~~~~~~~~~~~~~~~~~~~~~~~~~~~~~~~~~~~~~~~~~~~~~~~~~~~~~~~~~~~~~~
    + CategoryInfo          : WriteError: (aa4090fa-d779-4...57b5a6bb71.json:FileInfo) [Remove-Item], DirectoryNotFoun 
   dException
    + FullyQualifiedErrorId : RemoveFileSystemItemIOError,Microsoft.PowerShell.Commands.RemoveItemCommand
Remove-Item : Cannot remove item C:\Users\66830\.gemini\antigravity\scratch\antigravity_backup_tmp\antigravity\scratch\
antigravity_backup_tmp\antigravity\scratch\antigravity_backup_tmp\antigravity\brain\10e5aae4-9235-450d-afa0-7f5a4e54c60
9\.system_generated\messages\bbd7aa70-6c75-43f1-95b0-6b8eef52acda.json: Could not find a part of the path 
'bbd7aa70-6c75-43f1-95b0-6b8eef52acda.json'.
At line:1 char:1
+ Remove-Item -Recurse -Force 'C:\Users\66830\.gemini\antigravity\scrat ...
+ ~~~~~~~~~~~~~~~~~~~~~~~~~~~~~~~~~~~~~~~~~~~~~~~~~~~~~~~~~~~~~~~~~~~~~
    + CategoryInfo          : WriteError: (bbd7aa70-6c75-4...8eef52acda.json:FileInfo) [Remove-Item], DirectoryNotFoun 
   dException
    + FullyQualifiedErrorId : RemoveFileSystemItemIOError,Microsoft.PowerShell.Commands.RemoveItemCommand
Remove-Item : Cannot remove item C:\Users\66830\.gemini\antigravity\scratch\antigravity_backup_tmp\antigravity\scratch\
antigravity_backup_tmp\antigravity\scratch\antigravity_backup_tmp\antigravity\brain\10e5aae4-9235-450d-afa0-7f5a4e54c60
9\.system_generated\messages\bef52048-0fb4-44a6-bbae-cf3568d4e467.json: Could not find a part of the path 
'bef52048-0fb4-44a6-bbae-cf3568d4e467.json'.
At line:1 char:1
+ Remove-Item -Recurse -Force 'C:\Users\66830\.gemini\antigravity\scrat ...
+ ~~~~~~~~~~~~~~~~~~~~~~~~~~~~~~~~~~~~~~~~~~~~~~~~~~~~~~~~~~~~~~~~~~~~~
    + CategoryInfo          : WriteError: (bef52048-0fb4-4...3568d4e467.json:FileInfo) [Remove-Item], DirectoryNotFoun 
   dException
    + FullyQualifiedErrorId : RemoveFileSystemItemIOError,Microsoft.PowerShell.Commands.RemoveItemCommand
Remove-Item : Cannot remove item C:\Users\66830\.gemini\antigravity\scratch\antigravity_backup_tmp\antigravity\scratch\
antigravity_backup_tmp\antigravity\scratch\antigravity_backup_tmp\antigravity\brain\10e5aae4-9235-450d-afa0-7f5a4e54c60
9\.system_generated\messages\c1945163-eae7-4210-bf3c-3c8f90a6c759.json: Could not find a part of the path 
'c1945163-eae7-4210-bf3c-3c8f90a6c759.json'.
At line:1 char:1
+ Remove-Item -Recurse -Force 'C:\Users\66830\.gemini\antigravity\scrat ...
+ ~~~~~~~~~~~~~~~~~~~~~~~~~~~~~~~~~~~~~~~~~~~~~~~~~~~~~~~~~~~~~~~~~~~~~
    + CategoryInfo          : WriteError: (c1945163-eae7-4...8f90a6c759.json:FileInfo) [Remove-Item], DirectoryNotFoun 
   dException
    + FullyQualifiedErrorId : RemoveFileSystemItemIOError,Microsoft.PowerShell.Commands.RemoveItemCommand
Remove-Item : Cannot remove item C:\Users\66830\.gemini\antigravity\scratch\antigravity_backup_tmp\antigravity\scratch\
antigravity_backup_tmp\antigravity\scratch\antigravity_backup_tmp\antigravity\brain\10e5aae4-9235-450d-afa0-7f5a4e54c60
9\.system_generated\messages\c2806f49-ac2d-4811-8ea6-484be0749c9c.json: Could not find a part of the path 
'c2806f49-ac2d-4811-8ea6-484be0749c9c.json'.
At line:1 char:1
+ Remove-Item -Recurse -Force 'C:\Users\66830\.gemini\antigravity\scrat ...
+ ~~~~~~~~~~~~~~~~~~~~~~~~~~~~~~~~~~~~~~~~~~~~~~~~~~~~~~~~~~~~~~~~~~~~~
    + CategoryInfo          : WriteError: (c2806f49-ac2d-4...4be0749c9c.json:FileInfo) [Remove-Item], DirectoryNotFoun 
   dException
    + FullyQualifiedErrorId : RemoveFileSystemItemIOError,Microsoft.PowerShell.Commands.RemoveItemCommand
Remove-Item : Cannot remove item C:\Users\66830\.gemini\antigravity\scratch\antigravity_backup_tmp\antigravity\scratch\
antigravity_backup_tmp\antigravity\scratch\antigravity_backup_tmp\antigravity\brain\10e5aae4-9235-450d-afa0-7f5a4e54c60
9\.system_generated\messages\cc85b690-4048-4d4b-b36d-e2c8dbb1bca3.json: Could not find a part of the path 
'cc85b690-4048-4d4b-b36d-e2c8dbb1bca3.json'.
At line:1 char:1
+ Remove-Item -Recurse -Force 'C:\Users\66830\.gemini\antigravity\scrat ...
+ ~~~~~~~~~~~~~~~~~~~~~~~~~~~~~~~~~~~~~~~~~~~~~~~~~~~~~~~~~~~~~~~~~~~~~
    + CategoryInfo          : WriteError: (cc85b690-4048-4...c8dbb1bca3.json:FileInfo) [Remove-Item], DirectoryNotFoun 
   dException
    + FullyQualifiedErrorId : RemoveFileSystemItemIOError,Microsoft.PowerShell.Commands.RemoveItemCommand
Remove-Item : Cannot remove item C:\Users\66830\.gemini\antigravity\scratch\antigravity_backup_tmp\antigravity\scratch\
antigravity_backup_tmp\antigravity\scratch\antigravity_backup_tmp\antigravity\brain\10e5aae4-9235-450d-afa0-7f5a4e54c60
9\.system_generated\messages\cdd42b9d-6235-4adc-a457-744a002845cc.json: Could not find a part of the path 
'cdd42b9d-6235-4adc-a457-744a002845cc.json'.
At line:1 char:1
+ Remove-Item -Recurse -Force 'C:\Users\66830\.gemini\antigravity\scrat ...
+ ~~~~~~~~~~~~~~~~~~~~~~~~~~~~~~~~~~~~~~~~~~~~~~~~~~~~~~~~~~~~~~~~~~~~~
    + CategoryInfo          : WriteError: (cdd42b9d-6235-4...4a002845cc.json:FileInfo) [Remove-Item], DirectoryNotFoun 
   dException
    + FullyQualifiedErrorId : RemoveFileSystemItemIOError,Microsoft.PowerShell.Commands.RemoveItemCommand
Remove-Item : Cannot remove item C:\Users\66830\.gemini\antigravity\scratch\antigravity_backup_tmp\antigravity\scratch\
antigravity_backup_tmp\antigravity\scratch\antigravity_backup_tmp\antigravity\brain\10e5aae4-9235-450d-afa0-7f5a4e54c60
9\.system_generated\messages\cddbddd6-b72b-481d-a83b-c047d39a5d98.json: Could not find a part of the path 
'cddbddd6-b72b-481d-a83b-c047d39a5d98.json'.
At line:1 char:1
+ Remove-Item -Recurse -Force 'C:\Users\66830\.gemini\antigravity\scrat ...
+ ~~~~~~~~~~~~~~~~~~~~~~~~~~~~~~~~~~~~~~~~~~~~~~~~~~~~~~~~~~~~~~~~~~~~~
    + CategoryInfo          : WriteError: (cddbddd6-b72b-4...47d39a5d98.json:FileInfo) [Remove-Item], DirectoryNotFoun 
   dException
    + FullyQualifiedErrorId : RemoveFileSystemItemIOError,Microsoft.PowerShell.Commands.RemoveItemCommand
Remove-Item : Cannot remove item C:\Users\66830\.gemini\antigravity\scratch\antigravity_backup_tmp\antigravity\scratch\
antigravity_backup_tmp\antigravity\scratch\antigravity_backup_tmp\antigravity\brain\10e5aae4-9235-450d-afa0-7f5a4e54c60
9\.system_generated\messages\cea1eecf-35d8-497e-bacd-1f4cf9c59fdc.json: Could not find a part of the path 
'cea1eecf-35d8-497e-bacd-1f4cf9c59fdc.json'.
At line:1 char:1
+ Remove-Item -Recurse -Force 'C:\Users\66830\.gemini\antigravity\scrat ...
+ ~~~~~~~~~~~~~~~~~~~~~~~~~~~~~~~~~~~~~~~~~~~~~~~~~~~~~~~~~~~~~~~~~~~~~
    + CategoryInfo          : WriteError: (cea1eecf-35d8-4...4cf9c59fdc.json:FileInfo) [Remove-Item], DirectoryNotFoun 
   dException
    + FullyQualifiedErrorId : RemoveFileSystemItemIOError,Microsoft.PowerShell.Commands.RemoveItemCommand
Remove-Item : Cannot remove item C:\Users\66830\.gemini\antigravity\scratch\antigravity_backup_tmp\antigravity\scratch\
antigravity_backup_tmp\antigravity\scratch\antigravity_backup_tmp\antigravity\brain\10e5aae4-9235-450d-afa0-7f5a4e54c60
9\.system_generated\messages\d76cc64c-e509-4908-bbd6-25fd937dda8f.json: Could not find a part of the path 
'd76cc64c-e509-4908-bbd6-25fd937dda8f.json'.
At line:1 char:1
+ Remove-Item -Recurse -Force 'C:\Users\66830\.gemini\antigravity\scrat ...
+ ~~~~~~~~~~~~~~~~~~~~~~~~~~~~~~~~~~~~~~~~~~~~~~~~~~~~~~~~~~~~~~~~~~~~~
    + CategoryInfo          : WriteError: (d76cc64c-e509-4...fd937dda8f.json:FileInfo) [Remove-Item], DirectoryNotFoun 
   dException
    + FullyQualifiedErrorId : RemoveFileSystemItemIOError,Microsoft.PowerShell.Commands.RemoveItemCommand
Remove-Item : Cannot remove item C:\Users\66830\.gemini\antigravity\scratch\antigravity_backup_tmp\antigravity\scratch\
antigravity_backup_tmp\antigravity\scratch\antigravity_backup_tmp\antigravity\brain\10e5aae4-9235-450d-afa0-7f5a4e54c60
9\.system_generated\messages\dac2174d-016a-49ea-b5d1-f64ffff64770.json: Could not find a part of the path 
'dac2174d-016a-49ea-b5d1-f64ffff64770.json'.
At line:1 char:1
+ Remove-Item -Recurse -Force 'C:\Users\66830\.gemini\antigravity\scrat ...
+ ~~~~~~~~~~~~~~~~~~~~~~~~~~~~~~~~~~~~~~~~~~~~~~~~~~~~~~~~~~~~~~~~~~~~~
    + CategoryInfo          : WriteError: (dac2174d-016a-4...4ffff64770.json:FileInfo) [Remove-Item], DirectoryNotFoun 
   dException
    + FullyQualifiedErrorId : RemoveFileSystemItemIOError,Microsoft.PowerShell.Commands.RemoveItemCommand
Remove-Item : Cannot remove item C:\Users\66830\.gemini\antigravity\scratch\antigravity_backup_tmp\antigravity\scratch\
antigravity_backup_tmp\antigravity\scratch\antigravity_backup_tmp\antigravity\brain\10e5aae4-9235-450d-afa0-7f5a4e54c60
9\.system_generated\messages\dd7073c5-7e0d-4745-aa5d-a28ce2b93768.json: Could not find a part of the path 
'dd7073c5-7e0d-4745-aa5d-a28ce2b93768.json'.
At line:1 char:1
+ Remove-Item -Recurse -Force 'C:\Users\66830\.gemini\antigravity\scrat ...
+ ~~~~~~~~~~~~~~~~~~~~~~~~~~~~~~~~~~~~~~~~~~~~~~~~~~~~~~~~~~~~~~~~~~~~~
    + CategoryInfo          : WriteError: (dd7073c5-7e0d-4...8ce2b93768.json:FileInfo) [Remove-Item], DirectoryNotFoun 
   dException
    + FullyQualifiedErrorId : RemoveFileSystemItemIOError,Microsoft.PowerShell.Commands.RemoveItemCommand
Remove-Item : Cannot remove item C:\Users\66830\.gemini\antigravity\scratch\antigravity_backup_tmp\antigravity\scratch\
antigravity_backup_tmp\antigravity\scratch\antigravity_backup_tmp\antigravity\brain\10e5aae4-9235-450d-afa0-7f5a4e54c60
9\.system_generated\messages\e7ef6a58-5a07-40d5-8a5f-a35ef813ef06.json: Could not find a part of the path 
'e7ef6a58-5a07-40d5-8a5f-a35ef813ef06.json'.
At line:1 char:1
+ Remove-Item -Recurse -Force 'C:\Users\66830\.gemini\antigravity\scrat ...
+ ~~~~~~~~~~~~~~~~~~~~~~~~~~~~~~~~~~~~~~~~~~~~~~~~~~~~~~~~~~~~~~~~~~~~~
    + CategoryInfo          : WriteError: (e7ef6a58-5a07-4...5ef813ef06.json:FileInfo) [Remove-Item], DirectoryNotFoun 
   dException
    + FullyQualifiedErrorId : RemoveFileSystemItemIOError,Microsoft.PowerShell.Commands.RemoveItemCommand
Remove-Item : Cannot remove item C:\Users\66830\.gemini\antigravity\scratch\antigravity_backup_tmp\antigravity\scratch\
antigravity_backup_tmp\antigravity\scratch\antigravity_backup_tmp\antigravity\brain\10e5aae4-9235-450d-afa0-7f5a4e54c60
9\.system_generated\messages\eeb6749b-deb5-4d38-8275-342c77a76d27.json: Could not find a part of the path 
'eeb6749b-deb5-4d38-8275-342c77a76d27.json'.
At line:1 char:1
+ Remove-Item -Recurse -Force 'C:\Users\66830\.gemini\antigravity\scrat ...
+ ~~~~~~~~~~~~~~~~~~~~~~~~~~~~~~~~~~~~~~~~~~~~~~~~~~~~~~~~~~~~~~~~~~~~~
    + CategoryInfo          : WriteError: (eeb6749b-deb5-4...2c77a76d27.json:FileInfo) [Remove-Item], DirectoryNotFoun 
   dException
    + FullyQualifiedErrorId : RemoveFileSystemItemIOError,Microsoft.PowerShell.Commands.RemoveItemCommand
Remove-Item : Cannot remove item C:\Users\66830\.gemini\antigravity\scratch\antigravity_backup_tmp\antigravity\scratch\
antigravity_backup_tmp\antigravity\scratch\antigravity_backup_tmp\antigravity\brain\10e5aae4-9235-450d-afa0-7f5a4e54c60
9\.system_generated\messages\f22faa4c-6a55-4203-aa90-be519ba5d92a.json: Could not find a part of the path 
'f22faa4c-6a55-4203-aa90-be519ba5d92a.json'.
At line:1 char:1
+ Remove-Item -Recurse -Force 'C:\Users\66830\.gemini\antigravity\scrat ...
+ ~~~~~~~~~~~~~~~~~~~~~~~~~~~~~~~~~~~~~~~~~~~~~~~~~~~~~~~~~~~~~~~~~~~~~
    + CategoryInfo          : WriteError: (f22faa4c-6a55-4...519ba5d92a.json:FileInfo) [Remove-Item], DirectoryNotFoun 
   dException
    + FullyQualifiedErrorId : RemoveFileSystemItemIOError,Microsoft.PowerShell.Commands.RemoveItemCommand
Remove-Item : Cannot remove item C:\Users\66830\.gemini\antigravity\scratch\antigravity_backup_tmp\antigravity\scratch\
antigravity_backup_tmp\antigravity\scratch\antigravity_backup_tmp\antigravity\brain\10e5aae4-9235-450d-afa0-7f5a4e54c60
9\.system_generated\messages\f4c8707a-7fb3-4941-9d12-d5fec2618c79.json: Could not find a part of the path 
'f4c8707a-7fb3-4941-9d12-d5fec2618c79.json'.
At line:1 char:1
+ Remove-Item -Recurse -Force 'C:\Users\66830\.gemini\antigravity\scrat ...
+ ~~~~~~~~~~~~~~~~~~~~~~~~~~~~~~~~~~~~~~~~~~~~~~~~~~~~~~~~~~~~~~~~~~~~~
    + CategoryInfo          : WriteError: (f4c8707a-7fb3-4...fec2618c79.json:FileInfo) [Remove-Item], DirectoryNotFoun 
   dException
    + FullyQualifiedErrorId : RemoveFileSystemItemIOError,Microsoft.PowerShell.Commands.RemoveItemCommand
Remove-Item : Cannot remove item C:\Users\66830\.gemini\antigravity\scratch\antigravity_backup_tmp\antigravity\scratch\
antigravity_backup_tmp\antigravity\scratch\antigravity_backup_tmp\antigravity\brain\10e5aae4-9235-450d-afa0-7f5a4e54c60
9\.system_generated\messages\f4fae056-09a8-4b85-9f31-de916f309f98.json: Could not find a part of the path 
'f4fae056-09a8-4b85-9f31-de916f309f98.json'.
At line:1 char:1
+ Remove-Item -Recurse -Force 'C:\Users\66830\.gemini\antigravity\scrat ...
+ ~~~~~~~~~~~~~~~~~~~~~~~~~~~~~~~~~~~~~~~~~~~~~~~~~~~~~~~~~~~~~~~~~~~~~
    + CategoryInfo          : WriteError: (f4fae056-09a8-4...916f309f98.json:FileInfo) [Remove-Item], DirectoryNotFoun 
   dException
    + FullyQualifiedErrorId : RemoveFileSystemItemIOError,Microsoft.PowerShell.Commands.RemoveItemCommand
Remove-Item : Cannot remove item C:\Users\66830\.gemini\antigravity\scratch\antigravity_backup_tmp\antigravity\scratch\
antigravity_backup_tmp\antigravity\scratch\antigravity_backup_tmp\antigravity\brain\10e5aae4-9235-450d-afa0-7f5a4e54c60
9\.system_generated\messages\f7cb6420-018b-4ea5-9281-5c3a84cc7b7a.json: Could not find a part of the path 
'f7cb6420-018b-4ea5-9281-5c3a84cc7b7a.json'.
At line:1 char:1
+ Remove-Item -Recurse -Force 'C:\Users\66830\.gemini\antigravity\scrat ...
+ ~~~~~~~~~~~~~~~~~~~~~~~~~~~~~~~~~~~~~~~~~~~~~~~~~~~~~~~~~~~~~~~~~~~~~
    + CategoryInfo          : WriteError: (f7cb6420-018b-4...3a84cc7b7a.json:FileInfo) [Remove-Item], DirectoryNotFoun 
   dException
    + FullyQualifiedErrorId : RemoveFileSystemItemIOError,Microsoft.PowerShell.Commands.RemoveItemCommand
Remove-Item : Cannot remove item C:\Users\66830\.gemini\antigravity\scratch\antigravity_backup_tmp\antigravity\scratch\
antigravity_backup_tmp\antigravity\scratch\antigravity_backup_tmp\antigravity\brain\10e5aae4-9235-450d-afa0-7f5a4e54c60
9\.system_generated\messages\fa8d753b-4915-45b4-99d8-397bc25fdf8e.json: Could not find a part of the path 
'fa8d753b-4915-45b4-99d8-397bc25fdf8e.json'.
At line:1 char:1
+ Remove-Item -Recurse -Force 'C:\Users\66830\.gemini\antigravity\scrat ...
+ ~~~~~~~~~~~~~~~~~~~~~~~~~~~~~~~~~~~~~~~~~~~~~~~~~~~~~~~~~~~~~~~~~~~~~
    + CategoryInfo          : WriteError: (fa8d753b-4915-4...7bc25fdf8e.json:FileInfo) [Remove-Item], DirectoryNotFoun 
   dException
    + FullyQualifiedErrorId : RemoveFileSystemItemIOError,Microsoft.PowerShell.Commands.RemoveItemCommand
Remove-Item : Cannot remove item C:\Users\66830\.gemini\antigravity\scratch\antigravity_backup_tmp\antigravity\scratch\
antigravity_backup_tmp\antigravity\scratch\antigravity_backup_tmp\antigravity\brain\10e5aae4-9235-450d-afa0-7f5a4e54c60
9\.system_generated\messages\fe1dc671-1c87-4e6f-a87f-f941a9f5a7cf.json: Could not find a part of the path 
'fe1dc671-1c87-4e6f-a87f-f941a9f5a7cf.json'.
At line:1 char:1
+ Remove-Item -Recurse -Force 'C:\Users\66830\.gemini\antigravity\scrat ...
+ ~~~~~~~~~~~~~~~~~~~~~~~~~~~~~~~~~~~~~~~~~~~~~~~~~~~~~~~~~~~~~~~~~~~~~
    + CategoryInfo          : WriteError: (fe1dc671-1c87-4...41a9f5a7cf.json:FileInfo) [Remove-Item], DirectoryNotFoun 
   dException
    + FullyQualifiedErrorId : RemoveFileSystemItemIOError,Microsoft.PowerShell.Commands.RemoveItemCommand
Remove-Item : Cannot remove item C:\Users\66830\.gemini\antigravity\scratch\antigravity_backup_tmp\antigravity\scratch\
antigravity_backup_tmp\antigravity\scratch\antigravity_backup_tmp\antigravity\brain\10e5aae4-9235-450d-afa0-7f5a4e54c60
9\.system_generated\messages: The directory is not empty.
At line:1 char:1
+ Remove-Item -Recurse -Force 'C:\Users\66830\.gemini\antigravity\scrat ...
+ ~~~~~~~~~~~~~~~~~~~~~~~~~~~~~~~~~~~~~~~~~~~~~~~~~~~~~~~~~~~~~~~~~~~~~
    + CategoryInfo          : WriteError: (messages:DirectoryInfo) [Remove-Item], IOException
    + FullyQualifiedErrorId : RemoveFileSystemItemIOError,Microsoft.PowerShell.Commands.RemoveItemCommand
Remove-Item : Cannot remove item C:\Users\66830\.gemini\antigravity\scratch\antigravity_backup_tmp\antigravity\scratch\
antigravity_backup_tmp\antigravity\scratch\antigravity_backup_tmp\antigravity\brain\10e5aae4-9235-450d-afa0-7f5a4e54c60
9\.system_generated: The directory is not empty.
At line:1 char:1
+ Remove-Item -Recurse -Force 'C:\Users\66830\.gemini\antigravity\scrat ...
+ ~~~~~~~~~~~~~~~~~~~~~~~~~~~~~~~~~~~~~~~~~~~~~~~~~~~~~~~~~~~~~~~~~~~~~
    + CategoryInfo          : WriteError: (.system_generated:DirectoryInfo) [Remove-Item], IOException
    + FullyQualifiedErrorId : RemoveFileSystemItemIOError,Microsoft.PowerShell.Commands.RemoveItemCommand
Remove-Item : Cannot remove item C:\Users\66830\.gemini\antigravity\scratch\antigravity_backup_tmp\antigravity\scratch\
antigravity_backup_tmp\antigravity\scratch\antigravity_backup_tmp\antigravity\brain\10e5aae4-9235-450d-afa0-7f5a4e54c60
9: The directory is not empty.
At line:1 char:1
+ Remove-Item -Recurse -Force 'C:\Users\66830\.gemini\antigravity\scrat ...
+ ~~~~~~~~~~~~~~~~~~~~~~~~~~~~~~~~~~~~~~~~~~~~~~~~~~~~~~~~~~~~~~~~~~~~~
    + CategoryInfo          : WriteError: (10e5aae4-9235-450d-afa0-7f5a4e54c609:DirectoryInfo) [Remove-Item], IOExcept 
   ion
    + FullyQualifiedErrorId : RemoveFileSystemItemIOError,Microsoft.PowerShell.Commands.RemoveItemCommand
Remove-Item : Cannot remove item C:\Users\66830\.gemini\antigravity\scratch\antigravity_backup_tmp\antigravity\scratch\
antigravity_backup_tmp\antigravity\scratch\antigravity_backup_tmp\antigravity\brain\182174db-080b-469e-82bf-3f6de2c73a3
6\.system_generated\messages\0078e27a-9839-489f-95bb-5db2121954cd.json: Could not find a part of the path 
'0078e27a-9839-489f-95bb-5db2121954cd.json'.
At line:1 char:1
+ Remove-Item -Recurse -Force 'C:\Users\66830\.gemini\antigravity\scrat ...
+ ~~~~~~~~~~~~~~~~~~~~~~~~~~~~~~~~~~~~~~~~~~~~~~~~~~~~~~~~~~~~~~~~~~~~~
    + CategoryInfo          : WriteError: (0078e27a-9839-4...b2121954cd.json:FileInfo) [Remove-Item], DirectoryNotFoun 
   dException
    + FullyQualifiedErrorId : RemoveFileSystemItemIOError,Microsoft.PowerShell.Commands.RemoveItemCommand
Remove-Item : Cannot remove item C:\Users\66830\.gemini\antigravity\scratch\antigravity_backup_tmp\antigravity\scratch\
antigravity_backup_tmp\antigravity\scratch\antigravity_backup_tmp\antigravity\brain\182174db-080b-469e-82bf-3f6de2c73a3
6\.system_generated\messages\04d0a89f-e55f-46b2-89a9-b9da0aa6bb59.json: Could not find a part of the path 
'04d0a89f-e55f-46b2-89a9-b9da0aa6bb59.json'.
At line:1 char:1
+ Remove-Item -Recurse -Force 'C:\Users\66830\.gemini\antigravity\scrat ...
+ ~~~~~~~~~~~~~~~~~~~~~~~~~~~~~~~~~~~~~~~~~~~~~~~~~~~~~~~~~~~~~~~~~~~~~
    + CategoryInfo          : WriteError: (04d0a89f-e55f-4...da0aa6bb59.json:FileInfo) [Remove-Item], DirectoryNotFoun 
   dException
    + FullyQualifiedErrorId : RemoveFileSystemItemIOError,Microsoft.PowerShell.Commands.RemoveItemCommand
Remove-Item : Cannot remove item C:\Users\66830\.gemini\antigravity\scratch\antigravity_backup_tmp\antigravity\scratch\
antigravity_backup_tmp\antigravity\scratch\antigravity_backup_tmp\antigravity\brain\182174db-080b-469e-82bf-3f6de2c73a3
6\.system_generated\messages\05ac381e-c152-4e64-9eb1-40a5848e10d8.json: Could not find a part of the path 
'05ac381e-c152-4e64-9eb1-40a5848e10d8.json'.
At line:1 char:1
+ Remove-Item -Recurse -Force 'C:\Users\66830\.gemini\antigravity\scrat ...
+ ~~~~~~~~~~~~~~~~~~~~~~~~~~~~~~~~~~~~~~~~~~~~~~~~~~~~~~~~~~~~~~~~~~~~~
    + CategoryInfo          : WriteError: (05ac381e-c152-4...a5848e10d8.json:FileInfo) [Remove-Item], DirectoryNotFoun 
   dException
    + FullyQualifiedErrorId : RemoveFileSystemItemIOError,Microsoft.PowerShell.Commands.RemoveItemCommand
Remove-Item : Cannot remove item C:\Users\66830\.gemini\antigravity\scratch\antigravity_backup_tmp\antigravity\scratch\
antigravity_backup_tmp\antigravity\scratch\antigravity_backup_tmp\antigravity\brain\182174db-080b-469e-82bf-3f6de2c73a3
6\.system_generated\messages\0aff1c8e-0794-4f6f-b6fd-cfcd534ce0b7.json: Could not find a part of the path 
'0aff1c8e-0794-4f6f-b6fd-cfcd534ce0b7.json'.
At line:1 char:1
+ Remove-Item -Recurse -Force 'C:\Users\66830\.gemini\antigravity\scrat ...
+ ~~~~~~~~~~~~~~~~~~~~~~~~~~~~~~~~~~~~~~~~~~~~~~~~~~~~~~~~~~~~~~~~~~~~~
    + CategoryInfo          : WriteError: (0aff1c8e-0794-4...cd534ce0b7.json:FileInfo) [Remove-Item], DirectoryNotFoun 
   dException
    + FullyQualifiedErrorId : RemoveFileSystemItemIOError,Microsoft.PowerShell.Commands.RemoveItemCommand
Remove-Item : Cannot remove item C:\Users\66830\.gemini\antigravity\scratch\antigravity_backup_tmp\antigravity\scratch\
antigravity_backup_tmp\antigravity\scratch\antigravity_backup_tmp\antigravity\brain\182174db-080b-469e-82bf-3f6de2c73a3
6\.system_generated\messages\0b88b8d1-7784-4e89-9d58-6b30531c9fd7.json: Could not find a part of the path 
'0b88b8d1-7784-4e89-9d58-6b30531c9fd7.json'.
At line:1 char:1
+ Remove-Item -Recurse -Force 'C:\Users\66830\.gemini\antigravity\scrat ...
+ ~~~~~~~~~~~~~~~~~~~~~~~~~~~~~~~~~~~~~~~~~~~~~~~~~~~~~~~~~~~~~~~~~~~~~
    + CategoryInfo          : WriteError: (0b88b8d1-7784-4...30531c9fd7.json:FileInfo) [Remove-Item], DirectoryNotFoun 
   dException
    + FullyQualifiedErrorId : RemoveFileSystemItemIOError,Microsoft.PowerShell.Commands.RemoveItemCommand
Remove-Item : Cannot remove item C:\Users\66830\.gemini\antigravity\scratch\antigravity_backup_tmp\antigravity\scratch\
antigravity_backup_tmp\antigravity\scratch\antigravity_backup_tmp\antigravity\brain\182174db-080b-469e-82bf-3f6de2c73a3
6\.system_generated\messages\0be7038b-1c63-454c-ae33-351de386d037.json: Could not find a part of the path 
'0be7038b-1c63-454c-ae33-351de386d037.json'.
At line:1 char:1
+ Remove-Item -Recurse -Force 'C:\Users\66830\.gemini\antigravity\scrat ...
+ ~~~~~~~~~~~~~~~~~~~~~~~~~~~~~~~~~~~~~~~~~~~~~~~~~~~~~~~~~~~~~~~~~~~~~
    + CategoryInfo          : WriteError: (0be7038b-1c63-4...1de386d037.json:FileInfo) [Remove-Item], DirectoryNotFoun 
   dException
    + FullyQualifiedErrorId : RemoveFileSystemItemIOError,Microsoft.PowerShell.Commands.RemoveItemCommand
Remove-Item : Cannot remove item C:\Users\66830\.gemini\antigravity\scratch\antigravity_backup_tmp\antigravity\scratch\
antigravity_backup_tmp\antigravity\scratch\antigravity_backup_tmp\antigravity\brain\182174db-080b-469e-82bf-3f6de2c73a3
6\.system_generated\messages\108e494c-7074-4573-be9b-fba427bfc002.json: Could not find a part of the path 
'108e494c-7074-4573-be9b-fba427bfc002.json'.
At line:1 char:1
+ Remove-Item -Recurse -Force 'C:\Users\66830\.gemini\antigravity\scrat ...
+ ~~~~~~~~~~~~~~~~~~~~~~~~~~~~~~~~~~~~~~~~~~~~~~~~~~~~~~~~~~~~~~~~~~~~~
    + CategoryInfo          : WriteError: (108e494c-7074-4...a427bfc002.json:FileInfo) [Remove-Item], DirectoryNotFoun 
   dException
    + FullyQualifiedErrorId : RemoveFileSystemItemIOError,Microsoft.PowerShell.Commands.RemoveItemCommand
Remove-Item : Cannot remove item C:\Users\66830\.gemini\antigravity\scratch\antigravity_backup_tmp\antigravity\scratch\
antigravity_backup_tmp\antigravity\scratch\antigravity_backup_tmp\antigravity\brain\182174db-080b-469e-82bf-3f6de2c73a3
6\.system_generated\messages\1570e88e-70ca-43d5-99e4-f6e5975fd329.json: Could not find a part of the path 
'1570e88e-70ca-43d5-99e4-f6e5975fd329.json'.
At line:1 char:1
+ Remove-Item -Recurse -Force 'C:\Users\66830\.gemini\antigravity\scrat ...
+ ~~~~~~~~~~~~~~~~~~~~~~~~~~~~~~~~~~~~~~~~~~~~~~~~~~~~~~~~~~~~~~~~~~~~~
    + CategoryInfo          : WriteError: (1570e88e-70ca-4...e5975fd329.json:FileInfo) [Remove-Item], DirectoryNotFoun 
   dException
    + FullyQualifiedErrorId : RemoveFileSystemItemIOError,Microsoft.PowerShell.Commands.RemoveItemCommand
Remove-Item : Cannot remove item C:\Users\66830\.gemini\antigravity\scratch\antigravity_backup_tmp\antigravity\scratch\
antigravity_backup_tmp\antigravity\scratch\antigravity_backup_tmp\antigravity\brain\182174db-080b-469e-82bf-3f6de2c73a3
6\.system_generated\messages\19bc3bb7-4512-4e6c-aba4-2679824f6bf4.json: Could not find a part of the path 
'19bc3bb7-4512-4e6c-aba4-2679824f6bf4.json'.
At line:1 char:1
+ Remove-Item -Recurse -Force 'C:\Users\66830\.gemini\antigravity\scrat ...
+ ~~~~~~~~~~~~~~~~~~~~~~~~~~~~~~~~~~~~~~~~~~~~~~~~~~~~~~~~~~~~~~~~~~~~~
    + CategoryInfo          : WriteError: (19bc3bb7-4512-4...79824f6bf4.json:FileInfo) [Remove-Item], DirectoryNotFoun 
   dException
    + FullyQualifiedErrorId : RemoveFileSystemItemIOError,Microsoft.PowerShell.Commands.RemoveItemCommand
Remove-Item : Cannot remove item C:\Users\66830\.gemini\antigravity\scratch\antigravity_backup_tmp\antigravity\scratch\
antigravity_backup_tmp\antigravity\scratch\antigravity_backup_tmp\antigravity\brain\182174db-080b-469e-82bf-3f6de2c73a3
6\.system_generated\messages\1f7a4872-8eb6-4d82-84cb-0e155a8aa75b.json: Could not find a part of the path 
'1f7a4872-8eb6-4d82-84cb-0e155a8aa75b.json'.
At line:1 char:1
+ Remove-Item -Recurse -Force 'C:\Users\66830\.gemini\antigravity\scrat ...
+ ~~~~~~~~~~~~~~~~~~~~~~~~~~~~~~~~~~~~~~~~~~~~~~~~~~~~~~~~~~~~~~~~~~~~~
    + CategoryInfo          : WriteError: (1f7a4872-8eb6-4...155a8aa75b.json:FileInfo) [Remove-Item], DirectoryNotFoun 
   dException
    + FullyQualifiedErrorId : RemoveFileSystemItemIOError,Microsoft.PowerShell.Commands.RemoveItemCommand
Remove-Item : Cannot remove item C:\Users\66830\.gemini\antigravity\scratch\antigravity_backup_tmp\antigravity\scratch\
antigravity_backup_tmp\antigravity\scratch\antigravity_backup_tmp\antigravity\brain\182174db-080b-469e-82bf-3f6de2c73a3
6\.system_generated\messages\21d66f6f-becc-4349-b3c6-5a9e0d0ca2f5.json: Could not find a part of the path 
'21d66f6f-becc-4349-b3c6-5a9e0d0ca2f5.json'.
At line:1 char:1
+ Remove-Item -Recurse -Force 'C:\Users\66830\.gemini\antigravity\scrat ...
+ ~~~~~~~~~~~~~~~~~~~~~~~~~~~~~~~~~~~~~~~~~~~~~~~~~~~~~~~~~~~~~~~~~~~~~
    + CategoryInfo          : WriteError: (21d66f6f-becc-4...9e0d0ca2f5.json:FileInfo) [Remove-Item], DirectoryNotFoun 
   dException
    + FullyQualifiedErrorId : RemoveFileSystemItemIOError,Microsoft.PowerShell.Commands.RemoveItemCommand
Remove-Item : Cannot remove item C:\Users\66830\.gemini\antigravity\scratch\antigravity_backup_tmp\antigravity\scratch\
antigravity_backup_tmp\antigravity\scratch\antigravity_backup_tmp\antigravity\brain\182174db-080b-469e-82bf-3f6de2c73a3
6\.system_generated\messages\29573a63-12da-4653-a527-37aadaba2547.json: Could not find a part of the path 
'29573a63-12da-4653-a527-37aadaba2547.json'.
At line:1 char:1
+ Remove-Item -Recurse -Force 'C:\Users\66830\.gemini\antigravity\scrat ...
+ ~~~~~~~~~~~~~~~~~~~~~~~~~~~~~~~~~~~~~~~~~~~~~~~~~~~~~~~~~~~~~~~~~~~~~
    + CategoryInfo          : WriteError: (29573a63-12da-4...aadaba2547.json:FileInfo) [Remove-Item], DirectoryNotFoun 
   dException
    + FullyQualifiedErrorId : RemoveFileSystemItemIOError,Microsoft.PowerShell.Commands.RemoveItemCommand
Remove-Item : Cannot remove item C:\Users\66830\.gemini\antigravity\scratch\antigravity_backup_tmp\antigravity\scratch\
antigravity_backup_tmp\antigravity\scratch\antigravity_backup_tmp\antigravity\brain\182174db-080b-469e-82bf-3f6de2c73a3
6\.system_generated\messages\2aaa53c4-df55-4677-bf88-34f1cdd113dd.json: Could not find a part of the path 
'2aaa53c4-df55-4677-bf88-34f1cdd113dd.json'.
At line:1 char:1
+ Remove-Item -Recurse -Force 'C:\Users\66830\.gemini\antigravity\scrat ...
+ ~~~~~~~~~~~~~~~~~~~~~~~~~~~~~~~~~~~~~~~~~~~~~~~~~~~~~~~~~~~~~~~~~~~~~
    + CategoryInfo          : WriteError: (2aaa53c4-df55-4...f1cdd113dd.json:FileInfo) [Remove-Item], DirectoryNotFoun 
   dException
    + FullyQualifiedErrorId : RemoveFileSystemItemIOError,Microsoft.PowerShell.Commands.RemoveItemCommand
Remove-Item : Cannot remove item C:\Users\66830\.gemini\antigravity\scratch\antigravity_backup_tmp\antigravity\scratch\
antigravity_backup_tmp\antigravity\scratch\antigravity_backup_tmp\antigravity\brain\182174db-080b-469e-82bf-3f6de2c73a3
6\.system_generated\messages\43b33858-2721-4a5d-a989-89236e5ac4ed.json: Could not find a part of the path 
'43b33858-2721-4a5d-a989-89236e5ac4ed.json'.
At line:1 char:1
+ Remove-Item -Recurse -Force 'C:\Users\66830\.gemini\antigravity\scrat ...
+ ~~~~~~~~~~~~~~~~~~~~~~~~~~~~~~~~~~~~~~~~~~~~~~~~~~~~~~~~~~~~~~~~~~~~~
    + CategoryInfo          : WriteError: (43b33858-2721-4...236e5ac4ed.json:FileInfo) [Remove-Item], DirectoryNotFoun 
   dException
    + FullyQualifiedErrorId : RemoveFileSystemItemIOError,Microsoft.PowerShell.Commands.RemoveItemCommand
Remove-Item : Cannot remove item C:\Users\66830\.gemini\antigravity\scratch\antigravity_backup_tmp\antigravity\scratch\
antigravity_backup_tmp\antigravity\scratch\antigravity_backup_tmp\antigravity\brain\182174db-080b-469e-82bf-3f6de2c73a3
6\.system_generated\messages\4ae63cbd-0d3c-455f-91b0-0a1e56fc3bb2.json: Could not find a part of the path 
'4ae63cbd-0d3c-455f-91b0-0a1e56fc3bb2.json'.
At line:1 char:1
+ Remove-Item -Recurse -Force 'C:\Users\66830\.gemini\antigravity\scrat ...
+ ~~~~~~~~~~~~~~~~~~~~~~~~~~~~~~~~~~~~~~~~~~~~~~~~~~~~~~~~~~~~~~~~~~~~~
    + CategoryInfo          : WriteError: (4ae63cbd-0d3c-4...1e56fc3bb2.json:FileInfo) [Remove-Item], DirectoryNotFoun 
   dException
    + FullyQualifiedErrorId : RemoveFileSystemItemIOError,Microsoft.PowerShell.Commands.RemoveItemCommand
Remove-Item : Cannot remove item C:\Users\66830\.gemini\antigravity\scratch\antigravity_backup_tmp\antigravity\scratch\
antigravity_backup_tmp\antigravity\scratch\antigravity_backup_tmp\antigravity\brain\182174db-080b-469e-82bf-3f6de2c73a3
6\.system_generated\messages\53249c5b-4e29-402b-ba85-1ee653d79e7d.json: Could not find a part of the path 
'53249c5b-4e29-402b-ba85-1ee653d79e7d.json'.
At line:1 char:1
+ Remove-Item -Recurse -Force 'C:\Users\66830\.gemini\antigravity\scrat ...
+ ~~~~~~~~~~~~~~~~~~~~~~~~~~~~~~~~~~~~~~~~~~~~~~~~~~~~~~~~~~~~~~~~~~~~~
    + CategoryInfo          : WriteError: (53249c5b-4e29-4...e653d79e7d.json:FileInfo) [Remove-Item], DirectoryNotFoun 
   dException
    + FullyQualifiedErrorId : RemoveFileSystemItemIOError,Microsoft.PowerShell.Commands.RemoveItemCommand
Remove-Item : Cannot remove item C:\Users\66830\.gemini\antigravity\scratch\antigravity_backup_tmp\antigravity\scratch\
antigravity_backup_tmp\antigravity\scratch\antigravity_backup_tmp\antigravity\brain\182174db-080b-469e-82bf-3f6de2c73a3
6\.system_generated\messages\53692623-1cc7-4416-964f-1100e40aaa49.json: Could not find a part of the path 
'53692623-1cc7-4416-964f-1100e40aaa49.json'.
At line:1 char:1
+ Remove-Item -Recurse -Force 'C:\Users\66830\.gemini\antigravity\scrat ...
+ ~~~~~~~~~~~~~~~~~~~~~~~~~~~~~~~~~~~~~~~~~~~~~~~~~~~~~~~~~~~~~~~~~~~~~
    + CategoryInfo          : WriteError: (53692623-1cc7-4...00e40aaa49.json:FileInfo) [Remove-Item], DirectoryNotFoun 
   dException
    + FullyQualifiedErrorId : RemoveFileSystemItemIOError,Microsoft.PowerShell.Commands.RemoveItemCommand
Remove-Item : Cannot remove item C:\Users\66830\.gemini\antigravity\scratch\antigravity_backup_tmp\antigravity\scratch\
antigravity_backup_tmp\antigravity\scratch\antigravity_backup_tmp\antigravity\brain\182174db-080b-469e-82bf-3f6de2c73a3
6\.system_generated\messages\54c4a832-65bb-4455-b5c6-87cfc352ab93.json: Could not find a part of the path 
'54c4a832-65bb-4455-b5c6-87cfc352ab93.json'.
At line:1 char:1
+ Remove-Item -Recurse -Force 'C:\Users\66830\.gemini\antigravity\scrat ...
+ ~~~~~~~~~~~~~~~~~~~~~~~~~~~~~~~~~~~~~~~~~~~~~~~~~~~~~~~~~~~~~~~~~~~~~
    + CategoryInfo          : WriteError: (54c4a832-65bb-4...cfc352ab93.json:FileInfo) [Remove-Item], DirectoryNotFoun 
   dException
    + FullyQualifiedErrorId : RemoveFileSystemItemIOError,Microsoft.PowerShell.Commands.RemoveItemCommand
Remove-Item : Cannot remove item C:\Users\66830\.gemini\antigravity\scratch\antigravity_backup_tmp\antigravity\scratch\
antigravity_backup_tmp\antigravity\scratch\antigravity_backup_tmp\antigravity\brain\182174db-080b-469e-82bf-3f6de2c73a3
6\.system_generated\messages\5ee54fe5-9b63-4c7d-9cb8-835ba657b9a6.json: Could not find a part of the path 
'5ee54fe5-9b63-4c7d-9cb8-835ba657b9a6.json'.
At line:1 char:1
+ Remove-Item -Recurse -Force 'C:\Users\66830\.gemini\antigravity\scrat ...
+ ~~~~~~~~~~~~~~~~~~~~~~~~~~~~~~~~~~~~~~~~~~~~~~~~~~~~~~~~~~~~~~~~~~~~~
    + CategoryInfo          : WriteError: (5ee54fe5-9b63-4...5ba657b9a6.json:FileInfo) [Remove-Item], DirectoryNotFoun 
   dException
    + FullyQualifiedErrorId : RemoveFileSystemItemIOError,Microsoft.PowerShell.Commands.RemoveItemCommand
Remove-Item : Cannot remove item C:\Users\66830\.gemini\antigravity\scratch\antigravity_backup_tmp\antigravity\scratch\
antigravity_backup_tmp\antigravity\scratch\antigravity_backup_tmp\antigravity\brain\182174db-080b-469e-82bf-3f6de2c73a3
6\.system_generated\messages\6ec3bff5-4394-42af-9f0d-5ce29bb4992d.json: Could not find a part of the path 
'6ec3bff5-4394-42af-9f0d-5ce29bb4992d.json'.
At line:1 char:1
+ Remove-Item -Recurse -Force 'C:\Users\66830\.gemini\antigravity\scrat ...
+ ~~~~~~~~~~~~~~~~~~~~~~~~~~~~~~~~~~~~~~~~~~~~~~~~~~~~~~~~~~~~~~~~~~~~~
    + CategoryInfo          : WriteError: (6ec3bff5-4394-4...e29bb4992d.json:FileInfo) [Remove-Item], DirectoryNotFoun 
   dException
    + FullyQualifiedErrorId : RemoveFileSystemItemIOError,Microsoft.PowerShell.Commands.RemoveItemCommand
Remove-Item : Cannot remove item C:\Users\66830\.gemini\antigravity\scratch\antigravity_backup_tmp\antigravity\scratch\
antigravity_backup_tmp\antigravity\scratch\antigravity_backup_tmp\antigravity\brain\182174db-080b-469e-82bf-3f6de2c73a3
6\.system_generated\messages\71f4b1e4-28a5-48b6-b2ab-5acfcc4ab098.json: Could not find a part of the path 
'71f4b1e4-28a5-48b6-b2ab-5acfcc4ab098.json'.
At line:1 char:1
+ Remove-Item -Recurse -Force 'C:\Users\66830\.gemini\antigravity\scrat ...
+ ~~~~~~~~~~~~~~~~~~~~~~~~~~~~~~~~~~~~~~~~~~~~~~~~~~~~~~~~~~~~~~~~~~~~~
    + CategoryInfo          : WriteError: (71f4b1e4-28a5-4...cfcc4ab098.json:FileInfo) [Remove-Item], DirectoryNotFoun 
   dException
    + FullyQualifiedErrorId : RemoveFileSystemItemIOError,Microsoft.PowerShell.Commands.RemoveItemCommand
Remove-Item : Cannot remove item C:\Users\66830\.gemini\antigravity\scratch\antigravity_backup_tmp\antigravity\scratch\
antigravity_backup_tmp\antigravity\scratch\antigravity_backup_tmp\antigravity\brain\182174db-080b-469e-82bf-3f6de2c73a3
6\.system_generated\messages\734494c1-f877-41a7-af53-7da037fda9a5.json: Could not find a part of the path 
'734494c1-f877-41a7-af53-7da037fda9a5.json'.
At line:1 char:1
+ Remove-Item -Recurse -Force 'C:\Users\66830\.gemini\antigravity\scrat ...
+ ~~~~~~~~~~~~~~~~~~~~~~~~~~~~~~~~~~~~~~~~~~~~~~~~~~~~~~~~~~~~~~~~~~~~~
    + CategoryInfo          : WriteError: (734494c1-f877-4...a037fda9a5.json:FileInfo) [Remove-Item], DirectoryNotFoun 
   dException
    + FullyQualifiedErrorId : RemoveFileSystemItemIOError,Microsoft.PowerShell.Commands.RemoveItemCommand
Remove-Item : Cannot remove item C:\Users\66830\.gemini\antigravity\scratch\antigravity_backup_tmp\antigravity\scratch\
antigravity_backup_tmp\antigravity\scratch\antigravity_backup_tmp\antigravity\brain\182174db-080b-469e-82bf-3f6de2c73a3
6\.system_generated\messages\7eb39cc4-a081-4807-bc0c-7222a77cc744.json: Could not find a part of the path 
'7eb39cc4-a081-4807-bc0c-7222a77cc744.json'.
At line:1 char:1
+ Remove-Item -Recurse -Force 'C:\Users\66830\.gemini\antigravity\scrat ...
+ ~~~~~~~~~~~~~~~~~~~~~~~~~~~~~~~~~~~~~~~~~~~~~~~~~~~~~~~~~~~~~~~~~~~~~
    + CategoryInfo          : WriteError: (7eb39cc4-a081-4...22a77cc744.json:FileInfo) [Remove-Item], DirectoryNotFoun 
   dException
    + FullyQualifiedErrorId : RemoveFileSystemItemIOError,Microsoft.PowerShell.Commands.RemoveItemCommand
Remove-Item : Cannot remove item C:\Users\66830\.gemini\antigravity\scratch\antigravity_backup_tmp\antigravity\scratch\
antigravity_backup_tmp\antigravity\scratch\antigravity_backup_tmp\antigravity\brain\182174db-080b-469e-82bf-3f6de2c73a3
6\.system_generated\messages\841dd121-f620-45d1-9205-61fe47fba0b3.json: Could not find a part of the path 
'841dd121-f620-45d1-9205-61fe47fba0b3.json'.
At line:1 char:1
+ Remove-Item -Recurse -Force 'C:\Users\66830\.gemini\antigravity\scrat ...
+ ~~~~~~~~~~~~~~~~~~~~~~~~~~~~~~~~~~~~~~~~~~~~~~~~~~~~~~~~~~~~~~~~~~~~~
    + CategoryInfo          : WriteError: (841dd121-f620-4...fe47fba0b3.json:FileInfo) [Remove-Item], DirectoryNotFoun 
   dException
    + FullyQualifiedErrorId : RemoveFileSystemItemIOError,Microsoft.PowerShell.Commands.RemoveItemCommand
Remove-Item : Cannot remove item C:\Users\66830\.gemini\antigravity\scratch\antigravity_backup_tmp\antigravity\scratch\
antigravity_backup_tmp\antigravity\scratch\antigravity_backup_tmp\antigravity\brain\182174db-080b-469e-82bf-3f6de2c73a3
6\.system_generated\messages\847c4f17-7ae5-4960-904f-a3a88a3707b3.json: Could not find a part of the path 
'847c4f17-7ae5-4960-904f-a3a88a3707b3.json'.
At line:1 char:1
+ Remove-Item -Recurse -Force 'C:\Users\66830\.gemini\antigravity\scrat ...
+ ~~~~~~~~~~~~~~~~~~~~~~~~~~~~~~~~~~~~~~~~~~~~~~~~~~~~~~~~~~~~~~~~~~~~~
    + CategoryInfo          : WriteError: (847c4f17-7ae5-4...a88a3707b3.json:FileInfo) [Remove-Item], DirectoryNotFoun 
   dException
    + FullyQualifiedErrorId : RemoveFileSystemItemIOError,Microsoft.PowerShell.Commands.RemoveItemCommand
Remove-Item : Cannot remove item C:\Users\66830\.gemini\antigravity\scratch\antigravity_backup_tmp\antigravity\scratch\
antigravity_backup_tmp\antigravity\scratch\antigravity_backup_tmp\antigravity\brain\182174db-080b-469e-82bf-3f6de2c73a3
6\.system_generated\messages\8a764e9f-d8d9-41c2-8884-4ed8382c75ef.json: Could not find a part of the path 
'8a764e9f-d8d9-41c2-8884-4ed8382c75ef.json'.
At line:1 char:1
+ Remove-Item -Recurse -Force 'C:\Users\66830\.gemini\antigravity\scrat ...
+ ~~~~~~~~~~~~~~~~~~~~~~~~~~~~~~~~~~~~~~~~~~~~~~~~~~~~~~~~~~~~~~~~~~~~~
    + CategoryInfo          : WriteError: (8a764e9f-d8d9-4...d8382c75ef.json:FileInfo) [Remove-Item], DirectoryNotFoun 
   dException
    + FullyQualifiedErrorId : RemoveFileSystemItemIOError,Microsoft.PowerShell.Commands.RemoveItemCommand
Remove-Item : Cannot remove item C:\Users\66830\.gemini\antigravity\scratch\antigravity_backup_tmp\antigravity\scratch\
antigravity_backup_tmp\antigravity\scratch\antigravity_backup_tmp\antigravity\brain\182174db-080b-469e-82bf-3f6de2c73a3
6\.system_generated\messages\8bef3987-1f5d-496a-b84a-8fcd4c731f9f.json: Could not find a part of the path 
'8bef3987-1f5d-496a-b84a-8fcd4c731f9f.json'.
At line:1 char:1
+ Remove-Item -Recurse -Force 'C:\Users\66830\.gemini\antigravity\scrat ...
+ ~~~~~~~~~~~~~~~~~~~~~~~~~~~~~~~~~~~~~~~~~~~~~~~~~~~~~~~~~~~~~~~~~~~~~
    + CategoryInfo          : WriteError: (8bef3987-1f5d-4...cd4c731f9f.json:FileInfo) [Remove-Item], DirectoryNotFoun 
   dException
    + FullyQualifiedErrorId : RemoveFileSystemItemIOError,Microsoft.PowerShell.Commands.RemoveItemCommand
Remove-Item : Cannot remove item C:\Users\66830\.gemini\antigravity\scratch\antigravity_backup_tmp\antigravity\scratch\
antigravity_backup_tmp\antigravity\scratch\antigravity_backup_tmp\antigravity\brain\182174db-080b-469e-82bf-3f6de2c73a3
6\.system_generated\messages\b09e0cac-a506-4953-a6de-f26a8001316c.json: Could not find a part of the path 
'b09e0cac-a506-4953-a6de-f26a8001316c.json'.
At line:1 char:1
+ Remove-Item -Recurse -Force 'C:\Users\66830\.gemini\antigravity\scrat ...
+ ~~~~~~~~~~~~~~~~~~~~~~~~~~~~~~~~~~~~~~~~~~~~~~~~~~~~~~~~~~~~~~~~~~~~~
    + CategoryInfo          : WriteError: (b09e0cac-a506-4...6a8001316c.json:FileInfo) [Remove-Item], DirectoryNotFoun 
   dException
    + FullyQualifiedErrorId : RemoveFileSystemItemIOError,Microsoft.PowerShell.Commands.RemoveItemCommand
Remove-Item : Cannot remove item C:\Users\66830\.gemini\antigravity\scratch\antigravity_backup_tmp\antigravity\scratch\
antigravity_backup_tmp\antigravity\scratch\antigravity_backup_tmp\antigravity\brain\182174db-080b-469e-82bf-3f6de2c73a3
6\.system_generated\messages\b422e6ad-01f2-47f4-94bd-99a3ab03c46b.json: Could not find a part of the path 
'b422e6ad-01f2-47f4-94bd-99a3ab03c46b.json'.
At line:1 char:1
+ Remove-Item -Recurse -Force 'C:\Users\66830\.gemini\antigravity\scrat ...
+ ~~~~~~~~~~~~~~~~~~~~~~~~~~~~~~~~~~~~~~~~~~~~~~~~~~~~~~~~~~~~~~~~~~~~~
    + CategoryInfo          : WriteError: (b422e6ad-01f2-4...a3ab03c46b.json:FileInfo) [Remove-Item], DirectoryNotFoun 
   dException
    + FullyQualifiedErrorId : RemoveFileSystemItemIOError,Microsoft.PowerShell.Commands.RemoveItemCommand
Remove-Item : Cannot remove item C:\Users\66830\.gemini\antigravity\scratch\antigravity_backup_tmp\antigravity\scratch\
antigravity_backup_tmp\antigravity\scratch\antigravity_backup_tmp\antigravity\brain\182174db-080b-469e-82bf-3f6de2c73a3
6\.system_generated\messages\bf84a6b1-e936-460c-aa71-7effcac4a758.json: Could not find a part of the path 
'bf84a6b1-e936-460c-aa71-7effcac4a758.json'.
At line:1 char:1
+ Remove-Item -Recurse -Force 'C:\Users\66830\.gemini\antigravity\scrat ...
+ ~~~~~~~~~~~~~~~~~~~~~~~~~~~~~~~~~~~~~~~~~~~~~~~~~~~~~~~~~~~~~~~~~~~~~
    + CategoryInfo          : WriteError: (bf84a6b1-e936-4...ffcac4a758.json:FileInfo) [Remove-Item], DirectoryNotFoun 
   dException
    + FullyQualifiedErrorId : RemoveFileSystemItemIOError,Microsoft.PowerShell.Commands.RemoveItemCommand
Remove-Item : Cannot remove item C:\Users\66830\.gemini\antigravity\scratch\antigravity_backup_tmp\antigravity\scratch\
antigravity_backup_tmp\antigravity\scratch\antigravity_backup_tmp\antigravity\brain\182174db-080b-469e-82bf-3f6de2c73a3
6\.system_generated\messages\cb3b6708-c669-407f-8f0b-8a30f5e1ff97.json: Could not find a part of the path 
'cb3b6708-c669-407f-8f0b-8a30f5e1ff97.json'.
At line:1 char:1
+ Remove-Item -Recurse -Force 'C:\Users\66830\.gemini\antigravity\scrat ...
+ ~~~~~~~~~~~~~~~~~~~~~~~~~~~~~~~~~~~~~~~~~~~~~~~~~~~~~~~~~~~~~~~~~~~~~
    + CategoryInfo          : WriteError: (cb3b6708-c669-4...30f5e1ff97.json:FileInfo) [Remove-Item], DirectoryNotFoun 
   dException
    + FullyQualifiedErrorId : RemoveFileSystemItemIOError,Microsoft.PowerShell.Commands.RemoveItemCommand
Remove-Item : Cannot remove item C:\Users\66830\.gemini\antigravity\scratch\antigravity_backup_tmp\antigravity\scratch\
antigravity_backup_tmp\antigravity\scratch\antigravity_backup_tmp\antigravity\brain\182174db-080b-469e-82bf-3f6de2c73a3
6\.system_generated\messages\cbb6a71f-8329-4d42-bd84-b9bb0f913a1a.json: Could not find a part of the path 
'cbb6a71f-8329-4d42-bd84-b9bb0f913a1a.json'.
At line:1 char:1
+ Remove-Item -Recurse -Force 'C:\Users\66830\.gemini\antigravity\scrat ...
+ ~~~~~~~~~~~~~~~~~~~~~~~~~~~~~~~~~~~~~~~~~~~~~~~~~~~~~~~~~~~~~~~~~~~~~
    + CategoryInfo          : WriteError: (cbb6a71f-8329-4...bb0f913a1a.json:FileInfo) [Remove-Item], DirectoryNotFoun 
   dException
    + FullyQualifiedErrorId : RemoveFileSystemItemIOError,Microsoft.PowerShell.Commands.RemoveItemCommand
Remove-Item : Cannot remove item C:\Users\66830\.gemini\antigravity\scratch\antigravity_backup_tmp\antigravity\scratch\
antigravity_backup_tmp\antigravity\scratch\antigravity_backup_tmp\antigravity\brain\182174db-080b-469e-82bf-3f6de2c73a3
6\.system_generated\messages\cd708eef-7f01-48ab-a3e1-ee56df2f887f.json: Could not find a part of the path 
'cd708eef-7f01-48ab-a3e1-ee56df2f887f.json'.
At line:1 char:1
+ Remove-Item -Recurse -Force 'C:\Users\66830\.gemini\antigravity\scrat ...
+ ~~~~~~~~~~~~~~~~~~~~~~~~~~~~~~~~~~~~~~~~~~~~~~~~~~~~~~~~~~~~~~~~~~~~~
    + CategoryInfo          : WriteError: (cd708eef-7f01-4...56df2f887f.json:FileInfo) [Remove-Item], DirectoryNotFoun 
   dException
    + FullyQualifiedErrorId : RemoveFileSystemItemIOError,Microsoft.PowerShell.Commands.RemoveItemCommand
Remove-Item : Cannot remove item C:\Users\66830\.gemini\antigravity\scratch\antigravity_backup_tmp\antigravity\scratch\
antigravity_backup_tmp\antigravity\scratch\antigravity_backup_tmp\antigravity\brain\182174db-080b-469e-82bf-3f6de2c73a3
6\.system_generated\messages\d277768a-74a8-4562-99ad-b810f6786f7c.json: Could not find a part of the path 
'd277768a-74a8-4562-99ad-b810f6786f7c.json'.
At line:1 char:1
+ Remove-Item -Recurse -Force 'C:\Users\66830\.gemini\antigravity\scrat ...
+ ~~~~~~~~~~~~~~~~~~~~~~~~~~~~~~~~~~~~~~~~~~~~~~~~~~~~~~~~~~~~~~~~~~~~~
    + CategoryInfo          : WriteError: (d277768a-74a8-4...10f6786f7c.json:FileInfo) [Remove-Item], DirectoryNotFoun 
   dException
    + FullyQualifiedErrorId : RemoveFileSystemItemIOError,Microsoft.PowerShell.Commands.RemoveItemCommand
Remove-Item : Cannot remove item C:\Users\66830\.gemini\antigravity\scratch\antigravity_backup_tmp\antigravity\scratch\
antigravity_backup_tmp\antigravity\scratch\antigravity_backup_tmp\antigravity\brain\182174db-080b-469e-82bf-3f6de2c73a3
6\.system_generated\messages\de454a80-44d5-4a92-89a9-43f768b85cd7.json: Could not find a part of the path 
'de454a80-44d5-4a92-89a9-43f768b85cd7.json'.
At line:1 char:1
+ Remove-Item -Recurse -Force 'C:\Users\66830\.gemini\antigravity\scrat ...
+ ~~~~~~~~~~~~~~~~~~~~~~~~~~~~~~~~~~~~~~~~~~~~~~~~~~~~~~~~~~~~~~~~~~~~~
    + CategoryInfo          : WriteError: (de454a80-44d5-4...f768b85cd7.json:FileInfo) [Remove-Item], DirectoryNotFoun 
   dException
    + FullyQualifiedErrorId : RemoveFileSystemItemIOError,Microsoft.PowerShell.Commands.RemoveItemCommand
Remove-Item : Cannot remove item C:\Users\66830\.gemini\antigravity\scratch\antigravity_backup_tmp\antigravity\scratch\
antigravity_backup_tmp\antigravity\scratch\antigravity_backup_tmp\antigravity\brain\182174db-080b-469e-82bf-3f6de2c73a3
6\.system_generated\messages\e783e6b6-2dcc-4ddd-86db-32a1b7092d8a.json: Could not find a part of the path 
'e783e6b6-2dcc-4ddd-86db-32a1b7092d8a.json'.
At line:1 char:1
+ Remove-Item -Recurse -Force 'C:\Users\66830\.gemini\antigravity\scrat ...
+ ~~~~~~~~~~~~~~~~~~~~~~~~~~~~~~~~~~~~~~~~~~~~~~~~~~~~~~~~~~~~~~~~~~~~~
    + CategoryInfo          : WriteError: (e783e6b6-2dcc-4...a1b7092d8a.json:FileInfo) [Remove-Item], DirectoryNotFoun 
   dException
    + FullyQualifiedErrorId : RemoveFileSystemItemIOError,Microsoft.PowerShell.Commands.RemoveItemCommand
Remove-Item : Cannot remove item C:\Users\66830\.gemini\antigravity\scratch\antigravity_backup_tmp\antigravity\scratch\
antigravity_backup_tmp\antigravity\scratch\antigravity_backup_tmp\antigravity\brain\182174db-080b-469e-82bf-3f6de2c73a3
6\.system_generated\messages: The directory is not empty.
At line:1 char:1
+ Remove-Item -Recurse -Force 'C:\Users\66830\.gemini\antigravity\scrat ...
+ ~~~~~~~~~~~~~~~~~~~~~~~~~~~~~~~~~~~~~~~~~~~~~~~~~~~~~~~~~~~~~~~~~~~~~
    + CategoryInfo          : WriteError: (messages:DirectoryInfo) [Remove-Item], IOException
    + FullyQualifiedErrorId : RemoveFileSystemItemIOError,Microsoft.PowerShell.Commands.RemoveItemCommand
Remove-Item : Cannot remove item C:\Users\66830\.gemini\antigravity\scratch\antigravity_backup_tmp\antigravity\scratch\
antigravity_backup_tmp\antigravity\scratch\antigravity_backup_tmp\antigravity\brain\182174db-080b-469e-82bf-3f6de2c73a3
6\.system_generated: The directory is not empty.
At line:1 char:1
+ Remove-Item -Recurse -Force 'C:\Users\66830\.gemini\antigravity\scrat ...
+ ~~~~~~~~~~~~~~~~~~~~~~~~~~~~~~~~~~~~~~~~~~~~~~~~~~~~~~~~~~~~~~~~~~~~~
    + CategoryInfo          : WriteError: (.system_generated:DirectoryInfo) [Remove-Item], IOException
    + FullyQualifiedErrorId : RemoveFileSystemItemIOError,Microsoft.PowerShell.Commands.RemoveItemCommand
Remove-Item : Cannot remove item C:\Users\66830\.gemini\antigravity\scratch\antigravity_backup_tmp\antigravity\scratch\
antigravity_backup_tmp\antigravity\scratch\antigravity_backup_tmp\antigravity\brain\182174db-080b-469e-82bf-3f6de2c73a3
6\task-1497\.system_generated\messages\268ac20c-78a6-4923-a697-ca0db960f8e0.json: Could not find a part of the path 
'268ac20c-78a6-4923-a697-ca0db960f8e0.json'.
At line:1 char:1
+ Remove-Item -Recurse -Force 'C:\Users\66830\.gemini\antigravity\scrat ...
+ ~~~~~~~~~~~~~~~~~~~~~~~~~~~~~~~~~~~~~~~~~~~~~~~~~~~~~~~~~~~~~~~~~~~~~
    + CategoryInfo          : WriteError: (268ac20c-78a6-4...0db960f8e0.json:FileInfo) [Remove-Item], DirectoryNotFoun 
   dException
    + FullyQualifiedErrorId : RemoveFileSystemItemIOError,Microsoft.PowerShell.Commands.RemoveItemCommand
Remove-Item : Cannot remove item C:\Users\66830\.gemini\antigravity\scratch\antigravity_backup_tmp\antigravity\scratch\
antigravity_backup_tmp\antigravity\scratch\antigravity_backup_tmp\antigravity\brain\182174db-080b-469e-82bf-3f6de2c73a3
6\task-1497\.system_generated\messages\638747f7-6615-4142-8fe8-aec8839f9667.json: Could not find a part of the path 
'638747f7-6615-4142-8fe8-aec8839f9667.json'.
At line:1 char:1
+ Remove-Item -Recurse -Force 'C:\Users\66830\.gemini\antigravity\scrat ...
+ ~~~~~~~~~~~~~~~~~~~~~~~~~~~~~~~~~~~~~~~~~~~~~~~~~~~~~~~~~~~~~~~~~~~~~
    + CategoryInfo          : WriteError: (638747f7-6615-4...c8839f9667.json:FileInfo) [Remove-Item], DirectoryNotFoun 
   dException
    + FullyQualifiedErrorId : RemoveFileSystemItemIOError,Microsoft.PowerShell.Commands.RemoveItemCommand
Remove-Item : Cannot remove item C:\Users\66830\.gemini\antigravity\scratch\antigravity_backup_tmp\antigravity\scratch\
antigravity_backup_tmp\antigravity\scratch\antigravity_backup_tmp\antigravity\brain\182174db-080b-469e-82bf-3f6de2c73a3
6\task-1497\.system_generated\messages\792cf698-adf7-4191-be14-54c44b3e9bd7.json: Could not find a part of the path 
'792cf698-adf7-4191-be14-54c44b3e9bd7.json'.
At line:1 char:1
+ Remove-Item -Recurse -Force 'C:\Users\66830\.gemini\antigravity\scrat ...
+ ~~~~~~~~~~~~~~~~~~~~~~~~~~~~~~~~~~~~~~~~~~~~~~~~~~~~~~~~~~~~~~~~~~~~~
    + CategoryInfo          : WriteError: (792cf698-adf7-4...c44b3e9bd7.json:FileInfo) [Remove-Item], DirectoryNotFoun 
   dException
    + FullyQualifiedErrorId : RemoveFileSystemItemIOError,Microsoft.PowerShell.Commands.RemoveItemCommand
Remove-Item : Cannot remove item C:\Users\66830\.gemini\antigravity\scratch\antigravity_backup_tmp\antigravity\scratch\
antigravity_backup_tmp\antigravity\scratch\antigravity_backup_tmp\antigravity\brain\182174db-080b-469e-82bf-3f6de2c73a3
6\task-1497\.system_generated\messages\8f4462dc-5fc9-463d-91c9-4b521173ee80.json: Could not find a part of the path 
'8f4462dc-5fc9-463d-91c9-4b521173ee80.json'.
At line:1 char:1
+ Remove-Item -Recurse -Force 'C:\Users\66830\.gemini\antigravity\scrat ...
+ ~~~~~~~~~~~~~~~~~~~~~~~~~~~~~~~~~~~~~~~~~~~~~~~~~~~~~~~~~~~~~~~~~~~~~
    + CategoryInfo          : WriteError: (8f4462dc-5fc9-4...521173ee80.json:FileInfo) [Remove-Item], DirectoryNotFoun 
   dException
    + FullyQualifiedErrorId : RemoveFileSystemItemIOError,Microsoft.PowerShell.Commands.RemoveItemCommand
Remove-Item : Cannot remove item C:\Users\66830\.gemini\antigravity\scratch\antigravity_backup_tmp\antigravity\scratch\
antigravity_backup_tmp\antigravity\scratch\antigravity_backup_tmp\antigravity\brain\182174db-080b-469e-82bf-3f6de2c73a3
6\task-1497\.system_generated\messages\d1af8f64-15b1-41fa-a56f-a82ed8ddf15d.json: Could not find a part of the path 
'd1af8f64-15b1-41fa-a56f-a82ed8ddf15d.json'.
At line:1 char:1
+ Remove-Item -Recurse -Force 'C:\Users\66830\.gemini\antigravity\scrat ...
+ ~~~~~~~~~~~~~~~~~~~~~~~~~~~~~~~~~~~~~~~~~~~~~~~~~~~~~~~~~~~~~~~~~~~~~
    + CategoryInfo          : WriteError: (d1af8f64-15b1-4...2ed8ddf15d.json:FileInfo) [Remove-Item], DirectoryNotFoun 
   dException
    + FullyQualifiedErrorId : RemoveFileSystemItemIOError,Microsoft.PowerShell.Commands.RemoveItemCommand
Remove-Item : Cannot remove item C:\Users\66830\.gemini\antigravity\scratch\antigravity_backup_tmp\antigravity\scratch\
antigravity_backup_tmp\antigravity\scratch\antigravity_backup_tmp\antigravity\brain\182174db-080b-469e-82bf-3f6de2c73a3
6\task-1497\.system_generated\messages\e23c0f5c-326b-4955-aed4-8a883fde91c7.json: Could not find a part of the path 
'e23c0f5c-326b-4955-aed4-8a883fde91c7.json'.
At line:1 char:1
+ Remove-Item -Recurse -Force 'C:\Users\66830\.gemini\antigravity\scrat ...
+ ~~~~~~~~~~~~~~~~~~~~~~~~~~~~~~~~~~~~~~~~~~~~~~~~~~~~~~~~~~~~~~~~~~~~~
    + CategoryInfo          : WriteError: (e23c0f5c-326b-4...883fde91c7.json:FileInfo) [Remove-Item], DirectoryNotFoun 
   dException
    + FullyQualifiedErrorId : RemoveFileSystemItemIOError,Microsoft.PowerShell.Commands.RemoveItemCommand
Remove-Item : Cannot remove item C:\Users\66830\.gemini\antigravity\scratch\antigravity_backup_tmp\antigravity\scratch\
antigravity_backup_tmp\antigravity\scratch\antigravity_backup_tmp\antigravity\brain\182174db-080b-469e-82bf-3f6de2c73a3
6\task-1497\.system_generated\messages: The directory is not empty.
At line:1 char:1
+ Remove-Item -Recurse -Force 'C:\Users\66830\.gemini\antigravity\scrat ...
+ ~~~~~~~~~~~~~~~~~~~~~~~~~~~~~~~~~~~~~~~~~~~~~~~~~~~~~~~~~~~~~~~~~~~~~
    + CategoryInfo          : WriteError: (messages:DirectoryInfo) [Remove-Item], IOException
    + FullyQualifiedErrorId : RemoveFileSystemItemIOError,Microsoft.PowerShell.Commands.RemoveItemCommand
Remove-Item : Cannot remove item C:\Users\66830\.gemini\antigravity\scratch\antigravity_backup_tmp\antigravity\scratch\
antigravity_backup_tmp\antigravity\scratch\antigravity_backup_tmp\antigravity\brain\182174db-080b-469e-82bf-3f6de2c73a3
6\task-1497\.system_generated: The directory is not empty.
At line:1 char:1
+ Remove-Item -Recurse -Force 'C:\Users\66830\.gemini\antigravity\scrat ...
+ ~~~~~~~~~~~~~~~~~~~~~~~~~~~~~~~~~~~~~~~~~~~~~~~~~~~~~~~~~~~~~~~~~~~~~
    + CategoryInfo          : WriteError: (.system_generated:DirectoryInfo) [Remove-Item], IOException
    + FullyQualifiedErrorId : RemoveFileSystemItemIOError,Microsoft.PowerShell.Commands.RemoveItemCommand
Remove-Item : Cannot remove item C:\Users\66830\.gemini\antigravity\scratch\antigravity_backup_tmp\antigravity\scratch\
antigravity_backup_tmp\antigravity\scratch\antigravity_backup_tmp\antigravity\brain\182174db-080b-469e-82bf-3f6de2c73a3
6\task-1497: The directory is not empty.
At line:1 char:1
+ Remove-Item -Recurse -Force 'C:\Users\66830\.gemini\antigravity\scrat ...
+ ~~~~~~~~~~~~~~~~~~~~~~~~~~~~~~~~~~~~~~~~~~~~~~~~~~~~~~~~~~~~~~~~~~~~~
    + CategoryInfo          : WriteError: (task-1497:DirectoryInfo) [Remove-Item], IOException
    + FullyQualifiedErrorId : RemoveFileSystemItemIOError,Microsoft.PowerShell.Commands.RemoveItemCommand
Remove-Item : Cannot remove item C:\Users\66830\.gemini\antigravity\scratch\antigravity_backup_tmp\antigravity\scratch\
antigravity_backup_tmp\antigravity\scratch\antigravity_backup_tmp\antigravity\brain\182174db-080b-469e-82bf-3f6de2c73a3
6\task-1620\.system_generated\messages\4c6e6d15-83b0-4162-9830-d92be076aab6.json: Could not find a part of the path 
'4c6e6d15-83b0-4162-9830-d92be076aab6.json'.
At line:1 char:1
+ Remove-Item -Recurse -Force 'C:\Users\66830\.gemini\antigravity\scrat ...
+ ~~~~~~~~~~~~~~~~~~~~~~~~~~~~~~~~~~~~~~~~~~~~~~~~~~~~~~~~~~~~~~~~~~~~~
    + CategoryInfo          : WriteError: (4c6e6d15-83b0-4...2be076aab6.json:FileInfo) [Remove-Item], DirectoryNotFoun 
   dException
    + FullyQualifiedErrorId : RemoveFileSystemItemIOError,Microsoft.PowerShell.Commands.RemoveItemCommand
Remove-Item : Cannot remove item C:\Users\66830\.gemini\antigravity\scratch\antigravity_backup_tmp\antigravity\scratch\
antigravity_backup_tmp\antigravity\scratch\antigravity_backup_tmp\antigravity\brain\182174db-080b-469e-82bf-3f6de2c73a3
6\task-1620\.system_generated\messages\a2c26a39-53a3-40bc-8f71-ae6238d7ec23.json: Could not find a part of the path 
'a2c26a39-53a3-40bc-8f71-ae6238d7ec23.json'.
At line:1 char:1
+ Remove-Item -Recurse -Force 'C:\Users\66830\.gemini\antigravity\scrat ...
+ ~~~~~~~~~~~~~~~~~~~~~~~~~~~~~~~~~~~~~~~~~~~~~~~~~~~~~~~~~~~~~~~~~~~~~
    + CategoryInfo          : WriteError: (a2c26a39-53a3-4...6238d7ec23.json:FileInfo) [Remove-Item], DirectoryNotFoun 
   dException
    + FullyQualifiedErrorId : RemoveFileSystemItemIOError,Microsoft.PowerShell.Commands.RemoveItemCommand
Remove-Item : Cannot remove item C:\Users\66830\.gemini\antigravity\scratch\antigravity_backup_tmp\antigravity\scratch\
antigravity_backup_tmp\antigravity\scratch\antigravity_backup_tmp\antigravity\brain\182174db-080b-469e-82bf-3f6de2c73a3
6\task-1620\.system_generated\messages: The directory is not empty.
At line:1 char:1
+ Remove-Item -Recurse -Force 'C:\Users\66830\.gemini\antigravity\scrat ...
+ ~~~~~~~~~~~~~~~~~~~~~~~~~~~~~~~~~~~~~~~~~~~~~~~~~~~~~~~~~~~~~~~~~~~~~
    + CategoryInfo          : WriteError: (messages:DirectoryInfo) [Remove-Item], IOException
    + FullyQualifiedErrorId : RemoveFileSystemItemIOError,Microsoft.PowerShell.Commands.RemoveItemCommand
Remove-Item : Cannot remove item C:\Users\66830\.gemini\antigravity\scratch\antigravity_backup_tmp\antigravity\scratch\
antigravity_backup_tmp\antigravity\scratch\antigravity_backup_tmp\antigravity\brain\182174db-080b-469e-82bf-3f6de2c73a3
6\task-1620\.system_generated: The directory is not empty.
At line:1 char:1
+ Remove-Item -Recurse -Force 'C:\Users\66830\.gemini\antigravity\scrat ...
+ ~~~~~~~~~~~~~~~~~~~~~~~~~~~~~~~~~~~~~~~~~~~~~~~~~~~~~~~~~~~~~~~~~~~~~
    + CategoryInfo          : WriteError: (.system_generated:DirectoryInfo) [Remove-Item], IOException
    + FullyQualifiedErrorId : RemoveFileSystemItemIOError,Microsoft.PowerShell.Commands.RemoveItemCommand
Remove-Item : Cannot remove item C:\Users\66830\.gemini\antigravity\scratch\antigravity_backup_tmp\antigravity\scratch\
antigravity_backup_tmp\antigravity\scratch\antigravity_backup_tmp\antigravity\brain\182174db-080b-469e-82bf-3f6de2c73a3
6\task-1620: The directory is not empty.
At line:1 char:1
+ Remove-Item -Recurse -Force 'C:\Users\66830\.gemini\antigravity\scrat ...
+ ~~~~~~~~~~~~~~~~~~~~~~~~~~~~~~~~~~~~~~~~~~~~~~~~~~~~~~~~~~~~~~~~~~~~~
    + CategoryInfo          : WriteError: (task-1620:DirectoryInfo) [Remove-Item], IOException
    + FullyQualifiedErrorId : RemoveFileSystemItemIOError,Microsoft.PowerShell.Commands.RemoveItemCommand
Remove-Item : Cannot remove item C:\Users\66830\.gemini\antigravity\scratch\antigravity_backup_tmp\antigravity\scratch\
antigravity_backup_tmp\antigravity\scratch\antigravity_backup_tmp\antigravity\brain\182174db-080b-469e-82bf-3f6de2c73a3
6: The directory is not empty.
At line:1 char:1
+ Remove-Item -Recurse -Force 'C:\Users\66830\.gemini\antigravity\scrat ...
+ ~~~~~~~~~~~~~~~~~~~~~~~~~~~~~~~~~~~~~~~~~~~~~~~~~~~~~~~~~~~~~~~~~~~~~
    + CategoryInfo          : WriteError: (182174db-080b-469e-82bf-3f6de2c73a36:DirectoryInfo) [Remove-Item], IOExcept 
   ion
    + FullyQualifiedErrorId : RemoveFileSystemItemIOError,Microsoft.PowerShell.Commands.RemoveItemCommand
Remove-Item : Cannot remove item C:\Users\66830\.gemini\antigravity\scratch\antigravity_backup_tmp\antigravity\scratch\
antigravity_backup_tmp\antigravity\scratch\antigravity_backup_tmp\antigravity\brain\586cf41d-93f0-4b1b-bfd8-64ab5e5e444
4\.system_generated\messages\undelivered\2cbedb4e-1e90-4832-b705-9649f9790a9b: Could not find a part of the path 
'2cbedb4e-1e90-4832-b705-9649f9790a9b'.
At line:1 char:1
+ Remove-Item -Recurse -Force 'C:\Users\66830\.gemini\antigravity\scrat ...
+ ~~~~~~~~~~~~~~~~~~~~~~~~~~~~~~~~~~~~~~~~~~~~~~~~~~~~~~~~~~~~~~~~~~~~~
    + CategoryInfo          : WriteError: (2cbedb4e-1e90-4832-b705-9649f9790a9b:FileInfo) [Remove-Item], DirectoryNotF 
   oundException
    + FullyQualifiedErrorId : RemoveFileSystemItemIOError,Microsoft.PowerShell.Commands.RemoveItemCommand
Remove-Item : Cannot remove item C:\Users\66830\.gemini\antigravity\scratch\antigravity_backup_tmp\antigravity\scratch\
antigravity_backup_tmp\antigravity\scratch\antigravity_backup_tmp\antigravity\brain\586cf41d-93f0-4b1b-bfd8-64ab5e5e444
4\.system_generated\messages\undelivered: The directory is not empty.
At line:1 char:1
+ Remove-Item -Recurse -Force 'C:\Users\66830\.gemini\antigravity\scrat ...
+ ~~~~~~~~~~~~~~~~~~~~~~~~~~~~~~~~~~~~~~~~~~~~~~~~~~~~~~~~~~~~~~~~~~~~~
    + CategoryInfo          : WriteError: (undelivered:DirectoryInfo) [Remove-Item], IOException
    + FullyQualifiedErrorId : RemoveFileSystemItemIOError,Microsoft.PowerShell.Commands.RemoveItemCommand
Remove-Item : Cannot remove item C:\Users\66830\.gemini\antigravity\scratch\antigravity_backup_tmp\antigravity\scratch\
antigravity_backup_tmp\antigravity\scratch\antigravity_backup_tmp\antigravity\brain\586cf41d-93f0-4b1b-bfd8-64ab5e5e444
4\.system_generated\messages\0fd4f527-ac23-4102-bef2-03595ca38d74.json: Could not find a part of the path 
'0fd4f527-ac23-4102-bef2-03595ca38d74.json'.
At line:1 char:1
+ Remove-Item -Recurse -Force 'C:\Users\66830\.gemini\antigravity\scrat ...
+ ~~~~~~~~~~~~~~~~~~~~~~~~~~~~~~~~~~~~~~~~~~~~~~~~~~~~~~~~~~~~~~~~~~~~~
    + CategoryInfo          : WriteError: (0fd4f527-ac23-4...595ca38d74.json:FileInfo) [Remove-Item], DirectoryNotFoun 
   dException
    + FullyQualifiedErrorId : RemoveFileSystemItemIOError,Microsoft.PowerShell.Commands.RemoveItemCommand
Remove-Item : Cannot remove item C:\Users\66830\.gemini\antigravity\scratch\antigravity_backup_tmp\antigravity\scratch\
antigravity_backup_tmp\antigravity\scratch\antigravity_backup_tmp\antigravity\brain\586cf41d-93f0-4b1b-bfd8-64ab5e5e444
4\.system_generated\messages\2cbedb4e-1e90-4832-b705-9649f9790a9b.json: Could not find a part of the path 
'2cbedb4e-1e90-4832-b705-9649f9790a9b.json'.
At line:1 char:1
+ Remove-Item -Recurse -Force 'C:\Users\66830\.gemini\antigravity\scrat ...
+ ~~~~~~~~~~~~~~~~~~~~~~~~~~~~~~~~~~~~~~~~~~~~~~~~~~~~~~~~~~~~~~~~~~~~~
    + CategoryInfo          : WriteError: (2cbedb4e-1e90-4...49f9790a9b.json:FileInfo) [Remove-Item], DirectoryNotFoun 
   dException
    + FullyQualifiedErrorId : RemoveFileSystemItemIOError,Microsoft.PowerShell.Commands.RemoveItemCommand
Remove-Item : Cannot remove item C:\Users\66830\.gemini\antigravity\scratch\antigravity_backup_tmp\antigravity\scratch\
antigravity_backup_tmp\antigravity\scratch\antigravity_backup_tmp\antigravity\brain\586cf41d-93f0-4b1b-bfd8-64ab5e5e444
4\.system_generated\messages\4be0f376-0969-435f-953c-54bf6a63fa34.json: Could not find a part of the path 
'4be0f376-0969-435f-953c-54bf6a63fa34.json'.
At line:1 char:1
+ Remove-Item -Recurse -Force 'C:\Users\66830\.gemini\antigravity\scrat ...
+ ~~~~~~~~~~~~~~~~~~~~~~~~~~~~~~~~~~~~~~~~~~~~~~~~~~~~~~~~~~~~~~~~~~~~~
    + CategoryInfo          : WriteError: (4be0f376-0969-4...bf6a63fa34.json:FileInfo) [Remove-Item], DirectoryNotFoun 
   dException
    + FullyQualifiedErrorId : RemoveFileSystemItemIOError,Microsoft.PowerShell.Commands.RemoveItemCommand
Remove-Item : Cannot remove item C:\Users\66830\.gemini\antigravity\scratch\antigravity_backup_tmp\antigravity\scratch\
antigravity_backup_tmp\antigravity\scratch\antigravity_backup_tmp\antigravity\brain\586cf41d-93f0-4b1b-bfd8-64ab5e5e444
4\.system_generated\messages\52b50379-4bb3-4038-b468-11f59b023c26.json: Could not find a part of the path 
'52b50379-4bb3-4038-b468-11f59b023c26.json'.
At line:1 char:1
+ Remove-Item -Recurse -Force 'C:\Users\66830\.gemini\antigravity\scrat ...
+ ~~~~~~~~~~~~~~~~~~~~~~~~~~~~~~~~~~~~~~~~~~~~~~~~~~~~~~~~~~~~~~~~~~~~~
    + CategoryInfo          : WriteError: (52b50379-4bb3-4...f59b023c26.json:FileInfo) [Remove-Item], DirectoryNotFoun 
   dException
    + FullyQualifiedErrorId : RemoveFileSystemItemIOError,Microsoft.PowerShell.Commands.RemoveItemCommand
Remove-Item : Cannot remove item C:\Users\66830\.gemini\antigravity\scratch\antigravity_backup_tmp\antigravity\scratch\
antigravity_backup_tmp\antigravity\scratch\antigravity_backup_tmp\antigravity\brain\586cf41d-93f0-4b1b-bfd8-64ab5e5e444
4\.system_generated\messages\5881adf4-0d25-464a-8a89-992bbeb3dc86.json: Could not find a part of the path 
'5881adf4-0d25-464a-8a89-992bbeb3dc86.json'.
At line:1 char:1
+ Remove-Item -Recurse -Force 'C:\Users\66830\.gemini\antigravity\scrat ...
+ ~~~~~~~~~~~~~~~~~~~~~~~~~~~~~~~~~~~~~~~~~~~~~~~~~~~~~~~~~~~~~~~~~~~~~
    + CategoryInfo          : WriteError: (5881adf4-0d25-4...2bbeb3dc86.json:FileInfo) [Remove-Item], DirectoryNotFoun 
   dException
    + FullyQualifiedErrorId : RemoveFileSystemItemIOError,Microsoft.PowerShell.Commands.RemoveItemCommand
Remove-Item : Cannot remove item C:\Users\66830\.gemini\antigravity\scratch\antigravity_backup_tmp\antigravity\scratch\
antigravity_backup_tmp\antigravity\scratch\antigravity_backup_tmp\antigravity\brain\586cf41d-93f0-4b1b-bfd8-64ab5e5e444
4\.system_generated\messages\5cd8c98a-394b-4773-b1e3-af84c73a2993.json: Could not find a part of the path 
'5cd8c98a-394b-4773-b1e3-af84c73a2993.json'.
At line:1 char:1
+ Remove-Item -Recurse -Force 'C:\Users\66830\.gemini\antigravity\scrat ...
+ ~~~~~~~~~~~~~~~~~~~~~~~~~~~~~~~~~~~~~~~~~~~~~~~~~~~~~~~~~~~~~~~~~~~~~
    + CategoryInfo          : WriteError: (5cd8c98a-394b-4...84c73a2993.json:FileInfo) [Remove-Item], DirectoryNotFoun 
   dException
    + FullyQualifiedErrorId : RemoveFileSystemItemIOError,Microsoft.PowerShell.Commands.RemoveItemCommand
Remove-Item : Cannot remove item C:\Users\66830\.gemini\antigravity\scratch\antigravity_backup_tmp\antigravity\scratch\
antigravity_backup_tmp\antigravity\scratch\antigravity_backup_tmp\antigravity\brain\586cf41d-93f0-4b1b-bfd8-64ab5e5e444
4\.system_generated\messages\6e352f02-20a2-4d47-b6a5-4fbacd489662.json: Could not find a part of the path 
'6e352f02-20a2-4d47-b6a5-4fbacd489662.json'.
At line:1 char:1
+ Remove-Item -Recurse -Force 'C:\Users\66830\.gemini\antigravity\scrat ...
+ ~~~~~~~~~~~~~~~~~~~~~~~~~~~~~~~~~~~~~~~~~~~~~~~~~~~~~~~~~~~~~~~~~~~~~
    + CategoryInfo          : WriteError: (6e352f02-20a2-4...bacd489662.json:FileInfo) [Remove-Item], DirectoryNotFoun 
   dException
    + FullyQualifiedErrorId : RemoveFileSystemItemIOError,Microsoft.PowerShell.Commands.RemoveItemCommand
Remove-Item : Cannot remove item C:\Users\66830\.gemini\antigravity\scratch\antigravity_backup_tmp\antigravity\scratch\
antigravity_backup_tmp\antigravity\scratch\antigravity_backup_tmp\antigravity\brain\586cf41d-93f0-4b1b-bfd8-64ab5e5e444
4\.system_generated\messages\72e29e84-e215-4fbf-a7d1-0976739d7311.json: Could not find a part of the path 
'72e29e84-e215-4fbf-a7d1-0976739d7311.json'.
At line:1 char:1
+ Remove-Item -Recurse -Force 'C:\Users\66830\.gemini\antigravity\scrat ...
+ ~~~~~~~~~~~~~~~~~~~~~~~~~~~~~~~~~~~~~~~~~~~~~~~~~~~~~~~~~~~~~~~~~~~~~
    + CategoryInfo          : WriteError: (72e29e84-e215-4...76739d7311.json:FileInfo) [Remove-Item], DirectoryNotFoun 
   dException
    + FullyQualifiedErrorId : RemoveFileSystemItemIOError,Microsoft.PowerShell.Commands.RemoveItemCommand
Remove-Item : Cannot remove item C:\Users\66830\.gemini\antigravity\scratch\antigravity_backup_tmp\antigravity\scratch\
antigravity_backup_tmp\antigravity\scratch\antigravity_backup_tmp\antigravity\brain\586cf41d-93f0-4b1b-bfd8-64ab5e5e444
4\.system_generated\messages\7df01b3e-dfc9-4a02-a824-ed16ebde6c54.json: Could not find a part of the path 
'7df01b3e-dfc9-4a02-a824-ed16ebde6c54.json'.
At line:1 char:1
+ Remove-Item -Recurse -Force 'C:\Users\66830\.gemini\antigravity\scrat ...
+ ~~~~~~~~~~~~~~~~~~~~~~~~~~~~~~~~~~~~~~~~~~~~~~~~~~~~~~~~~~~~~~~~~~~~~
    + CategoryInfo          : WriteError: (7df01b3e-dfc9-4...16ebde6c54.json:FileInfo) [Remove-Item], DirectoryNotFoun 
   dException
    + FullyQualifiedErrorId : RemoveFileSystemItemIOError,Microsoft.PowerShell.Commands.RemoveItemCommand
Remove-Item : Cannot remove item C:\Users\66830\.gemini\antigravity\scratch\antigravity_backup_tmp\antigravity\scratch\
antigravity_backup_tmp\antigravity\scratch\antigravity_backup_tmp\antigravity\brain\586cf41d-93f0-4b1b-bfd8-64ab5e5e444
4\.system_generated\messages\7edeb52e-ac78-4d99-9762-898d81703bfa.json: Could not find a part of the path 
'7edeb52e-ac78-4d99-9762-898d81703bfa.json'.
At line:1 char:1
+ Remove-Item -Recurse -Force 'C:\Users\66830\.gemini\antigravity\scrat ...
+ ~~~~~~~~~~~~~~~~~~~~~~~~~~~~~~~~~~~~~~~~~~~~~~~~~~~~~~~~~~~~~~~~~~~~~
    + CategoryInfo          : WriteError: (7edeb52e-ac78-4...8d81703bfa.json:FileInfo) [Remove-Item], DirectoryNotFoun 
   dException
    + FullyQualifiedErrorId : RemoveFileSystemItemIOError,Microsoft.PowerShell.Commands.RemoveItemCommand
Remove-Item : Cannot remove item C:\Users\66830\.gemini\antigravity\scratch\antigravity_backup_tmp\antigravity\scratch\
antigravity_backup_tmp\antigravity\scratch\antigravity_backup_tmp\antigravity\brain\586cf41d-93f0-4b1b-bfd8-64ab5e5e444
4\.system_generated\messages\8612d83d-ff42-485e-9d8d-a3422d708a07.json: Could not find a part of the path 
'8612d83d-ff42-485e-9d8d-a3422d708a07.json'.
At line:1 char:1
+ Remove-Item -Recurse -Force 'C:\Users\66830\.gemini\antigravity\scrat ...
+ ~~~~~~~~~~~~~~~~~~~~~~~~~~~~~~~~~~~~~~~~~~~~~~~~~~~~~~~~~~~~~~~~~~~~~
    + CategoryInfo          : WriteError: (8612d83d-ff42-4...422d708a07.json:FileInfo) [Remove-Item], DirectoryNotFoun 
   dException
    + FullyQualifiedErrorId : RemoveFileSystemItemIOError,Microsoft.PowerShell.Commands.RemoveItemCommand
Remove-Item : Cannot remove item C:\Users\66830\.gemini\antigravity\scratch\antigravity_backup_tmp\antigravity\scratch\
antigravity_backup_tmp\antigravity\scratch\antigravity_backup_tmp\antigravity\brain\586cf41d-93f0-4b1b-bfd8-64ab5e5e444
4\.system_generated\messages\88dc0cc2-278c-4735-8587-231369e29fa2.json: Could not find a part of the path 
'88dc0cc2-278c-4735-8587-231369e29fa2.json'.
At line:1 char:1
+ Remove-Item -Recurse -Force 'C:\Users\66830\.gemini\antigravity\scrat ...
+ ~~~~~~~~~~~~~~~~~~~~~~~~~~~~~~~~~~~~~~~~~~~~~~~~~~~~~~~~~~~~~~~~~~~~~
    + CategoryInfo          : WriteError: (88dc0cc2-278c-4...1369e29fa2.json:FileInfo) [Remove-Item], DirectoryNotFoun 
   dException
    + FullyQualifiedErrorId : RemoveFileSystemItemIOError,Microsoft.PowerShell.Commands.RemoveItemCommand
Remove-Item : Cannot remove item C:\Users\66830\.gemini\antigravity\scratch\antigravity_backup_tmp\antigravity\scratch\
antigravity_backup_tmp\antigravity\scratch\antigravity_backup_tmp\antigravity\brain\586cf41d-93f0-4b1b-bfd8-64ab5e5e444
4\.system_generated\messages\8e998a7d-cb0e-43d6-898b-3d77bb349da1.json: Could not find a part of the path 
'8e998a7d-cb0e-43d6-898b-3d77bb349da1.json'.
At line:1 char:1
+ Remove-Item -Recurse -Force 'C:\Users\66830\.gemini\antigravity\scrat ...
+ ~~~~~~~~~~~~~~~~~~~~~~~~~~~~~~~~~~~~~~~~~~~~~~~~~~~~~~~~~~~~~~~~~~~~~
    + CategoryInfo          : WriteError: (8e998a7d-cb0e-4...77bb349da1.json:FileInfo) [Remove-Item], DirectoryNotFoun 
   dException
    + FullyQualifiedErrorId : RemoveFileSystemItemIOError,Microsoft.PowerShell.Commands.RemoveItemCommand
Remove-Item : Cannot remove item C:\Users\66830\.gemini\antigravity\scratch\antigravity_backup_tmp\antigravity\scratch\
antigravity_backup_tmp\antigravity\scratch\antigravity_backup_tmp\antigravity\brain\586cf41d-93f0-4b1b-bfd8-64ab5e5e444
4\.system_generated\messages\90eb6865-d5df-4713-866a-0c973c6423b7.json: Could not find a part of the path 
'90eb6865-d5df-4713-866a-0c973c6423b7.json'.
At line:1 char:1
+ Remove-Item -Recurse -Force 'C:\Users\66830\.gemini\antigravity\scrat ...
+ ~~~~~~~~~~~~~~~~~~~~~~~~~~~~~~~~~~~~~~~~~~~~~~~~~~~~~~~~~~~~~~~~~~~~~
    + CategoryInfo          : WriteError: (90eb6865-d5df-4...973c6423b7.json:FileInfo) [Remove-Item], DirectoryNotFoun 
   dException
    + FullyQualifiedErrorId : RemoveFileSystemItemIOError,Microsoft.PowerShell.Commands.RemoveItemCommand
Remove-Item : Cannot remove item C:\Users\66830\.gemini\antigravity\scratch\antigravity_backup_tmp\antigravity\scratch\
antigravity_backup_tmp\antigravity\scratch\antigravity_backup_tmp\antigravity\brain\586cf41d-93f0-4b1b-bfd8-64ab5e5e444
4\.system_generated\messages\9cd6a644-4d8d-4f03-8f19-02a34f67e11a.json: Could not find a part of the path 
'9cd6a644-4d8d-4f03-8f19-02a34f67e11a.json'.
At line:1 char:1
+ Remove-Item -Recurse -Force 'C:\Users\66830\.gemini\antigravity\scrat ...
+ ~~~~~~~~~~~~~~~~~~~~~~~~~~~~~~~~~~~~~~~~~~~~~~~~~~~~~~~~~~~~~~~~~~~~~
    + CategoryInfo          : WriteError: (9cd6a644-4d8d-4...a34f67e11a.json:FileInfo) [Remove-Item], DirectoryNotFoun 
   dException
    + FullyQualifiedErrorId : RemoveFileSystemItemIOError,Microsoft.PowerShell.Commands.RemoveItemCommand
Remove-Item : Cannot remove item C:\Users\66830\.gemini\antigravity\scratch\antigravity_backup_tmp\antigravity\scratch\
antigravity_backup_tmp\antigravity\scratch\antigravity_backup_tmp\antigravity\brain\586cf41d-93f0-4b1b-bfd8-64ab5e5e444
4\.system_generated\messages\9f924be9-e56a-4467-bf90-5cb53b7def47.json: Could not find a part of the path 
'9f924be9-e56a-4467-bf90-5cb53b7def47.json'.
At line:1 char:1
+ Remove-Item -Recurse -Force 'C:\Users\66830\.gemini\antigravity\scrat ...
+ ~~~~~~~~~~~~~~~~~~~~~~~~~~~~~~~~~~~~~~~~~~~~~~~~~~~~~~~~~~~~~~~~~~~~~
    + CategoryInfo          : WriteError: (9f924be9-e56a-4...b53b7def47.json:FileInfo) [Remove-Item], DirectoryNotFoun 
   dException
    + FullyQualifiedErrorId : RemoveFileSystemItemIOError,Microsoft.PowerShell.Commands.RemoveItemCommand
Remove-Item : Cannot remove item C:\Users\66830\.gemini\antigravity\scratch\antigravity_backup_tmp\antigravity\scratch\
antigravity_backup_tmp\antigravity\scratch\antigravity_backup_tmp\antigravity\brain\586cf41d-93f0-4b1b-bfd8-64ab5e5e444
4\.system_generated\messages\b6831864-5412-4585-af4a-5091790956d2.json: Could not find a part of the path 
'b6831864-5412-4585-af4a-5091790956d2.json'.
At line:1 char:1
+ Remove-Item -Recurse -Force 'C:\Users\66830\.gemini\antigravity\scrat ...
+ ~~~~~~~~~~~~~~~~~~~~~~~~~~~~~~~~~~~~~~~~~~~~~~~~~~~~~~~~~~~~~~~~~~~~~
    + CategoryInfo          : WriteError: (b6831864-5412-4...91790956d2.json:FileInfo) [Remove-Item], DirectoryNotFoun 
   dException
    + FullyQualifiedErrorId : RemoveFileSystemItemIOError,Microsoft.PowerShell.Commands.RemoveItemCommand
Remove-Item : Cannot remove item C:\Users\66830\.gemini\antigravity\scratch\antigravity_backup_tmp\antigravity\scratch\
antigravity_backup_tmp\antigravity\scratch\antigravity_backup_tmp\antigravity\brain\586cf41d-93f0-4b1b-bfd8-64ab5e5e444
4\.system_generated\messages\fbbad7a0-676d-4382-8554-c13b2a4cd64c.json: Could not find a part of the path 
'fbbad7a0-676d-4382-8554-c13b2a4cd64c.json'.
At line:1 char:1
+ Remove-Item -Recurse -Force 'C:\Users\66830\.gemini\antigravity\scrat ...
+ ~~~~~~~~~~~~~~~~~~~~~~~~~~~~~~~~~~~~~~~~~~~~~~~~~~~~~~~~~~~~~~~~~~~~~
    + CategoryInfo          : WriteError: (fbbad7a0-676d-4...3b2a4cd64c.json:FileInfo) [Remove-Item], DirectoryNotFoun 
   dException
    + FullyQualifiedErrorId : RemoveFileSystemItemIOError,Microsoft.PowerShell.Commands.RemoveItemCommand
Remove-Item : Cannot remove item C:\Users\66830\.gemini\antigravity\scratch\antigravity_backup_tmp\antigravity\scratch\
antigravity_backup_tmp\antigravity\scratch\antigravity_backup_tmp\antigravity\brain\586cf41d-93f0-4b1b-bfd8-64ab5e5e444
4\.system_generated\messages: The directory is not empty.
At line:1 char:1
+ Remove-Item -Recurse -Force 'C:\Users\66830\.gemini\antigravity\scrat ...
+ ~~~~~~~~~~~~~~~~~~~~~~~~~~~~~~~~~~~~~~~~~~~~~~~~~~~~~~~~~~~~~~~~~~~~~
    + CategoryInfo          : WriteError: (messages:DirectoryInfo) [Remove-Item], IOException
    + FullyQualifiedErrorId : RemoveFileSystemItemIOError,Microsoft.PowerShell.Commands.RemoveItemCommand
Remove-Item : Cannot remove item C:\Users\66830\.gemini\antigravity\scratch\antigravity_backup_tmp\antigravity\scratch\
antigravity_backup_tmp\antigravity\scratch\antigravity_backup_tmp\antigravity\brain\586cf41d-93f0-4b1b-bfd8-64ab5e5e444
4\.system_generated: The directory is not empty.
At line:1 char:1
+ Remove-Item -Recurse -Force 'C:\Users\66830\.gemini\antigravity\scrat ...
+ ~~~~~~~~~~~~~~~~~~~~~~~~~~~~~~~~~~~~~~~~~~~~~~~~~~~~~~~~~~~~~~~~~~~~~
    + CategoryInfo          : WriteError: (.system_generated:DirectoryInfo) [Remove-Item], IOException
    + FullyQualifiedErrorId : RemoveFileSystemItemIOError,Microsoft.PowerShell.Commands.RemoveItemCommand
Remove-Item : Cannot remove item C:\Users\66830\.gemini\antigravity\scratch\antigravity_backup_tmp\antigravity\scratch\
antigravity_backup_tmp\antigravity\scratch\antigravity_backup_tmp\antigravity\brain\586cf41d-93f0-4b1b-bfd8-64ab5e5e444
4: The directory is not empty.
At line:1 char:1
+ Remove-Item -Recurse -Force 'C:\Users\66830\.gemini\antigravity\scrat ...
+ ~~~~~~~~~~~~~~~~~~~~~~~~~~~~~~~~~~~~~~~~~~~~~~~~~~~~~~~~~~~~~~~~~~~~~
    + CategoryInfo          : WriteError: (586cf41d-93f0-4b1b-bfd8-64ab5e5e4444:DirectoryInfo) [Remove-Item], IOExcept 
   ion
    + FullyQualifiedErrorId : RemoveFileSystemItemIOError,Microsoft.PowerShell.Commands.RemoveItemCommand
Remove-Item : Cannot remove item C:\Users\66830\.gemini\antigravity\scratch\antigravity_backup_tmp\antigravity\scratch\
antigravity_backup_tmp\antigravity\scratch\antigravity_backup_tmp\antigravity\brain\9c1ca343-8509-4b50-a0fa-b71254d5740
2\.system_generated\messages\12d2d47e-aaed-42bb-82e3-54b04eceb16c.json: Could not find a part of the path 
'12d2d47e-aaed-42bb-82e3-54b04eceb16c.json'.
At line:1 char:1
+ Remove-Item -Recurse -Force 'C:\Users\66830\.gemini\antigravity\scrat ...
+ ~~~~~~~~~~~~~~~~~~~~~~~~~~~~~~~~~~~~~~~~~~~~~~~~~~~~~~~~~~~~~~~~~~~~~
    + CategoryInfo          : WriteError: (12d2d47e-aaed-4...b04eceb16c.json:FileInfo) [Remove-Item], DirectoryNotFoun 
   dException
    + FullyQualifiedErrorId : RemoveFileSystemItemIOError,Microsoft.PowerShell.Commands.RemoveItemCommand
Remove-Item : Cannot remove item C:\Users\66830\.gemini\antigravity\scratch\antigravity_backup_tmp\antigravity\scratch\
antigravity_backup_tmp\antigravity\scratch\antigravity_backup_tmp\antigravity\brain\9c1ca343-8509-4b50-a0fa-b71254d5740
2\.system_generated\messages\d9661ae3-b812-46a2-a63d-42be37e25ed8.json: Could not find a part of the path 
'd9661ae3-b812-46a2-a63d-42be37e25ed8.json'.
At line:1 char:1
+ Remove-Item -Recurse -Force 'C:\Users\66830\.gemini\antigravity\scrat ...
+ ~~~~~~~~~~~~~~~~~~~~~~~~~~~~~~~~~~~~~~~~~~~~~~~~~~~~~~~~~~~~~~~~~~~~~
    + CategoryInfo          : WriteError: (d9661ae3-b812-4...be37e25ed8.json:FileInfo) [Remove-Item], DirectoryNotFoun 
   dException
    + FullyQualifiedErrorId : RemoveFileSystemItemIOError,Microsoft.PowerShell.Commands.RemoveItemCommand
Remove-Item : Cannot remove item C:\Users\66830\.gemini\antigravity\scratch\antigravity_backup_tmp\antigravity\scratch\
antigravity_backup_tmp\antigravity\scratch\antigravity_backup_tmp\antigravity\brain\9c1ca343-8509-4b50-a0fa-b71254d5740
2\.system_generated\messages: The directory is not empty.
At line:1 char:1
+ Remove-Item -Recurse -Force 'C:\Users\66830\.gemini\antigravity\scrat ...
+ ~~~~~~~~~~~~~~~~~~~~~~~~~~~~~~~~~~~~~~~~~~~~~~~~~~~~~~~~~~~~~~~~~~~~~
    + CategoryInfo          : WriteError: (messages:DirectoryInfo) [Remove-Item], IOException
    + FullyQualifiedErrorId : RemoveFileSystemItemIOError,Microsoft.PowerShell.Commands.RemoveItemCommand
Remove-Item : Cannot remove item C:\Users\66830\.gemini\antigravity\scratch\antigravity_backup_tmp\antigravity\scratch\
antigravity_backup_tmp\antigravity\scratch\antigravity_backup_tmp\antigravity\brain\9c1ca343-8509-4b50-a0fa-b71254d5740
2\.system_generated: The directory is not empty.
At line:1 char:1
+ Remove-Item -Recurse -Force 'C:\Users\66830\.gemini\antigravity\scrat ...
+ ~~~~~~~~~~~~~~~~~~~~~~~~~~~~~~~~~~~~~~~~~~~~~~~~~~~~~~~~~~~~~~~~~~~~~
    + CategoryInfo          : WriteError: (.system_generated:DirectoryInfo) [Remove-Item], IOException
    + FullyQualifiedErrorId : RemoveFileSystemItemIOError,Microsoft.PowerShell.Commands.RemoveItemCommand
Remove-Item : Cannot remove item C:\Users\66830\.gemini\antigravity\scratch\antigravity_backup_tmp\antigravity\scratch\
antigravity_backup_tmp\antigravity\scratch\antigravity_backup_tmp\antigravity\brain\9c1ca343-8509-4b50-a0fa-b71254d5740
2: The directory is not empty.
At line:1 char:1
+ Remove-Item -Recurse -Force 'C:\Users\66830\.gemini\antigravity\scrat ...
+ ~~~~~~~~~~~~~~~~~~~~~~~~~~~~~~~~~~~~~~~~~~~~~~~~~~~~~~~~~~~~~~~~~~~~~
    + CategoryInfo          : WriteError: (9c1ca343-8509-4b50-a0fa-b71254d57402:DirectoryInfo) [Remove-Item], IOExcept 
   ion
    + FullyQualifiedErrorId : RemoveFileSystemItemIOError,Microsoft.PowerShell.Commands.RemoveItemCommand
Remove-Item : Cannot remove item C:\Users\66830\.gemini\antigravity\scratch\antigravity_backup_tmp\antigravity\scratch\
antigravity_backup_tmp\antigravity\scratch\antigravity_backup_tmp\antigravity\brain\bfd7ae71-293a-4b4e-976a-1d157c33561
0\.system_generated\messages\a973aaae-bf20-4d9b-92f7-123161d82f68.json: Could not find a part of the path 
'a973aaae-bf20-4d9b-92f7-123161d82f68.json'.
At line:1 char:1
+ Remove-Item -Recurse -Force 'C:\Users\66830\.gemini\antigravity\scrat ...
+ ~~~~~~~~~~~~~~~~~~~~~~~~~~~~~~~~~~~~~~~~~~~~~~~~~~~~~~~~~~~~~~~~~~~~~
    + CategoryInfo          : WriteError: (a973aaae-bf20-4...3161d82f68.json:FileInfo) [Remove-Item], DirectoryNotFoun 
   dException
    + FullyQualifiedErrorId : RemoveFileSystemItemIOError,Microsoft.PowerShell.Commands.RemoveItemCommand
Remove-Item : Cannot remove item C:\Users\66830\.gemini\antigravity\scratch\antigravity_backup_tmp\antigravity\scratch\
antigravity_backup_tmp\antigravity\scratch\antigravity_backup_tmp\antigravity\brain\bfd7ae71-293a-4b4e-976a-1d157c33561
0\.system_generated\messages\ebed4cdc-d19e-40d8-b7f8-c6034718a4e7.json: Could not find a part of the path 
'ebed4cdc-d19e-40d8-b7f8-c6034718a4e7.json'.
At line:1 char:1
+ Remove-Item -Recurse -Force 'C:\Users\66830\.gemini\antigravity\scrat ...
+ ~~~~~~~~~~~~~~~~~~~~~~~~~~~~~~~~~~~~~~~~~~~~~~~~~~~~~~~~~~~~~~~~~~~~~
    + CategoryInfo          : WriteError: (ebed4cdc-d19e-4...034718a4e7.json:FileInfo) [Remove-Item], DirectoryNotFoun 
   dException
    + FullyQualifiedErrorId : RemoveFileSystemItemIOError,Microsoft.PowerShell.Commands.RemoveItemCommand
Remove-Item : Cannot remove item C:\Users\66830\.gemini\antigravity\scratch\antigravity_backup_tmp\antigravity\scratch\
antigravity_backup_tmp\antigravity\scratch\antigravity_backup_tmp\antigravity\brain\bfd7ae71-293a-4b4e-976a-1d157c33561
0\.system_generated\messages: The directory is not empty.
At line:1 char:1
+ Remove-Item -Recurse -Force 'C:\Users\66830\.gemini\antigravity\scrat ...
+ ~~~~~~~~~~~~~~~~~~~~~~~~~~~~~~~~~~~~~~~~~~~~~~~~~~~~~~~~~~~~~~~~~~~~~
    + CategoryInfo          : WriteError: (messages:DirectoryInfo) [Remove-Item], IOException
    + FullyQualifiedErrorId : RemoveFileSystemItemIOError,Microsoft.PowerShell.Commands.RemoveItemCommand
Remove-Item : Cannot remove item C:\Users\66830\.gemini\antigravity\scratch\antigravity_backup_tmp\antigravity\scratch\
antigravity_backup_tmp\antigravity\scratch\antigravity_backup_tmp\antigravity\brain\bfd7ae71-293a-4b4e-976a-1d157c33561
0\.system_generated: The directory is not empty.
At line:1 char:1
+ Remove-Item -Recurse -Force 'C:\Users\66830\.gemini\antigravity\scrat ...
+ ~~~~~~~~~~~~~~~~~~~~~~~~~~~~~~~~~~~~~~~~~~~~~~~~~~~~~~~~~~~~~~~~~~~~~
    + CategoryInfo          : WriteError: (.system_generated:DirectoryInfo) [Remove-Item], IOException
    + FullyQualifiedErrorId : RemoveFileSystemItemIOError,Microsoft.PowerShell.Commands.RemoveItemCommand
Remove-Item : Cannot remove item C:\Users\66830\.gemini\antigravity\scratch\antigravity_backup_tmp\antigravity\scratch\
antigravity_backup_tmp\antigravity\scratch\antigravity_backup_tmp\antigravity\brain\bfd7ae71-293a-4b4e-976a-1d157c33561
0: The directory is not empty.
At line:1 char:1
+ Remove-Item -Recurse -Force 'C:\Users\66830\.gemini\antigravity\scrat ...
+ ~~~~~~~~~~~~~~~~~~~~~~~~~~~~~~~~~~~~~~~~~~~~~~~~~~~~~~~~~~~~~~~~~~~~~
    + CategoryInfo          : WriteError: (bfd7ae71-293a-4b4e-976a-1d157c335610:DirectoryInfo) [Remove-Item], IOExcept 
   ion
    + FullyQualifiedErrorId : RemoveFileSystemItemIOError,Microsoft.PowerShell.Commands.RemoveItemCommand
Remove-Item : Cannot remove item C:\Users\66830\.gemini\antigravity\scratch\antigravity_backup_tmp\antigravity\scratch\
antigravity_backup_tmp\antigravity\scratch\antigravity_backup_tmp\antigravity\brain\c65c70e4-1473-4c30-bb91-f17f7cbd18d
7\.system_generated\messages\07833b78-3496-4b41-89f3-619cd720ea0e.json: Could not find a part of the path 
'07833b78-3496-4b41-89f3-619cd720ea0e.json'.
At line:1 char:1
+ Remove-Item -Recurse -Force 'C:\Users\66830\.gemini\antigravity\scrat ...
+ ~~~~~~~~~~~~~~~~~~~~~~~~~~~~~~~~~~~~~~~~~~~~~~~~~~~~~~~~~~~~~~~~~~~~~
    + CategoryInfo          : WriteError: (07833b78-3496-4...9cd720ea0e.json:FileInfo) [Remove-Item], DirectoryNotFoun 
   dException
    + FullyQualifiedErrorId : RemoveFileSystemItemIOError,Microsoft.PowerShell.Commands.RemoveItemCommand
Remove-Item : Cannot remove item C:\Users\66830\.gemini\antigravity\scratch\antigravity_backup_tmp\antigravity\scratch\
antigravity_backup_tmp\antigravity\scratch\antigravity_backup_tmp\antigravity\brain\c65c70e4-1473-4c30-bb91-f17f7cbd18d
7\.system_generated\messages\08ec98a2-ca83-4fe4-9aeb-825a06664e45.json: Could not find a part of the path 
'08ec98a2-ca83-4fe4-9aeb-825a06664e45.json'.
At line:1 char:1
+ Remove-Item -Recurse -Force 'C:\Users\66830\.gemini\antigravity\scrat ...
+ ~~~~~~~~~~~~~~~~~~~~~~~~~~~~~~~~~~~~~~~~~~~~~~~~~~~~~~~~~~~~~~~~~~~~~
    + CategoryInfo          : WriteError: (08ec98a2-ca83-4...5a06664e45.json:FileInfo) [Remove-Item], DirectoryNotFoun 
   dException
    + FullyQualifiedErrorId : RemoveFileSystemItemIOError,Microsoft.PowerShell.Commands.RemoveItemCommand
Remove-Item : Cannot remove item C:\Users\66830\.gemini\antigravity\scratch\antigravity_backup_tmp\antigravity\scratch\
antigravity_backup_tmp\antigravity\scratch\antigravity_backup_tmp\antigravity\brain\c65c70e4-1473-4c30-bb91-f17f7cbd18d
7\.system_generated\messages\1cc955bc-d796-4759-95a4-27c361875e68.json: Could not find a part of the path 
'1cc955bc-d796-4759-95a4-27c361875e68.json'.
At line:1 char:1
+ Remove-Item -Recurse -Force 'C:\Users\66830\.gemini\antigravity\scrat ...
+ ~~~~~~~~~~~~~~~~~~~~~~~~~~~~~~~~~~~~~~~~~~~~~~~~~~~~~~~~~~~~~~~~~~~~~
    + CategoryInfo          : WriteError: (1cc955bc-d796-4...c361875e68.json:FileInfo) [Remove-Item], DirectoryNotFoun 
   dException
    + FullyQualifiedErrorId : RemoveFileSystemItemIOError,Microsoft.PowerShell.Commands.RemoveItemCommand
Remove-Item : Cannot remove item C:\Users\66830\.gemini\antigravity\scratch\antigravity_backup_tmp\antigravity\scratch\
antigravity_backup_tmp\antigravity\scratch\antigravity_backup_tmp\antigravity\brain\c65c70e4-1473-4c30-bb91-f17f7cbd18d
7\.system_generated\messages\2046b2de-42ae-466f-90e8-eeab262f3f72.json: Could not find a part of the path 
'2046b2de-42ae-466f-90e8-eeab262f3f72.json'.
At line:1 char:1
+ Remove-Item -Recurse -Force 'C:\Users\66830\.gemini\antigravity\scrat ...
+ ~~~~~~~~~~~~~~~~~~~~~~~~~~~~~~~~~~~~~~~~~~~~~~~~~~~~~~~~~~~~~~~~~~~~~
    + CategoryInfo          : WriteError: (2046b2de-42ae-4...ab262f3f72.json:FileInfo) [Remove-Item], DirectoryNotFoun 
   dException
    + FullyQualifiedErrorId : RemoveFileSystemItemIOError,Microsoft.PowerShell.Commands.RemoveItemCommand
Remove-Item : Cannot remove item C:\Users\66830\.gemini\antigravity\scratch\antigravity_backup_tmp\antigravity\scratch\
antigravity_backup_tmp\antigravity\scratch\antigravity_backup_tmp\antigravity\brain\c65c70e4-1473-4c30-bb91-f17f7cbd18d
7\.system_generated\messages\208dd7f6-cfc3-4769-a86e-9c1c2af49a15.json: Could not find a part of the path 
'208dd7f6-cfc3-4769-a86e-9c1c2af49a15.json'.
At line:1 char:1
+ Remove-Item -Recurse -Force 'C:\Users\66830\.gemini\antigravity\scrat ...
+ ~~~~~~~~~~~~~~~~~~~~~~~~~~~~~~~~~~~~~~~~~~~~~~~~~~~~~~~~~~~~~~~~~~~~~
    + CategoryInfo          : WriteError: (208dd7f6-cfc3-4...1c2af49a15.json:FileInfo) [Remove-Item], DirectoryNotFoun 
   dException
    + FullyQualifiedErrorId : RemoveFileSystemItemIOError,Microsoft.PowerShell.Commands.RemoveItemCommand
Remove-Item : Cannot remove item C:\Users\66830\.gemini\antigravity\scratch\antigravity_backup_tmp\antigravity\scratch\
antigravity_backup_tmp\antigravity\scratch\antigravity_backup_tmp\antigravity\brain\c65c70e4-1473-4c30-bb91-f17f7cbd18d
7\.system_generated\messages\2364cc4b-aeeb-4039-80c5-7637f6b8e025.json: Could not find a part of the path 
'2364cc4b-aeeb-4039-80c5-7637f6b8e025.json'.
At line:1 char:1
+ Remove-Item -Recurse -Force 'C:\Users\66830\.gemini\antigravity\scrat ...
+ ~~~~~~~~~~~~~~~~~~~~~~~~~~~~~~~~~~~~~~~~~~~~~~~~~~~~~~~~~~~~~~~~~~~~~
    + CategoryInfo          : WriteError: (2364cc4b-aeeb-4...37f6b8e025.json:FileInfo) [Remove-Item], DirectoryNotFoun 
   dException
    + FullyQualifiedErrorId : RemoveFileSystemItemIOError,Microsoft.PowerShell.Commands.RemoveItemCommand
Remove-Item : Cannot remove item C:\Users\66830\.gemini\antigravity\scratch\antigravity_backup_tmp\antigravity\scratch\
antigravity_backup_tmp\antigravity\scratch\antigravity_backup_tmp\antigravity\brain\c65c70e4-1473-4c30-bb91-f17f7cbd18d
7\.system_generated\messages\28a55495-b26f-44c5-bafd-08f5e6684fe4.json: Could not find a part of the path 
'28a55495-b26f-44c5-bafd-08f5e6684fe4.json'.
At line:1 char:1
+ Remove-Item -Recurse -Force 'C:\Users\66830\.gemini\antigravity\scrat ...
+ ~~~~~~~~~~~~~~~~~~~~~~~~~~~~~~~~~~~~~~~~~~~~~~~~~~~~~~~~~~~~~~~~~~~~~
    + CategoryInfo          : WriteError: (28a55495-b26f-4...f5e6684fe4.json:FileInfo) [Remove-Item], DirectoryNotFoun 
   dException
    + FullyQualifiedErrorId : RemoveFileSystemItemIOError,Microsoft.PowerShell.Commands.RemoveItemCommand
Remove-Item : Cannot remove item C:\Users\66830\.gemini\antigravity\scratch\antigravity_backup_tmp\antigravity\scratch\
antigravity_backup_tmp\antigravity\scratch\antigravity_backup_tmp\antigravity\brain\c65c70e4-1473-4c30-bb91-f17f7cbd18d
7\.system_generated\messages\2f58500d-a4ba-4224-9298-aef757070fdc.json: Could not find a part of the path 
'2f58500d-a4ba-4224-9298-aef757070fdc.json'.
At line:1 char:1
+ Remove-Item -Recurse -Force 'C:\Users\66830\.gemini\antigravity\scrat ...
+ ~~~~~~~~~~~~~~~~~~~~~~~~~~~~~~~~~~~~~~~~~~~~~~~~~~~~~~~~~~~~~~~~~~~~~
    + CategoryInfo          : WriteError: (2f58500d-a4ba-4...f757070fdc.json:FileInfo) [Remove-Item], DirectoryNotFoun 
   dException
    + FullyQualifiedErrorId : RemoveFileSystemItemIOError,Microsoft.PowerShell.Commands.RemoveItemCommand
Remove-Item : Cannot remove item C:\Users\66830\.gemini\antigravity\scratch\antigravity_backup_tmp\antigravity\scratch\
antigravity_backup_tmp\antigravity\scratch\antigravity_backup_tmp\antigravity\brain\c65c70e4-1473-4c30-bb91-f17f7cbd18d
7\.system_generated\messages\349ada40-db17-45f6-adc5-11049728674a.json: Could not find a part of the path 
'349ada40-db17-45f6-adc5-11049728674a.json'.
At line:1 char:1
+ Remove-Item -Recurse -Force 'C:\Users\66830\.gemini\antigravity\scrat ...
+ ~~~~~~~~~~~~~~~~~~~~~~~~~~~~~~~~~~~~~~~~~~~~~~~~~~~~~~~~~~~~~~~~~~~~~
    + CategoryInfo          : WriteError: (349ada40-db17-4...049728674a.json:FileInfo) [Remove-Item], DirectoryNotFoun 
   dException
    + FullyQualifiedErrorId : RemoveFileSystemItemIOError,Microsoft.PowerShell.Commands.RemoveItemCommand
Remove-Item : Cannot remove item C:\Users\66830\.gemini\antigravity\scratch\antigravity_backup_tmp\antigravity\scratch\
antigravity_backup_tmp\antigravity\scratch\antigravity_backup_tmp\antigravity\brain\c65c70e4-1473-4c30-bb91-f17f7cbd18d
7\.system_generated\messages\386ebf96-b597-4c72-87da-a102d6e4cf8f.json: Could not find a part of the path 
'386ebf96-b597-4c72-87da-a102d6e4cf8f.json'.
At line:1 char:1
+ Remove-Item -Recurse -Force 'C:\Users\66830\.gemini\antigravity\scrat ...
+ ~~~~~~~~~~~~~~~~~~~~~~~~~~~~~~~~~~~~~~~~~~~~~~~~~~~~~~~~~~~~~~~~~~~~~
    + CategoryInfo          : WriteError: (386ebf96-b597-4...02d6e4cf8f.json:FileInfo) [Remove-Item], DirectoryNotFoun 
   dException
    + FullyQualifiedErrorId : RemoveFileSystemItemIOError,Microsoft.PowerShell.Commands.RemoveItemCommand
Remove-Item : Cannot remove item C:\Users\66830\.gemini\antigravity\scratch\antigravity_backup_tmp\antigravity\scratch\
antigravity_backup_tmp\antigravity\scratch\antigravity_backup_tmp\antigravity\brain\c65c70e4-1473-4c30-bb91-f17f7cbd18d
7\.system_generated\messages\3988556b-e5da-4d5b-b2ae-fac6a17d1831.json: Could not find a part of the path 
'3988556b-e5da-4d5b-b2ae-fac6a17d1831.json'.
At line:1 char:1
+ Remove-Item -Recurse -Force 'C:\Users\66830\.gemini\antigravity\scrat ...
+ ~~~~~~~~~~~~~~~~~~~~~~~~~~~~~~~~~~~~~~~~~~~~~~~~~~~~~~~~~~~~~~~~~~~~~
    + CategoryInfo          : WriteError: (3988556b-e5da-4...c6a17d1831.json:FileInfo) [Remove-Item], DirectoryNotFoun 
   dException
    + FullyQualifiedErrorId : RemoveFileSystemItemIOError,Microsoft.PowerShell.Commands.RemoveItemCommand
Remove-Item : Cannot remove item C:\Users\66830\.gemini\antigravity\scratch\antigravity_backup_tmp\antigravity\scratch\
antigravity_backup_tmp\antigravity\scratch\antigravity_backup_tmp\antigravity\brain\c65c70e4-1473-4c30-bb91-f17f7cbd18d
7\.system_generated\messages\3cb7739e-4a9e-437b-8862-a6e637c02373.json: Could not find a part of the path 
'3cb7739e-4a9e-437b-8862-a6e637c02373.json'.
At line:1 char:1
+ Remove-Item -Recurse -Force 'C:\Users\66830\.gemini\antigravity\scrat ...
+ ~~~~~~~~~~~~~~~~~~~~~~~~~~~~~~~~~~~~~~~~~~~~~~~~~~~~~~~~~~~~~~~~~~~~~
    + CategoryInfo          : WriteError: (3cb7739e-4a9e-4...e637c02373.json:FileInfo) [Remove-Item], DirectoryNotFoun 
   dException
    + FullyQualifiedErrorId : RemoveFileSystemItemIOError,Microsoft.PowerShell.Commands.RemoveItemCommand
Remove-Item : Cannot remove item C:\Users\66830\.gemini\antigravity\scratch\antigravity_backup_tmp\antigravity\scratch\
antigravity_backup_tmp\antigravity\scratch\antigravity_backup_tmp\antigravity\brain\c65c70e4-1473-4c30-bb91-f17f7cbd18d
7\.system_generated\messages\3f95a852-156e-42f4-bbe0-afaf84c705f2.json: Could not find a part of the path 
'3f95a852-156e-42f4-bbe0-afaf84c705f2.json'.
At line:1 char:1
+ Remove-Item -Recurse -Force 'C:\Users\66830\.gemini\antigravity\scrat ...
+ ~~~~~~~~~~~~~~~~~~~~~~~~~~~~~~~~~~~~~~~~~~~~~~~~~~~~~~~~~~~~~~~~~~~~~
    + CategoryInfo          : WriteError: (3f95a852-156e-4...af84c705f2.json:FileInfo) [Remove-Item], DirectoryNotFoun 
   dException
    + FullyQualifiedErrorId : RemoveFileSystemItemIOError,Microsoft.PowerShell.Commands.RemoveItemCommand
Remove-Item : Cannot remove item C:\Users\66830\.gemini\antigravity\scratch\antigravity_backup_tmp\antigravity\scratch\
antigravity_backup_tmp\antigravity\scratch\antigravity_backup_tmp\antigravity\brain\c65c70e4-1473-4c30-bb91-f17f7cbd18d
7\.system_generated\messages\43ce597b-b451-4382-82c8-d313a366366b.json: Could not find a part of the path 
'43ce597b-b451-4382-82c8-d313a366366b.json'.
At line:1 char:1
+ Remove-Item -Recurse -Force 'C:\Users\66830\.gemini\antigravity\scrat ...
+ ~~~~~~~~~~~~~~~~~~~~~~~~~~~~~~~~~~~~~~~~~~~~~~~~~~~~~~~~~~~~~~~~~~~~~
    + CategoryInfo          : WriteError: (43ce597b-b451-4...13a366366b.json:FileInfo) [Remove-Item], DirectoryNotFoun 
   dException
    + FullyQualifiedErrorId : RemoveFileSystemItemIOError,Microsoft.PowerShell.Commands.RemoveItemCommand
Remove-Item : Cannot remove item C:\Users\66830\.gemini\antigravity\scratch\antigravity_backup_tmp\antigravity\scratch\
antigravity_backup_tmp\antigravity\scratch\antigravity_backup_tmp\antigravity\brain\c65c70e4-1473-4c30-bb91-f17f7cbd18d
7\.system_generated\messages\4d39e2e5-fa8c-4272-987b-79ffbb5d50de.json: Could not find a part of the path 
'4d39e2e5-fa8c-4272-987b-79ffbb5d50de.json'.
At line:1 char:1
+ Remove-Item -Recurse -Force 'C:\Users\66830\.gemini\antigravity\scrat ...
+ ~~~~~~~~~~~~~~~~~~~~~~~~~~~~~~~~~~~~~~~~~~~~~~~~~~~~~~~~~~~~~~~~~~~~~
    + CategoryInfo          : WriteError: (4d39e2e5-fa8c-4...ffbb5d50de.json:FileInfo) [Remove-Item], DirectoryNotFoun 
   dException
    + FullyQualifiedErrorId : RemoveFileSystemItemIOError,Microsoft.PowerShell.Commands.RemoveItemCommand
Remove-Item : Cannot remove item C:\Users\66830\.gemini\antigravity\scratch\antigravity_backup_tmp\antigravity\scratch\
antigravity_backup_tmp\antigravity\scratch\antigravity_backup_tmp\antigravity\brain\c65c70e4-1473-4c30-bb91-f17f7cbd18d
7\.system_generated\messages\4df0f1be-7c58-4d01-a450-1cde258ed57a.json: Could not find a part of the path 
'4df0f1be-7c58-4d01-a450-1cde258ed57a.json'.
At line:1 char:1
+ Remove-Item -Recurse -Force 'C:\Users\66830\.gemini\antigravity\scrat ...
+ ~~~~~~~~~~~~~~~~~~~~~~~~~~~~~~~~~~~~~~~~~~~~~~~~~~~~~~~~~~~~~~~~~~~~~
    + CategoryInfo          : WriteError: (4df0f1be-7c58-4...de258ed57a.json:FileInfo) [Remove-Item], DirectoryNotFoun 
   dException
    + FullyQualifiedErrorId : RemoveFileSystemItemIOError,Microsoft.PowerShell.Commands.RemoveItemCommand
Remove-Item : Cannot remove item C:\Users\66830\.gemini\antigravity\scratch\antigravity_backup_tmp\antigravity\scratch\
antigravity_backup_tmp\antigravity\scratch\antigravity_backup_tmp\antigravity\brain\c65c70e4-1473-4c30-bb91-f17f7cbd18d
7\.system_generated\messages\4f53020b-7757-4670-a566-445abdee5739.json: Could not find a part of the path 
'4f53020b-7757-4670-a566-445abdee5739.json'.
At line:1 char:1
+ Remove-Item -Recurse -Force 'C:\Users\66830\.gemini\antigravity\scrat ...
+ ~~~~~~~~~~~~~~~~~~~~~~~~~~~~~~~~~~~~~~~~~~~~~~~~~~~~~~~~~~~~~~~~~~~~~
    + CategoryInfo          : WriteError: (4f53020b-7757-4...5abdee5739.json:FileInfo) [Remove-Item], DirectoryNotFoun 
   dException
    + FullyQualifiedErrorId : RemoveFileSystemItemIOError,Microsoft.PowerShell.Commands.RemoveItemCommand
Remove-Item : Cannot remove item C:\Users\66830\.gemini\antigravity\scratch\antigravity_backup_tmp\antigravity\scratch\
antigravity_backup_tmp\antigravity\scratch\antigravity_backup_tmp\antigravity\brain\c65c70e4-1473-4c30-bb91-f17f7cbd18d
7\.system_generated\messages\581f2887-3cbb-4ba0-9cbd-a81e5b9a0baa.json: Could not find a part of the path 
'581f2887-3cbb-4ba0-9cbd-a81e5b9a0baa.json'.
At line:1 char:1
+ Remove-Item -Recurse -Force 'C:\Users\66830\.gemini\antigravity\scrat ...
+ ~~~~~~~~~~~~~~~~~~~~~~~~~~~~~~~~~~~~~~~~~~~~~~~~~~~~~~~~~~~~~~~~~~~~~
    + CategoryInfo          : WriteError: (581f2887-3cbb-4...1e5b9a0baa.json:FileInfo) [Remove-Item], DirectoryNotFoun 
   dException
    + FullyQualifiedErrorId : RemoveFileSystemItemIOError,Microsoft.PowerShell.Commands.RemoveItemCommand
Remove-Item : Cannot remove item C:\Users\66830\.gemini\antigravity\scratch\antigravity_backup_tmp\antigravity\scratch\
antigravity_backup_tmp\antigravity\scratch\antigravity_backup_tmp\antigravity\brain\c65c70e4-1473-4c30-bb91-f17f7cbd18d
7\.system_generated\messages\592f34ba-7bc1-410a-86db-182eeffadd48.json: Could not find a part of the path 
'592f34ba-7bc1-410a-86db-182eeffadd48.json'.
At line:1 char:1
+ Remove-Item -Recurse -Force 'C:\Users\66830\.gemini\antigravity\scrat ...
+ ~~~~~~~~~~~~~~~~~~~~~~~~~~~~~~~~~~~~~~~~~~~~~~~~~~~~~~~~~~~~~~~~~~~~~
    + CategoryInfo          : WriteError: (592f34ba-7bc1-4...2eeffadd48.json:FileInfo) [Remove-Item], DirectoryNotFoun 
   dException
    + FullyQualifiedErrorId : RemoveFileSystemItemIOError,Microsoft.PowerShell.Commands.RemoveItemCommand
Remove-Item : Cannot remove item C:\Users\66830\.gemini\antigravity\scratch\antigravity_backup_tmp\antigravity\scratch\
antigravity_backup_tmp\antigravity\scratch\antigravity_backup_tmp\antigravity\brain\c65c70e4-1473-4c30-bb91-f17f7cbd18d
7\.system_generated\messages\607db5a7-1d25-4ce8-87b9-9c658294fadc.json: Could not find a part of the path 
'607db5a7-1d25-4ce8-87b9-9c658294fadc.json'.
At line:1 char:1
+ Remove-Item -Recurse -Force 'C:\Users\66830\.gemini\antigravity\scrat ...
+ ~~~~~~~~~~~~~~~~~~~~~~~~~~~~~~~~~~~~~~~~~~~~~~~~~~~~~~~~~~~~~~~~~~~~~
    + CategoryInfo          : WriteError: (607db5a7-1d25-4...658294fadc.json:FileInfo) [Remove-Item], DirectoryNotFoun 
   dException
    + FullyQualifiedErrorId : RemoveFileSystemItemIOError,Microsoft.PowerShell.Commands.RemoveItemCommand
Remove-Item : Cannot remove item C:\Users\66830\.gemini\antigravity\scratch\antigravity_backup_tmp\antigravity\scratch\
antigravity_backup_tmp\antigravity\scratch\antigravity_backup_tmp\antigravity\brain\c65c70e4-1473-4c30-bb91-f17f7cbd18d
7\.system_generated\messages\678c4ef4-075d-4fb3-b521-4b37b236ca5f.json: Could not find a part of the path 
'678c4ef4-075d-4fb3-b521-4b37b236ca5f.json'.
At line:1 char:1
+ Remove-Item -Recurse -Force 'C:\Users\66830\.gemini\antigravity\scrat ...
+ ~~~~~~~~~~~~~~~~~~~~~~~~~~~~~~~~~~~~~~~~~~~~~~~~~~~~~~~~~~~~~~~~~~~~~
    + CategoryInfo          : WriteError: (678c4ef4-075d-4...37b236ca5f.json:FileInfo) [Remove-Item], DirectoryNotFoun 
   dException
    + FullyQualifiedErrorId : RemoveFileSystemItemIOError,Microsoft.PowerShell.Commands.RemoveItemCommand
Remove-Item : Cannot remove item C:\Users\66830\.gemini\antigravity\scratch\antigravity_backup_tmp\antigravity\scratch\
antigravity_backup_tmp\antigravity\scratch\antigravity_backup_tmp\antigravity\brain\c65c70e4-1473-4c30-bb91-f17f7cbd18d
7\.system_generated\messages\8136c701-d734-4799-b855-f7e69884ad0a.json: Could not find a part of the path 
'8136c701-d734-4799-b855-f7e69884ad0a.json'.
At line:1 char:1
+ Remove-Item -Recurse -Force 'C:\Users\66830\.gemini\antigravity\scrat ...
+ ~~~~~~~~~~~~~~~~~~~~~~~~~~~~~~~~~~~~~~~~~~~~~~~~~~~~~~~~~~~~~~~~~~~~~
    + CategoryInfo          : WriteError: (8136c701-d734-4...e69884ad0a.json:FileInfo) [Remove-Item], DirectoryNotFoun 
   dException
    + FullyQualifiedErrorId : RemoveFileSystemItemIOError,Microsoft.PowerShell.Commands.RemoveItemCommand
Remove-Item : Cannot remove item C:\Users\66830\.gemini\antigravity\scratch\antigravity_backup_tmp\antigravity\scratch\
antigravity_backup_tmp\antigravity\scratch\antigravity_backup_tmp\antigravity\brain\c65c70e4-1473-4c30-bb91-f17f7cbd18d
7\.system_generated\messages\864e4948-1a2a-4dea-adea-720946971679.json: Could not find a part of the path 
'864e4948-1a2a-4dea-adea-720946971679.json'.
At line:1 char:1
+ Remove-Item -Recurse -Force 'C:\Users\66830\.gemini\antigravity\scrat ...
+ ~~~~~~~~~~~~~~~~~~~~~~~~~~~~~~~~~~~~~~~~~~~~~~~~~~~~~~~~~~~~~~~~~~~~~
    + CategoryInfo          : WriteError: (864e4948-1a2a-4...0946971679.json:FileInfo) [Remove-Item], DirectoryNotFoun 
   dException
    + FullyQualifiedErrorId : RemoveFileSystemItemIOError,Microsoft.PowerShell.Commands.RemoveItemCommand
Remove-Item : Cannot remove item C:\Users\66830\.gemini\antigravity\scratch\antigravity_backup_tmp\antigravity\scratch\
antigravity_backup_tmp\antigravity\scratch\antigravity_backup_tmp\antigravity\brain\c65c70e4-1473-4c30-bb91-f17f7cbd18d
7\.system_generated\messages\88528921-643a-483a-81b3-7d777e296130.json: Could not find a part of the path 
'88528921-643a-483a-81b3-7d777e296130.json'.
At line:1 char:1
+ Remove-Item -Recurse -Force 'C:\Users\66830\.gemini\antigravity\scrat ...
+ ~~~~~~~~~~~~~~~~~~~~~~~~~~~~~~~~~~~~~~~~~~~~~~~~~~~~~~~~~~~~~~~~~~~~~
    + CategoryInfo          : WriteError: (88528921-643a-4...777e296130.json:FileInfo) [Remove-Item], DirectoryNotFoun 
   dException
    + FullyQualifiedErrorId : RemoveFileSystemItemIOError,Microsoft.PowerShell.Commands.RemoveItemCommand
Remove-Item : Cannot remove item C:\Users\66830\.gemini\antigravity\scratch\antigravity_backup_tmp\antigravity\scratch\
antigravity_backup_tmp\antigravity\scratch\antigravity_backup_tmp\antigravity\brain\c65c70e4-1473-4c30-bb91-f17f7cbd18d
7\.system_generated\messages\89b910d2-9418-4f90-ab07-590be2321082.json: Could not find a part of the path 
'89b910d2-9418-4f90-ab07-590be2321082.json'.
At line:1 char:1
+ Remove-Item -Recurse -Force 'C:\Users\66830\.gemini\antigravity\scrat ...
+ ~~~~~~~~~~~~~~~~~~~~~~~~~~~~~~~~~~~~~~~~~~~~~~~~~~~~~~~~~~~~~~~~~~~~~
    + CategoryInfo          : WriteError: (89b910d2-9418-4...0be2321082.json:FileInfo) [Remove-Item], DirectoryNotFoun 
   dException
    + FullyQualifiedErrorId : RemoveFileSystemItemIOError,Microsoft.PowerShell.Commands.RemoveItemCommand
Remove-Item : Cannot remove item C:\Users\66830\.gemini\antigravity\scratch\antigravity_backup_tmp\antigravity\scratch\
antigravity_backup_tmp\antigravity\scratch\antigravity_backup_tmp\antigravity\brain\c65c70e4-1473-4c30-bb91-f17f7cbd18d
7\.system_generated\messages\9c95b786-3932-4010-b534-75ef2c62b0ba.json: Could not find a part of the path 
'9c95b786-3932-4010-b534-75ef2c62b0ba.json'.
At line:1 char:1
+ Remove-Item -Recurse -Force 'C:\Users\66830\.gemini\antigravity\scrat ...
+ ~~~~~~~~~~~~~~~~~~~~~~~~~~~~~~~~~~~~~~~~~~~~~~~~~~~~~~~~~~~~~~~~~~~~~
    + CategoryInfo          : WriteError: (9c95b786-3932-4...ef2c62b0ba.json:FileInfo) [Remove-Item], DirectoryNotFoun 
   dException
    + FullyQualifiedErrorId : RemoveFileSystemItemIOError,Microsoft.PowerShell.Commands.RemoveItemCommand
Remove-Item : Cannot remove item C:\Users\66830\.gemini\antigravity\scratch\antigravity_backup_tmp\antigravity\scratch\
antigravity_backup_tmp\antigravity\scratch\antigravity_backup_tmp\antigravity\brain\c65c70e4-1473-4c30-bb91-f17f7cbd18d
7\.system_generated\messages\9fe83832-2229-4312-90e7-1a99c3fb2ec4.json: Could not find a part of the path 
'9fe83832-2229-4312-90e7-1a99c3fb2ec4.json'.
At line:1 char:1
+ Remove-Item -Recurse -Force 'C:\Users\66830\.gemini\antigravity\scrat ...
+ ~~~~~~~~~~~~~~~~~~~~~~~~~~~~~~~~~~~~~~~~~~~~~~~~~~~~~~~~~~~~~~~~~~~~~
    + CategoryInfo          : WriteError: (9fe83832-2229-4...99c3fb2ec4.json:FileInfo) [Remove-Item], DirectoryNotFoun 
   dException
    + FullyQualifiedErrorId : RemoveFileSystemItemIOError,Microsoft.PowerShell.Commands.RemoveItemCommand
Remove-Item : Cannot remove item C:\Users\66830\.gemini\antigravity\scratch\antigravity_backup_tmp\antigravity\scratch\
antigravity_backup_tmp\antigravity\scratch\antigravity_backup_tmp\antigravity\brain\c65c70e4-1473-4c30-bb91-f17f7cbd18d
7\.system_generated\messages\a18b4d5c-642f-4895-ada2-88cbd7d13060.json: Could not find a part of the path 
'a18b4d5c-642f-4895-ada2-88cbd7d13060.json'.
At line:1 char:1
+ Remove-Item -Recurse -Force 'C:\Users\66830\.gemini\antigravity\scrat ...
+ ~~~~~~~~~~~~~~~~~~~~~~~~~~~~~~~~~~~~~~~~~~~~~~~~~~~~~~~~~~~~~~~~~~~~~
    + CategoryInfo          : WriteError: (a18b4d5c-642f-4...cbd7d13060.json:FileInfo) [Remove-Item], DirectoryNotFoun 
   dException
    + FullyQualifiedErrorId : RemoveFileSystemItemIOError,Microsoft.PowerShell.Commands.RemoveItemCommand
Remove-Item : Cannot remove item C:\Users\66830\.gemini\antigravity\scratch\antigravity_backup_tmp\antigravity\scratch\
antigravity_backup_tmp\antigravity\scratch\antigravity_backup_tmp\antigravity\brain\c65c70e4-1473-4c30-bb91-f17f7cbd18d
7\.system_generated\messages\a19b9cc8-23df-44c9-a6be-6e8f3c7e9f4d.json: Could not find a part of the path 
'a19b9cc8-23df-44c9-a6be-6e8f3c7e9f4d.json'.
At line:1 char:1
+ Remove-Item -Recurse -Force 'C:\Users\66830\.gemini\antigravity\scrat ...
+ ~~~~~~~~~~~~~~~~~~~~~~~~~~~~~~~~~~~~~~~~~~~~~~~~~~~~~~~~~~~~~~~~~~~~~
    + CategoryInfo          : WriteError: (a19b9cc8-23df-4...8f3c7e9f4d.json:FileInfo) [Remove-Item], DirectoryNotFoun 
   dException
    + FullyQualifiedErrorId : RemoveFileSystemItemIOError,Microsoft.PowerShell.Commands.RemoveItemCommand
Remove-Item : Cannot remove item C:\Users\66830\.gemini\antigravity\scratch\antigravity_backup_tmp\antigravity\scratch\
antigravity_backup_tmp\antigravity\scratch\antigravity_backup_tmp\antigravity\brain\c65c70e4-1473-4c30-bb91-f17f7cbd18d
7\.system_generated\messages\a5d309b7-9960-495f-9e22-42d873adf16c.json: Could not find a part of the path 
'a5d309b7-9960-495f-9e22-42d873adf16c.json'.
At line:1 char:1
+ Remove-Item -Recurse -Force 'C:\Users\66830\.gemini\antigravity\scrat ...
+ ~~~~~~~~~~~~~~~~~~~~~~~~~~~~~~~~~~~~~~~~~~~~~~~~~~~~~~~~~~~~~~~~~~~~~
    + CategoryInfo          : WriteError: (a5d309b7-9960-4...d873adf16c.json:FileInfo) [Remove-Item], DirectoryNotFoun 
   dException
    + FullyQualifiedErrorId : RemoveFileSystemItemIOError,Microsoft.PowerShell.Commands.RemoveItemCommand
Remove-Item : Cannot remove item C:\Users\66830\.gemini\antigravity\scratch\antigravity_backup_tmp\antigravity\scratch\
antigravity_backup_tmp\antigravity\scratch\antigravity_backup_tmp\antigravity\brain\c65c70e4-1473-4c30-bb91-f17f7cbd18d
7\.system_generated\messages\ac3765e7-4f07-455d-9dc8-340912d9fe83.json: Could not find a part of the path 
'ac3765e7-4f07-455d-9dc8-340912d9fe83.json'.
At line:1 char:1
+ Remove-Item -Recurse -Force 'C:\Users\66830\.gemini\antigravity\scrat ...
+ ~~~~~~~~~~~~~~~~~~~~~~~~~~~~~~~~~~~~~~~~~~~~~~~~~~~~~~~~~~~~~~~~~~~~~
    + CategoryInfo          : WriteError: (ac3765e7-4f07-4...0912d9fe83.json:FileInfo) [Remove-Item], DirectoryNotFoun 
   dException
    + FullyQualifiedErrorId : RemoveFileSystemItemIOError,Microsoft.PowerShell.Commands.RemoveItemCommand
Remove-Item : Cannot remove item C:\Users\66830\.gemini\antigravity\scratch\antigravity_backup_tmp\antigravity\scratch\
antigravity_backup_tmp\antigravity\scratch\antigravity_backup_tmp\antigravity\brain\c65c70e4-1473-4c30-bb91-f17f7cbd18d
7\.system_generated\messages\ad5555a6-1fb4-4588-a2d2-199cfbfbc369.json: Could not find a part of the path 
'ad5555a6-1fb4-4588-a2d2-199cfbfbc369.json'.
At line:1 char:1
+ Remove-Item -Recurse -Force 'C:\Users\66830\.gemini\antigravity\scrat ...
+ ~~~~~~~~~~~~~~~~~~~~~~~~~~~~~~~~~~~~~~~~~~~~~~~~~~~~~~~~~~~~~~~~~~~~~
    + CategoryInfo          : WriteError: (ad5555a6-1fb4-4...9cfbfbc369.json:FileInfo) [Remove-Item], DirectoryNotFoun 
   dException
    + FullyQualifiedErrorId : RemoveFileSystemItemIOError,Microsoft.PowerShell.Commands.RemoveItemCommand
Remove-Item : Cannot remove item C:\Users\66830\.gemini\antigravity\scratch\antigravity_backup_tmp\antigravity\scratch\
antigravity_backup_tmp\antigravity\scratch\antigravity_backup_tmp\antigravity\brain\c65c70e4-1473-4c30-bb91-f17f7cbd18d
7\.system_generated\messages\ad73a388-b4ea-45e8-ac4d-dbccbeca5921.json: Could not find a part of the path 
'ad73a388-b4ea-45e8-ac4d-dbccbeca5921.json'.
At line:1 char:1
+ Remove-Item -Recurse -Force 'C:\Users\66830\.gemini\antigravity\scrat ...
+ ~~~~~~~~~~~~~~~~~~~~~~~~~~~~~~~~~~~~~~~~~~~~~~~~~~~~~~~~~~~~~~~~~~~~~
    + CategoryInfo          : WriteError: (ad73a388-b4ea-4...ccbeca5921.json:FileInfo) [Remove-Item], DirectoryNotFoun 
   dException
    + FullyQualifiedErrorId : RemoveFileSystemItemIOError,Microsoft.PowerShell.Commands.RemoveItemCommand
Remove-Item : Cannot remove item C:\Users\66830\.gemini\antigravity\scratch\antigravity_backup_tmp\antigravity\scratch\
antigravity_backup_tmp\antigravity\scratch\antigravity_backup_tmp\antigravity\brain\c65c70e4-1473-4c30-bb91-f17f7cbd18d
7\.system_generated\messages\ae361070-fd85-4f79-ae63-0e6c3019d5f6.json: Could not find a part of the path 
'ae361070-fd85-4f79-ae63-0e6c3019d5f6.json'.
At line:1 char:1
+ Remove-Item -Recurse -Force 'C:\Users\66830\.gemini\antigravity\scrat ...
+ ~~~~~~~~~~~~~~~~~~~~~~~~~~~~~~~~~~~~~~~~~~~~~~~~~~~~~~~~~~~~~~~~~~~~~
    + CategoryInfo          : WriteError: (ae361070-fd85-4...6c3019d5f6.json:FileInfo) [Remove-Item], DirectoryNotFoun 
   dException
    + FullyQualifiedErrorId : RemoveFileSystemItemIOError,Microsoft.PowerShell.Commands.RemoveItemCommand
Remove-Item : Cannot remove item C:\Users\66830\.gemini\antigravity\scratch\antigravity_backup_tmp\antigravity\scratch\
antigravity_backup_tmp\antigravity\scratch\antigravity_backup_tmp\antigravity\brain\c65c70e4-1473-4c30-bb91-f17f7cbd18d
7\.system_generated\messages\b0af3266-11bf-45bc-8d82-d84bf6bf3bbb.json: Could not find a part of the path 
'b0af3266-11bf-45bc-8d82-d84bf6bf3bbb.json'.
At line:1 char:1
+ Remove-Item -Recurse -Force 'C:\Users\66830\.gemini\antigravity\scrat ...
+ ~~~~~~~~~~~~~~~~~~~~~~~~~~~~~~~~~~~~~~~~~~~~~~~~~~~~~~~~~~~~~~~~~~~~~
    + CategoryInfo          : WriteError: (b0af3266-11bf-4...4bf6bf3bbb.json:FileInfo) [Remove-Item], DirectoryNotFoun 
   dException
    + FullyQualifiedErrorId : RemoveFileSystemItemIOError,Microsoft.PowerShell.Commands.RemoveItemCommand
Remove-Item : Cannot remove item C:\Users\66830\.gemini\antigravity\scratch\antigravity_backup_tmp\antigravity\scratch\
antigravity_backup_tmp\antigravity\scratch\antigravity_backup_tmp\antigravity\brain\c65c70e4-1473-4c30-bb91-f17f7cbd18d
7\.system_generated\messages\b805259b-794d-421e-8b0e-57c5ee037ef3.json: Could not find a part of the path 
'b805259b-794d-421e-8b0e-57c5ee037ef3.json'.
At line:1 char:1
+ Remove-Item -Recurse -Force 'C:\Users\66830\.gemini\antigravity\scrat ...
+ ~~~~~~~~~~~~~~~~~~~~~~~~~~~~~~~~~~~~~~~~~~~~~~~~~~~~~~~~~~~~~~~~~~~~~
    + CategoryInfo          : WriteError: (b805259b-794d-4...c5ee037ef3.json:FileInfo) [Remove-Item], DirectoryNotFoun 
   dException
    + FullyQualifiedErrorId : RemoveFileSystemItemIOError,Microsoft.PowerShell.Commands.RemoveItemCommand
Remove-Item : Cannot remove item C:\Users\66830\.gemini\antigravity\scratch\antigravity_backup_tmp\antigravity\scratch\
antigravity_backup_tmp\antigravity\scratch\antigravity_backup_tmp\antigravity\brain\c65c70e4-1473-4c30-bb91-f17f7cbd18d
7\.system_generated\messages\c299878c-0ba1-40cd-a7a5-32d021332692.json: Could not find a part of the path 
'c299878c-0ba1-40cd-a7a5-32d021332692.json'.
At line:1 char:1
+ Remove-Item -Recurse -Force 'C:\Users\66830\.gemini\antigravity\scrat ...
+ ~~~~~~~~~~~~~~~~~~~~~~~~~~~~~~~~~~~~~~~~~~~~~~~~~~~~~~~~~~~~~~~~~~~~~
    + CategoryInfo          : WriteError: (c299878c-0ba1-4...d021332692.json:FileInfo) [Remove-Item], DirectoryNotFoun 
   dException
    + FullyQualifiedErrorId : RemoveFileSystemItemIOError,Microsoft.PowerShell.Commands.RemoveItemCommand
Remove-Item : Cannot remove item C:\Users\66830\.gemini\antigravity\scratch\antigravity_backup_tmp\antigravity\scratch\
antigravity_backup_tmp\antigravity\scratch\antigravity_backup_tmp\antigravity\brain\c65c70e4-1473-4c30-bb91-f17f7cbd18d
7\.system_generated\messages\c524d88c-a85b-4b39-9bd9-44ee2e018cae.json: Could not find a part of the path 
'c524d88c-a85b-4b39-9bd9-44ee2e018cae.json'.
At line:1 char:1
+ Remove-Item -Recurse -Force 'C:\Users\66830\.gemini\antigravity\scrat ...
+ ~~~~~~~~~~~~~~~~~~~~~~~~~~~~~~~~~~~~~~~~~~~~~~~~~~~~~~~~~~~~~~~~~~~~~
    + CategoryInfo          : WriteError: (c524d88c-a85b-4...ee2e018cae.json:FileInfo) [Remove-Item], DirectoryNotFoun 
   dException
    + FullyQualifiedErrorId : RemoveFileSystemItemIOError,Microsoft.PowerShell.Commands.RemoveItemCommand
Remove-Item : Cannot remove item C:\Users\66830\.gemini\antigravity\scratch\antigravity_backup_tmp\antigravity\scratch\
antigravity_backup_tmp\antigravity\scratch\antigravity_backup_tmp\antigravity\brain\c65c70e4-1473-4c30-bb91-f17f7cbd18d
7\.system_generated\messages\c59585e7-1596-4a77-b95e-ccbe3c8b31b8.json: Could not find a part of the path 
'c59585e7-1596-4a77-b95e-ccbe3c8b31b8.json'.
At line:1 char:1
+ Remove-Item -Recurse -Force 'C:\Users\66830\.gemini\antigravity\scrat ...
+ ~~~~~~~~~~~~~~~~~~~~~~~~~~~~~~~~~~~~~~~~~~~~~~~~~~~~~~~~~~~~~~~~~~~~~
    + CategoryInfo          : WriteError: (c59585e7-1596-4...be3c8b31b8.json:FileInfo) [Remove-Item], DirectoryNotFoun 
   dException
    + FullyQualifiedErrorId : RemoveFileSystemItemIOError,Microsoft.PowerShell.Commands.RemoveItemCommand
Remove-Item : Cannot remove item C:\Users\66830\.gemini\antigravity\scratch\antigravity_backup_tmp\antigravity\scratch\
antigravity_backup_tmp\antigravity\scratch\antigravity_backup_tmp\antigravity\brain\c65c70e4-1473-4c30-bb91-f17f7cbd18d
7\.system_generated\messages\c6ed5e59-b247-4df8-b2c3-85977336bf0f.json: Could not find a part of the path 
'c6ed5e59-b247-4df8-b2c3-85977336bf0f.json'.
At line:1 char:1
+ Remove-Item -Recurse -Force 'C:\Users\66830\.gemini\antigravity\scrat ...
+ ~~~~~~~~~~~~~~~~~~~~~~~~~~~~~~~~~~~~~~~~~~~~~~~~~~~~~~~~~~~~~~~~~~~~~
    + CategoryInfo          : WriteError: (c6ed5e59-b247-4...977336bf0f.json:FileInfo) [Remove-Item], DirectoryNotFoun 
   dException
    + FullyQualifiedErrorId : RemoveFileSystemItemIOError,Microsoft.PowerShell.Commands.RemoveItemCommand
Remove-Item : Cannot remove item C:\Users\66830\.gemini\antigravity\scratch\antigravity_backup_tmp\antigravity\scratch\
antigravity_backup_tmp\antigravity\scratch\antigravity_backup_tmp\antigravity\brain\c65c70e4-1473-4c30-bb91-f17f7cbd18d
7\.system_generated\messages\c9454db6-a8a3-455b-82aa-0a9a2208e2ec.json: Could not find a part of the path 
'c9454db6-a8a3-455b-82aa-0a9a2208e2ec.json'.
At line:1 char:1
+ Remove-Item -Recurse -Force 'C:\Users\66830\.gemini\antigravity\scrat ...
+ ~~~~~~~~~~~~~~~~~~~~~~~~~~~~~~~~~~~~~~~~~~~~~~~~~~~~~~~~~~~~~~~~~~~~~
    + CategoryInfo          : WriteError: (c9454db6-a8a3-4...9a2208e2ec.json:FileInfo) [Remove-Item], DirectoryNotFoun 
   dException
    + FullyQualifiedErrorId : RemoveFileSystemItemIOError,Microsoft.PowerShell.Commands.RemoveItemCommand
Remove-Item : Cannot remove item C:\Users\66830\.gemini\antigravity\scratch\antigravity_backup_tmp\antigravity\scratch\
antigravity_backup_tmp\antigravity\scratch\antigravity_backup_tmp\antigravity\brain\c65c70e4-1473-4c30-bb91-f17f7cbd18d
7\.system_generated\messages\ca33274d-8113-4fb3-9658-a8b6c01a4d41.json: Could not find a part of the path 
'ca33274d-8113-4fb3-9658-a8b6c01a4d41.json'.
At line:1 char:1
+ Remove-Item -Recurse -Force 'C:\Users\66830\.gemini\antigravity\scrat ...
+ ~~~~~~~~~~~~~~~~~~~~~~~~~~~~~~~~~~~~~~~~~~~~~~~~~~~~~~~~~~~~~~~~~~~~~
    + CategoryInfo          : WriteError: (ca33274d-8113-4...b6c01a4d41.json:FileInfo) [Remove-Item], DirectoryNotFoun 
   dException
    + FullyQualifiedErrorId : RemoveFileSystemItemIOError,Microsoft.PowerShell.Commands.RemoveItemCommand
Remove-Item : Cannot remove item C:\Users\66830\.gemini\antigravity\scratch\antigravity_backup_tmp\antigravity\scratch\
antigravity_backup_tmp\antigravity\scratch\antigravity_backup_tmp\antigravity\brain\c65c70e4-1473-4c30-bb91-f17f7cbd18d
7\.system_generated\messages\cb7f91ca-2a2e-43fc-87cb-6811ebc1a4b2.json: Could not find a part of the path 
'cb7f91ca-2a2e-43fc-87cb-6811ebc1a4b2.json'.
At line:1 char:1
+ Remove-Item -Recurse -Force 'C:\Users\66830\.gemini\antigravity\scrat ...
+ ~~~~~~~~~~~~~~~~~~~~~~~~~~~~~~~~~~~~~~~~~~~~~~~~~~~~~~~~~~~~~~~~~~~~~
    + CategoryInfo          : WriteError: (cb7f91ca-2a2e-4...11ebc1a4b2.json:FileInfo) [Remove-Item], DirectoryNotFoun 
   dException
    + FullyQualifiedErrorId : RemoveFileSystemItemIOError,Microsoft.PowerShell.Commands.RemoveItemCommand
Remove-Item : Cannot remove item C:\Users\66830\.gemini\antigravity\scratch\antigravity_backup_tmp\antigravity\scratch\
antigravity_backup_tmp\antigravity\scratch\antigravity_backup_tmp\antigravity\brain\c65c70e4-1473-4c30-bb91-f17f7cbd18d
7\.system_generated\messages\cc3f4d0a-ef07-436f-a511-a3e8f5dbc6b4.json: Could not find a part of the path 
'cc3f4d0a-ef07-436f-a511-a3e8f5dbc6b4.json'.
At line:1 char:1
+ Remove-Item -Recurse -Force 'C:\Users\66830\.gemini\antigravity\scrat ...
+ ~~~~~~~~~~~~~~~~~~~~~~~~~~~~~~~~~~~~~~~~~~~~~~~~~~~~~~~~~~~~~~~~~~~~~
    + CategoryInfo          : WriteError: (cc3f4d0a-ef07-4...e8f5dbc6b4.json:FileInfo) [Remove-Item], DirectoryNotFoun 
   dException
    + FullyQualifiedErrorId : RemoveFileSystemItemIOError,Microsoft.PowerShell.Commands.RemoveItemCommand
Remove-Item : Cannot remove item C:\Users\66830\.gemini\antigravity\scratch\antigravity_backup_tmp\antigravity\scratch\
antigravity_backup_tmp\antigravity\scratch\antigravity_backup_tmp\antigravity\brain\c65c70e4-1473-4c30-bb91-f17f7cbd18d
7\.system_generated\messages\d38a3497-2fd1-46e0-9dff-da8b672b371a.json: Could not find a part of the path 
'd38a3497-2fd1-46e0-9dff-da8b672b371a.json'.
At line:1 char:1
+ Remove-Item -Recurse -Force 'C:\Users\66830\.gemini\antigravity\scrat ...
+ ~~~~~~~~~~~~~~~~~~~~~~~~~~~~~~~~~~~~~~~~~~~~~~~~~~~~~~~~~~~~~~~~~~~~~
    + CategoryInfo          : WriteError: (d38a3497-2fd1-4...8b672b371a.json:FileInfo) [Remove-Item], DirectoryNotFoun 
   dException
    + FullyQualifiedErrorId : RemoveFileSystemItemIOError,Microsoft.PowerShell.Commands.RemoveItemCommand
Remove-Item : Cannot remove item C:\Users\66830\.gemini\antigravity\scratch\antigravity_backup_tmp\antigravity\scratch\
antigravity_backup_tmp\antigravity\scratch\antigravity_backup_tmp\antigravity\brain\c65c70e4-1473-4c30-bb91-f17f7cbd18d
7\.system_generated\messages\dbf8673c-fb79-4411-b880-8247d6eb9b0c.json: Could not find a part of the path 
'dbf8673c-fb79-4411-b880-8247d6eb9b0c.json'.
At line:1 char:1
+ Remove-Item -Recurse -Force 'C:\Users\66830\.gemini\antigravity\scrat ...
+ ~~~~~~~~~~~~~~~~~~~~~~~~~~~~~~~~~~~~~~~~~~~~~~~~~~~~~~~~~~~~~~~~~~~~~
    + CategoryInfo          : WriteError: (dbf8673c-fb79-4...47d6eb9b0c.json:FileInfo) [Remove-Item], DirectoryNotFoun 
   dException
    + FullyQualifiedErrorId : RemoveFileSystemItemIOError,Microsoft.PowerShell.Commands.RemoveItemCommand
Remove-Item : Cannot remove item C:\Users\66830\.gemini\antigravity\scratch\antigravity_backup_tmp\antigravity\scratch\
antigravity_backup_tmp\antigravity\scratch\antigravity_backup_tmp\antigravity\brain\c65c70e4-1473-4c30-bb91-f17f7cbd18d
7\.system_generated\messages\dcc4c92d-0691-4702-87d7-dcb0a689651e.json: Could not find a part of the path 
'dcc4c92d-0691-4702-87d7-dcb0a689651e.json'.
At line:1 char:1
+ Remove-Item -Recurse -Force 'C:\Users\66830\.gemini\antigravity\scrat ...
+ ~~~~~~~~~~~~~~~~~~~~~~~~~~~~~~~~~~~~~~~~~~~~~~~~~~~~~~~~~~~~~~~~~~~~~
    + CategoryInfo          : WriteError: (dcc4c92d-0691-4...b0a689651e.json:FileInfo) [Remove-Item], DirectoryNotFoun 
   dException
    + FullyQualifiedErrorId : RemoveFileSystemItemIOError,Microsoft.PowerShell.Commands.RemoveItemCommand
Remove-Item : Cannot remove item C:\Users\66830\.gemini\antigravity\scratch\antigravity_backup_tmp\antigravity\scratch\
antigravity_backup_tmp\antigravity\scratch\antigravity_backup_tmp\antigravity\brain\c65c70e4-1473-4c30-bb91-f17f7cbd18d
7\.system_generated\messages\ed698ebb-d493-4ab8-ae1a-888fcb971500.json: Could not find a part of the path 
'ed698ebb-d493-4ab8-ae1a-888fcb971500.json'.
At line:1 char:1
+ Remove-Item -Recurse -Force 'C:\Users\66830\.gemini\antigravity\scrat ...
+ ~~~~~~~~~~~~~~~~~~~~~~~~~~~~~~~~~~~~~~~~~~~~~~~~~~~~~~~~~~~~~~~~~~~~~
    + CategoryInfo          : WriteError: (ed698ebb-d493-4...8fcb971500.json:FileInfo) [Remove-Item], DirectoryNotFoun 
   dException
    + FullyQualifiedErrorId : RemoveFileSystemItemIOError,Microsoft.PowerShell.Commands.RemoveItemCommand
Remove-Item : Cannot remove item C:\Users\66830\.gemini\antigravity\scratch\antigravity_backup_tmp\antigravity\scratch\
antigravity_backup_tmp\antigravity\scratch\antigravity_backup_tmp\antigravity\brain\c65c70e4-1473-4c30-bb91-f17f7cbd18d
7\.system_generated\messages\ffa67899-4470-42e7-b71d-aa0e09bf367f.json: Could not find a part of the path 
'ffa67899-4470-42e7-b71d-aa0e09bf367f.json'.
At line:1 char:1
+ Remove-Item -Recurse -Force 'C:\Users\66830\.gemini\antigravity\scrat ...
+ ~~~~~~~~~~~~~~~~~~~~~~~~~~~~~~~~~~~~~~~~~~~~~~~~~~~~~~~~~~~~~~~~~~~~~
    + CategoryInfo          : WriteError: (ffa67899-4470-4...0e09bf367f.json:FileInfo) [Remove-Item], DirectoryNotFoun 
   dException
    + FullyQualifiedErrorId : RemoveFileSystemItemIOError,Microsoft.PowerShell.Commands.RemoveItemCommand
Remove-Item : Cannot remove item C:\Users\66830\.gemini\antigravity\scratch\antigravity_backup_tmp\antigravity\scratch\
antigravity_backup_tmp\antigravity\scratch\antigravity_backup_tmp\antigravity\brain\c65c70e4-1473-4c30-bb91-f17f7cbd18d
7\.system_generated\messages: The directory is not empty.
At line:1 char:1
+ Remove-Item -Recurse -Force 'C:\Users\66830\.gemini\antigravity\scrat ...
+ ~~~~~~~~~~~~~~~~~~~~~~~~~~~~~~~~~~~~~~~~~~~~~~~~~~~~~~~~~~~~~~~~~~~~~
    + CategoryInfo          : WriteError: (messages:DirectoryInfo) [Remove-Item], IOException
    + FullyQualifiedErrorId : RemoveFileSystemItemIOError,Microsoft.PowerShell.Commands.RemoveItemCommand
Remove-Item : Cannot remove item C:\Users\66830\.gemini\antigravity\scratch\antigravity_backup_tmp\antigravity\scratch\
antigravity_backup_tmp\antigravity\scratch\antigravity_backup_tmp\antigravity\brain\c65c70e4-1473-4c30-bb91-f17f7cbd18d
7\.system_generated: The directory is not empty.
At line:1 char:1
+ Remove-Item -Recurse -Force 'C:\Users\66830\.gemini\antigravity\scrat ...
+ ~~~~~~~~~~~~~~~~~~~~~~~~~~~~~~~~~~~~~~~~~~~~~~~~~~~~~~~~~~~~~~~~~~~~~
    + CategoryInfo          : WriteError: (.system_generated:DirectoryInfo) [Remove-Item], IOException
    + FullyQualifiedErrorId : RemoveFileSystemItemIOError,Microsoft.PowerShell.Commands.RemoveItemCommand
Remove-Item : Cannot remove item C:\Users\66830\.gemini\antigravity\scratch\antigravity_backup_tmp\antigravity\scratch\
antigravity_backup_tmp\antigravity\scratch\antigravity_backup_tmp\antigravity\brain\c65c70e4-1473-4c30-bb91-f17f7cbd18d
7: The directory is not empty.
At line:1 char:1
+ Remove-Item -Recurse -Force 'C:\Users\66830\.gemini\antigravity\scrat ...
+ ~~~~~~~~~~~~~~~~~~~~~~~~~~~~~~~~~~~~~~~~~~~~~~~~~~~~~~~~~~~~~~~~~~~~~
    + CategoryInfo          : WriteError: (c65c70e4-1473-4c30-bb91-f17f7cbd18d7:DirectoryInfo) [Remove-Item], IOExcept 
   ion
    + FullyQualifiedErrorId : RemoveFileSystemItemIOError,Microsoft.PowerShell.Commands.RemoveItemCommand
Remove-Item : Cannot remove item C:\Users\66830\.gemini\antigravity\scratch\antigravity_backup_tmp\antigravity\scratch\
antigravity_backup_tmp\antigravity\scratch\antigravity_backup_tmp\antigravity\brain\f43ccb5d-807c-497e-8d6d-b3d8563d9ba
8\.system_generated\messages\14eea138-e1f7-4a1f-b17d-a32870d6d071.json: Could not find a part of the path 
'14eea138-e1f7-4a1f-b17d-a32870d6d071.json'.
At line:1 char:1
+ Remove-Item -Recurse -Force 'C:\Users\66830\.gemini\antigravity\scrat ...
+ ~~~~~~~~~~~~~~~~~~~~~~~~~~~~~~~~~~~~~~~~~~~~~~~~~~~~~~~~~~~~~~~~~~~~~
    + CategoryInfo          : WriteError: (14eea138-e1f7-4...2870d6d071.json:FileInfo) [Remove-Item], DirectoryNotFoun 
   dException
    + FullyQualifiedErrorId : RemoveFileSystemItemIOError,Microsoft.PowerShell.Commands.RemoveItemCommand
Remove-Item : Cannot remove item C:\Users\66830\.gemini\antigravity\scratch\antigravity_backup_tmp\antigravity\scratch\
antigravity_backup_tmp\antigravity\scratch\antigravity_backup_tmp\antigravity\brain\f43ccb5d-807c-497e-8d6d-b3d8563d9ba
8\.system_generated\messages\24c77cf2-9c3b-4148-8b92-ba06a82f32c3.json: Could not find a part of the path 
'24c77cf2-9c3b-4148-8b92-ba06a82f32c3.json'.
At line:1 char:1
+ Remove-Item -Recurse -Force 'C:\Users\66830\.gemini\antigravity\scrat ...
+ ~~~~~~~~~~~~~~~~~~~~~~~~~~~~~~~~~~~~~~~~~~~~~~~~~~~~~~~~~~~~~~~~~~~~~
    + CategoryInfo          : WriteError: (24c77cf2-9c3b-4...06a82f32c3.json:FileInfo) [Remove-Item], DirectoryNotFoun 
   dException
    + FullyQualifiedErrorId : RemoveFileSystemItemIOError,Microsoft.PowerShell.Commands.RemoveItemCommand
Remove-Item : Cannot remove item C:\Users\66830\.gemini\antigravity\scratch\antigravity_backup_tmp\antigravity\scratch\
antigravity_backup_tmp\antigravity\scratch\antigravity_backup_tmp\antigravity\brain\f43ccb5d-807c-497e-8d6d-b3d8563d9ba
8\.system_generated\messages\29658d74-e250-47da-aca0-5a81d5d3088d.json: Could not find a part of the path 
'29658d74-e250-47da-aca0-5a81d5d3088d.json'.
At line:1 char:1
+ Remove-Item -Recurse -Force 'C:\Users\66830\.gemini\antigravity\scrat ...
+ ~~~~~~~~~~~~~~~~~~~~~~~~~~~~~~~~~~~~~~~~~~~~~~~~~~~~~~~~~~~~~~~~~~~~~
    + CategoryInfo          : WriteError: (29658d74-e250-4...81d5d3088d.json:FileInfo) [Remove-Item], DirectoryNotFoun 
   dException
    + FullyQualifiedErrorId : RemoveFileSystemItemIOError,Microsoft.PowerShell.Commands.RemoveItemCommand
Remove-Item : Cannot remove item C:\Users\66830\.gemini\antigravity\scratch\antigravity_backup_tmp\antigravity\scratch\
antigravity_backup_tmp\antigravity\scratch\antigravity_backup_tmp\antigravity\brain\f43ccb5d-807c-497e-8d6d-b3d8563d9ba
8\.system_generated\messages\30ca4eeb-2851-4d8e-b982-7274ca2c3287.json: Could not find a part of the path 
'30ca4eeb-2851-4d8e-b982-7274ca2c3287.json'.
At line:1 char:1
+ Remove-Item -Recurse -Force 'C:\Users\66830\.gemini\antigravity\scrat ...
+ ~~~~~~~~~~~~~~~~~~~~~~~~~~~~~~~~~~~~~~~~~~~~~~~~~~~~~~~~~~~~~~~~~~~~~
    + CategoryInfo          : WriteError: (30ca4eeb-2851-4...74ca2c3287.json:FileInfo) [Remove-Item], DirectoryNotFoun 
   dException
    + FullyQualifiedErrorId : RemoveFileSystemItemIOError,Microsoft.PowerShell.Commands.RemoveItemCommand
Remove-Item : Cannot remove item C:\Users\66830\.gemini\antigravity\scratch\antigravity_backup_tmp\antigravity\scratch\
antigravity_backup_tmp\antigravity\scratch\antigravity_backup_tmp\antigravity\brain\f43ccb5d-807c-497e-8d6d-b3d8563d9ba
8\.system_generated\messages\5f0e13bf-6f7f-4260-9ecf-9b708a7ef55a.json: Could not find a part of the path 
'5f0e13bf-6f7f-4260-9ecf-9b708a7ef55a.json'.
At line:1 char:1
+ Remove-Item -Recurse -Force 'C:\Users\66830\.gemini\antigravity\scrat ...
+ ~~~~~~~~~~~~~~~~~~~~~~~~~~~~~~~~~~~~~~~~~~~~~~~~~~~~~~~~~~~~~~~~~~~~~
    + CategoryInfo          : WriteError: (5f0e13bf-6f7f-4...708a7ef55a.json:FileInfo) [Remove-Item], DirectoryNotFoun 
   dException
    + FullyQualifiedErrorId : RemoveFileSystemItemIOError,Microsoft.PowerShell.Commands.RemoveItemCommand
Remove-Item : Cannot remove item C:\Users\66830\.gemini\antigravity\scratch\antigravity_backup_tmp\antigravity\scratch\
antigravity_backup_tmp\antigravity\scratch\antigravity_backup_tmp\antigravity\brain\f43ccb5d-807c-497e-8d6d-b3d8563d9ba
8\.system_generated\messages\6a346868-6684-4ae1-8667-b4135e2d3677.json: Could not find a part of the path 
'6a346868-6684-4ae1-8667-b4135e2d3677.json'.
At line:1 char:1
+ Remove-Item -Recurse -Force 'C:\Users\66830\.gemini\antigravity\scrat ...
+ ~~~~~~~~~~~~~~~~~~~~~~~~~~~~~~~~~~~~~~~~~~~~~~~~~~~~~~~~~~~~~~~~~~~~~
    + CategoryInfo          : WriteError: (6a346868-6684-4...135e2d3677.json:FileInfo) [Remove-Item], DirectoryNotFoun 
   dException
    + FullyQualifiedErrorId : RemoveFileSystemItemIOError,Microsoft.PowerShell.Commands.RemoveItemCommand
Remove-Item : Cannot remove item C:\Users\66830\.gemini\antigravity\scratch\antigravity_backup_tmp\antigravity\scratch\
antigravity_backup_tmp\antigravity\scratch\antigravity_backup_tmp\antigravity\brain\f43ccb5d-807c-497e-8d6d-b3d8563d9ba
8\.system_generated\messages\a681c026-a78c-4b99-8347-cddd2e076062.json: Could not find a part of the path 
'a681c026-a78c-4b99-8347-cddd2e076062.json'.
At line:1 char:1
+ Remove-Item -Recurse -Force 'C:\Users\66830\.gemini\antigravity\scrat ...
+ ~~~~~~~~~~~~~~~~~~~~~~~~~~~~~~~~~~~~~~~~~~~~~~~~~~~~~~~~~~~~~~~~~~~~~
    + CategoryInfo          : WriteError: (a681c026-a78c-4...dd2e076062.json:FileInfo) [Remove-Item], DirectoryNotFoun 
   dException
    + FullyQualifiedErrorId : RemoveFileSystemItemIOError,Microsoft.PowerShell.Commands.RemoveItemCommand
Remove-Item : Cannot remove item C:\Users\66830\.gemini\antigravity\scratch\antigravity_backup_tmp\antigravity\scratch\
antigravity_backup_tmp\antigravity\scratch\antigravity_backup_tmp\antigravity\brain\f43ccb5d-807c-497e-8d6d-b3d8563d9ba
8\.system_generated\messages\eb0e5a2f-3403-448e-ad6c-0e7451d1c292.json: Could not find a part of the path 
'eb0e5a2f-3403-448e-ad6c-0e7451d1c292.json'.
At line:1 char:1
+ Remove-Item -Recurse -Force 'C:\Users\66830\.gemini\antigravity\scrat ...
+ ~~~~~~~~~~~~~~~~~~~~~~~~~~~~~~~~~~~~~~~~~~~~~~~~~~~~~~~~~~~~~~~~~~~~~
    + CategoryInfo          : WriteError: (eb0e5a2f-3403-4...7451d1c292.json:FileInfo) [Remove-Item], DirectoryNotFoun 
   dException
    + FullyQualifiedErrorId : RemoveFileSystemItemIOError,Microsoft.PowerShell.Commands.RemoveItemCommand
Remove-Item : Cannot remove item C:\Users\66830\.gemini\antigravity\scratch\antigravity_backup_tmp\antigravity\scratch\
antigravity_backup_tmp\antigravity\scratch\antigravity_backup_tmp\antigravity\brain\f43ccb5d-807c-497e-8d6d-b3d8563d9ba
8\.system_generated\messages: The directory is not empty.
At line:1 char:1
+ Remove-Item -Recurse -Force 'C:\Users\66830\.gemini\antigravity\scrat ...
+ ~~~~~~~~~~~~~~~~~~~~~~~~~~~~~~~~~~~~~~~~~~~~~~~~~~~~~~~~~~~~~~~~~~~~~
    + CategoryInfo          : WriteError: (messages:DirectoryInfo) [Remove-Item], IOException
    + FullyQualifiedErrorId : RemoveFileSystemItemIOError,Microsoft.PowerShell.Commands.RemoveItemCommand
Remove-Item : Cannot remove item C:\Users\66830\.gemini\antigravity\scratch\antigravity_backup_tmp\antigravity\scratch\
antigravity_backup_tmp\antigravity\scratch\antigravity_backup_tmp\antigravity\brain\f43ccb5d-807c-497e-8d6d-b3d8563d9ba
8\.system_generated: The directory is not empty.
At line:1 char:1
+ Remove-Item -Recurse -Force 'C:\Users\66830\.gemini\antigravity\scrat ...
+ ~~~~~~~~~~~~~~~~~~~~~~~~~~~~~~~~~~~~~~~~~~~~~~~~~~~~~~~~~~~~~~~~~~~~~
    + CategoryInfo          : WriteError: (.system_generated:DirectoryInfo) [Remove-Item], IOException
    + FullyQualifiedErrorId : RemoveFileSystemItemIOError,Microsoft.PowerShell.Commands.RemoveItemCommand
Remove-Item : Cannot remove item C:\Users\66830\.gemini\antigravity\scratch\antigravity_backup_tmp\antigravity\scratch\
antigravity_backup_tmp\antigravity\scratch\antigravity_backup_tmp\antigravity\brain\f43ccb5d-807c-497e-8d6d-b3d8563d9ba
8: The directory is not empty.
At line:1 char:1
+ Remove-Item -Recurse -Force 'C:\Users\66830\.gemini\antigravity\scrat ...
+ ~~~~~~~~~~~~~~~~~~~~~~~~~~~~~~~~~~~~~~~~~~~~~~~~~~~~~~~~~~~~~~~~~~~~~
    + CategoryInfo          : WriteError: (f43ccb5d-807c-497e-8d6d-b3d8563d9ba8:DirectoryInfo) [Remove-Item], IOExcept 
   ion
    + FullyQualifiedErrorId : RemoveFileSystemItemIOError,Microsoft.PowerShell.Commands.RemoveItemCommand
Remove-Item : Cannot remove item C:\Users\66830\.gemini\antigravity\scratch\antigravity_backup_tmp\antigravity\scratch\
antigravity_backup_tmp\antigravity\scratch\antigravity_backup_tmp\antigravity\brain\investment-portfolio-tracker\node_m
odules\@oxlint\binding-win32-x64-msvc\oxlint.win32-x64-msvc.node: Could not find a part of the path 
'oxlint.win32-x64-msvc.node'.
At line:1 char:1
+ Remove-Item -Recurse -Force 'C:\Users\66830\.gemini\antigravity\scrat ...
+ ~~~~~~~~~~~~~~~~~~~~~~~~~~~~~~~~~~~~~~~~~~~~~~~~~~~~~~~~~~~~~~~~~~~~~
    + CategoryInfo          : WriteError: (oxlint.win32-x64-msvc.node:FileInfo) [Remove-Item], DirectoryNotFoundExcept 
   ion
    + FullyQualifiedErrorId : RemoveFileSystemItemIOError,Microsoft.PowerShell.Commands.RemoveItemCommand
Remove-Item : Cannot remove item C:\Users\66830\.gemini\antigravity\scratch\antigravity_backup_tmp\antigravity\scratch\
antigravity_backup_tmp\antigravity\scratch\antigravity_backup_tmp\antigravity\brain\investment-portfolio-tracker\node_m
odules\@oxlint\binding-win32-x64-msvc: The directory is not empty.
At line:1 char:1
+ Remove-Item -Recurse -Force 'C:\Users\66830\.gemini\antigravity\scrat ...
+ ~~~~~~~~~~~~~~~~~~~~~~~~~~~~~~~~~~~~~~~~~~~~~~~~~~~~~~~~~~~~~~~~~~~~~
    + CategoryInfo          : WriteError: (binding-win32-x64-msvc:DirectoryInfo) [Remove-Item], IOException
    + FullyQualifiedErrorId : RemoveFileSystemItemIOError,Microsoft.PowerShell.Commands.RemoveItemCommand
Remove-Item : Cannot remove item C:\Users\66830\.gemini\antigravity\scratch\antigravity_backup_tmp\antigravity\scratch\
antigravity_backup_tmp\antigravity\scratch\antigravity_backup_tmp\antigravity\brain\investment-portfolio-tracker\node_m
odules\@oxlint: The directory is not empty.
At line:1 char:1
+ Remove-Item -Recurse -Force 'C:\Users\66830\.gemini\antigravity\scrat ...
+ ~~~~~~~~~~~~~~~~~~~~~~~~~~~~~~~~~~~~~~~~~~~~~~~~~~~~~~~~~~~~~~~~~~~~~
    + CategoryInfo          : WriteError: (@oxlint:DirectoryInfo) [Remove-Item], IOException
    + FullyQualifiedErrorId : RemoveFileSystemItemIOError,Microsoft.PowerShell.Commands.RemoveItemCommand
Remove-Item : Cannot remove item C:\Users\66830\.gemini\antigravity\scratch\antigravity_backup_tmp\antigravity\scratch\
antigravity_backup_tmp\antigravity\scratch\antigravity_backup_tmp\antigravity\brain\investment-portfolio-tracker\node_m
odules\@reduxjs\toolkit\dist\cjs\redux-toolkit.development.cjs: Could not find a part of the path 
'redux-toolkit.development.cjs'.
At line:1 char:1
+ Remove-Item -Recurse -Force 'C:\Users\66830\.gemini\antigravity\scrat ...
+ ~~~~~~~~~~~~~~~~~~~~~~~~~~~~~~~~~~~~~~~~~~~~~~~~~~~~~~~~~~~~~~~~~~~~~
    + CategoryInfo          : WriteError: (redux-toolkit.development.cjs:FileInfo) [Remove-Item], DirectoryNotFoundExc 
   eption
    + FullyQualifiedErrorId : RemoveFileSystemItemIOError,Microsoft.PowerShell.Commands.RemoveItemCommand
Remove-Item : Cannot remove item C:\Users\66830\.gemini\antigravity\scratch\antigravity_backup_tmp\antigravity\scratch\
antigravity_backup_tmp\antigravity\scratch\antigravity_backup_tmp\antigravity\brain\investment-portfolio-tracker\node_m
odules\@reduxjs\toolkit\dist\cjs\redux-toolkit.development.cjs.map: Could not find a part of the path 
'redux-toolkit.development.cjs.map'.
At line:1 char:1
+ Remove-Item -Recurse -Force 'C:\Users\66830\.gemini\antigravity\scrat ...
+ ~~~~~~~~~~~~~~~~~~~~~~~~~~~~~~~~~~~~~~~~~~~~~~~~~~~~~~~~~~~~~~~~~~~~~
    + CategoryInfo          : WriteError: (redux-toolkit.development.cjs.map:FileInfo) [Remove-Item], DirectoryNotFoun 
   dException
    + FullyQualifiedErrorId : RemoveFileSystemItemIOError,Microsoft.PowerShell.Commands.RemoveItemCommand
Remove-Item : Cannot remove item C:\Users\66830\.gemini\antigravity\scratch\antigravity_backup_tmp\antigravity\scratch\
antigravity_backup_tmp\antigravity\scratch\antigravity_backup_tmp\antigravity\brain\investment-portfolio-tracker\node_m
odules\@reduxjs\toolkit\dist\cjs\redux-toolkit.production.min.cjs: Could not find a part of the path 
'redux-toolkit.production.min.cjs'.
At line:1 char:1
+ Remove-Item -Recurse -Force 'C:\Users\66830\.gemini\antigravity\scrat ...
+ ~~~~~~~~~~~~~~~~~~~~~~~~~~~~~~~~~~~~~~~~~~~~~~~~~~~~~~~~~~~~~~~~~~~~~
    + CategoryInfo          : WriteError: (redux-toolkit.production.min.cjs:FileInfo) [Remove-Item], DirectoryNotFound 
   Exception
    + FullyQualifiedErrorId : RemoveFileSystemItemIOError,Microsoft.PowerShell.Commands.RemoveItemCommand
Remove-Item : Cannot remove item C:\Users\66830\.gemini\antigravity\scratch\antigravity_backup_tmp\antigravity\scratch\
antigravity_backup_tmp\antigravity\scratch\antigravity_backup_tmp\antigravity\brain\investment-portfolio-tracker\node_m
odules\@reduxjs\toolkit\dist\cjs\redux-toolkit.production.min.cjs.map: Could not find a part of the path 
'redux-toolkit.production.min.cjs.map'.
At line:1 char:1
+ Remove-Item -Recurse -Force 'C:\Users\66830\.gemini\antigravity\scrat ...
+ ~~~~~~~~~~~~~~~~~~~~~~~~~~~~~~~~~~~~~~~~~~~~~~~~~~~~~~~~~~~~~~~~~~~~~
    + CategoryInfo          : WriteError: (redux-toolkit.production.min.cjs.map:FileInfo) [Remove-Item], DirectoryNotF 
   oundException
    + FullyQualifiedErrorId : RemoveFileSystemItemIOError,Microsoft.PowerShell.Commands.RemoveItemCommand
Remove-Item : Cannot remove item C:\Users\66830\.gemini\antigravity\scratch\antigravity_backup_tmp\antigravity\scratch\
antigravity_backup_tmp\antigravity\scratch\antigravity_backup_tmp\antigravity\brain\investment-portfolio-tracker\node_m
odules\@reduxjs\toolkit\dist\cjs: The directory is not empty.
At line:1 char:1
+ Remove-Item -Recurse -Force 'C:\Users\66830\.gemini\antigravity\scrat ...
+ ~~~~~~~~~~~~~~~~~~~~~~~~~~~~~~~~~~~~~~~~~~~~~~~~~~~~~~~~~~~~~~~~~~~~~
    + CategoryInfo          : WriteError: (cjs:DirectoryInfo) [Remove-Item], IOException
    + FullyQualifiedErrorId : RemoveFileSystemItemIOError,Microsoft.PowerShell.Commands.RemoveItemCommand
Remove-Item : Cannot remove item C:\Users\66830\.gemini\antigravity\scratch\antigravity_backup_tmp\antigravity\scratch\
antigravity_backup_tmp\antigravity\scratch\antigravity_backup_tmp\antigravity\brain\investment-portfolio-tracker\node_m
odules\@reduxjs\toolkit\dist\query\cjs\rtk-query.development.cjs: Could not find a part of the path 
'rtk-query.development.cjs'.
At line:1 char:1
+ Remove-Item -Recurse -Force 'C:\Users\66830\.gemini\antigravity\scrat ...
+ ~~~~~~~~~~~~~~~~~~~~~~~~~~~~~~~~~~~~~~~~~~~~~~~~~~~~~~~~~~~~~~~~~~~~~
    + CategoryInfo          : WriteError: (rtk-query.development.cjs:FileInfo) [Remove-Item], DirectoryNotFoundExcepti 
   on
    + FullyQualifiedErrorId : RemoveFileSystemItemIOError,Microsoft.PowerShell.Commands.RemoveItemCommand
Remove-Item : Cannot remove item C:\Users\66830\.gemini\antigravity\scratch\antigravity_backup_tmp\antigravity\scratch\
antigravity_backup_tmp\antigravity\scratch\antigravity_backup_tmp\antigravity\brain\investment-portfolio-tracker\node_m
odules\@reduxjs\toolkit\dist\query\cjs\rtk-query.development.cjs.map: Could not find a part of the path 
'rtk-query.development.cjs.map'.
At line:1 char:1
+ Remove-Item -Recurse -Force 'C:\Users\66830\.gemini\antigravity\scrat ...
+ ~~~~~~~~~~~~~~~~~~~~~~~~~~~~~~~~~~~~~~~~~~~~~~~~~~~~~~~~~~~~~~~~~~~~~
    + CategoryInfo          : WriteError: (rtk-query.development.cjs.map:FileInfo) [Remove-Item], DirectoryNotFoundExc 
   eption
    + FullyQualifiedErrorId : RemoveFileSystemItemIOError,Microsoft.PowerShell.Commands.RemoveItemCommand
Remove-Item : Cannot remove item C:\Users\66830\.gemini\antigravity\scratch\antigravity_backup_tmp\antigravity\scratch\
antigravity_backup_tmp\antigravity\scratch\antigravity_backup_tmp\antigravity\brain\investment-portfolio-tracker\node_m
odules\@reduxjs\toolkit\dist\query\cjs\rtk-query.production.min.cjs: Could not find a part of the path 
'rtk-query.production.min.cjs'.
At line:1 char:1
+ Remove-Item -Recurse -Force 'C:\Users\66830\.gemini\antigravity\scrat ...
+ ~~~~~~~~~~~~~~~~~~~~~~~~~~~~~~~~~~~~~~~~~~~~~~~~~~~~~~~~~~~~~~~~~~~~~
    + CategoryInfo          : WriteError: (rtk-query.production.min.cjs:FileInfo) [Remove-Item], DirectoryNotFoundExce 
   ption
    + FullyQualifiedErrorId : RemoveFileSystemItemIOError,Microsoft.PowerShell.Commands.RemoveItemCommand
Remove-Item : Cannot remove item C:\Users\66830\.gemini\antigravity\scratch\antigravity_backup_tmp\antigravity\scratch\
antigravity_backup_tmp\antigravity\scratch\antigravity_backup_tmp\antigravity\brain\investment-portfolio-tracker\node_m
odules\@reduxjs\toolkit\dist\query\cjs\rtk-query.production.min.cjs.map: Could not find a part of the path 
'rtk-query.production.min.cjs.map'.
At line:1 char:1
+ Remove-Item -Recurse -Force 'C:\Users\66830\.gemini\antigravity\scrat ...
+ ~~~~~~~~~~~~~~~~~~~~~~~~~~~~~~~~~~~~~~~~~~~~~~~~~~~~~~~~~~~~~~~~~~~~~
    + CategoryInfo          : WriteError: (rtk-query.production.min.cjs.map:FileInfo) [Remove-Item], DirectoryNotFound 
   Exception
    + FullyQualifiedErrorId : RemoveFileSystemItemIOError,Microsoft.PowerShell.Commands.RemoveItemCommand
Remove-Item : Cannot remove item C:\Users\66830\.gemini\antigravity\scratch\antigravity_backup_tmp\antigravity\scratch\
antigravity_backup_tmp\antigravity\scratch\antigravity_backup_tmp\antigravity\brain\investment-portfolio-tracker\node_m
odules\@reduxjs\toolkit\dist\query\cjs: The directory is not empty.
At line:1 char:1
+ Remove-Item -Recurse -Force 'C:\Users\66830\.gemini\antigravity\scrat ...
+ ~~~~~~~~~~~~~~~~~~~~~~~~~~~~~~~~~~~~~~~~~~~~~~~~~~~~~~~~~~~~~~~~~~~~~
    + CategoryInfo          : WriteError: (cjs:DirectoryInfo) [Remove-Item], IOException
    + FullyQualifiedErrorId : RemoveFileSystemItemIOError,Microsoft.PowerShell.Commands.RemoveItemCommand
Remove-Item : Cannot remove item C:\Users\66830\.gemini\antigravity\scratch\antigravity_backup_tmp\antigravity\scratch\
antigravity_backup_tmp\antigravity\scratch\antigravity_backup_tmp\antigravity\brain\investment-portfolio-tracker\node_m
odules\@reduxjs\toolkit\dist\query\react\cjs\rtk-query-react.development.cjs: Could not find a part of the path 
'rtk-query-react.development.cjs'.
At line:1 char:1
+ Remove-Item -Recurse -Force 'C:\Users\66830\.gemini\antigravity\scrat ...
+ ~~~~~~~~~~~~~~~~~~~~~~~~~~~~~~~~~~~~~~~~~~~~~~~~~~~~~~~~~~~~~~~~~~~~~
    + CategoryInfo          : WriteError: (rtk-query-react.development.cjs:FileInfo) [Remove-Item], DirectoryNotFoundE 
   xception
    + FullyQualifiedErrorId : RemoveFileSystemItemIOError,Microsoft.PowerShell.Commands.RemoveItemCommand
Remove-Item : Cannot remove item C:\Users\66830\.gemini\antigravity\scratch\antigravity_backup_tmp\antigravity\scratch\
antigravity_backup_tmp\antigravity\scratch\antigravity_backup_tmp\antigravity\brain\investment-portfolio-tracker\node_m
odules\@reduxjs\toolkit\dist\query\react\cjs\rtk-query-react.development.cjs.map: Could not find a part of the path 
'rtk-query-react.development.cjs.map'.
At line:1 char:1
+ Remove-Item -Recurse -Force 'C:\Users\66830\.gemini\antigravity\scrat ...
+ ~~~~~~~~~~~~~~~~~~~~~~~~~~~~~~~~~~~~~~~~~~~~~~~~~~~~~~~~~~~~~~~~~~~~~
    + CategoryInfo          : WriteError: (rtk-query-react.development.cjs.map:FileInfo) [Remove-Item], DirectoryNotFo 
   undException
    + FullyQualifiedErrorId : RemoveFileSystemItemIOError,Microsoft.PowerShell.Commands.RemoveItemCommand
Remove-Item : Cannot remove item C:\Users\66830\.gemini\antigravity\scratch\antigravity_backup_tmp\antigravity\scratch\
antigravity_backup_tmp\antigravity\scratch\antigravity_backup_tmp\antigravity\brain\investment-portfolio-tracker\node_m
odules\@reduxjs\toolkit\dist\query\react\cjs\rtk-query-react.production.min.cjs: Could not find a part of the path 
'rtk-query-react.production.min.cjs'.
At line:1 char:1
+ Remove-Item -Recurse -Force 'C:\Users\66830\.gemini\antigravity\scrat ...
+ ~~~~~~~~~~~~~~~~~~~~~~~~~~~~~~~~~~~~~~~~~~~~~~~~~~~~~~~~~~~~~~~~~~~~~
    + CategoryInfo          : WriteError: (rtk-query-react.production.min.cjs:FileInfo) [Remove-Item], DirectoryNotFou 
   ndException
    + FullyQualifiedErrorId : RemoveFileSystemItemIOError,Microsoft.PowerShell.Commands.RemoveItemCommand
Remove-Item : Cannot remove item C:\Users\66830\.gemini\antigravity\scratch\antigravity_backup_tmp\antigravity\scratch\
antigravity_backup_tmp\antigravity\scratch\antigravity_backup_tmp\antigravity\brain\investment-portfolio-tracker\node_m
odules\@reduxjs\toolkit\dist\query\react\cjs\rtk-query-react.production.min.cjs.map: Could not find a part of the path 
'rtk-query-react.production.min.cjs.map'.
At line:1 char:1
+ Remove-Item -Recurse -Force 'C:\Users\66830\.gemini\antigravity\scrat ...
+ ~~~~~~~~~~~~~~~~~~~~~~~~~~~~~~~~~~~~~~~~~~~~~~~~~~~~~~~~~~~~~~~~~~~~~
    + CategoryInfo          : WriteError: (rtk-query-react.production.min.cjs.map:FileInfo) [Remove-Item], DirectoryNo 
   tFoundException
    + FullyQualifiedErrorId : RemoveFileSystemItemIOError,Microsoft.PowerShell.Commands.RemoveItemCommand
Remove-Item : Cannot remove item C:\Users\66830\.gemini\antigravity\scratch\antigravity_backup_tmp\antigravity\scratch\
antigravity_backup_tmp\antigravity\scratch\antigravity_backup_tmp\antigravity\brain\investment-portfolio-tracker\node_m
odules\@reduxjs\toolkit\dist\query\react\cjs: The directory is not empty.
At line:1 char:1
+ Remove-Item -Recurse -Force 'C:\Users\66830\.gemini\antigravity\scrat ...
+ ~~~~~~~~~~~~~~~~~~~~~~~~~~~~~~~~~~~~~~~~~~~~~~~~~~~~~~~~~~~~~~~~~~~~~
    + CategoryInfo          : WriteError: (cjs:DirectoryInfo) [Remove-Item], IOException
    + FullyQualifiedErrorId : RemoveFileSystemItemIOError,Microsoft.PowerShell.Commands.RemoveItemCommand
Remove-Item : Cannot remove item C:\Users\66830\.gemini\antigravity\scratch\antigravity_backup_tmp\antigravity\scratch\
antigravity_backup_tmp\antigravity\scratch\antigravity_backup_tmp\antigravity\brain\investment-portfolio-tracker\node_m
odules\@reduxjs\toolkit\dist\query\react\rtk-query-react.browser.mjs: Could not find a part of the path 
'rtk-query-react.browser.mjs'.
At line:1 char:1
+ Remove-Item -Recurse -Force 'C:\Users\66830\.gemini\antigravity\scrat ...
+ ~~~~~~~~~~~~~~~~~~~~~~~~~~~~~~~~~~~~~~~~~~~~~~~~~~~~~~~~~~~~~~~~~~~~~
    + CategoryInfo          : WriteError: (rtk-query-react.browser.mjs:FileInfo) [Remove-Item], DirectoryNotFoundExcep 
   tion
    + FullyQualifiedErrorId : RemoveFileSystemItemIOError,Microsoft.PowerShell.Commands.RemoveItemCommand
Remove-Item : Cannot remove item C:\Users\66830\.gemini\antigravity\scratch\antigravity_backup_tmp\antigravity\scratch\
antigravity_backup_tmp\antigravity\scratch\antigravity_backup_tmp\antigravity\brain\investment-portfolio-tracker\node_m
odules\@reduxjs\toolkit\dist\query\react\rtk-query-react.browser.mjs.map: Could not find a part of the path 
'rtk-query-react.browser.mjs.map'.
At line:1 char:1
+ Remove-Item -Recurse -Force 'C:\Users\66830\.gemini\antigravity\scrat ...
+ ~~~~~~~~~~~~~~~~~~~~~~~~~~~~~~~~~~~~~~~~~~~~~~~~~~~~~~~~~~~~~~~~~~~~~
    + CategoryInfo          : WriteError: (rtk-query-react.browser.mjs.map:FileInfo) [Remove-Item], DirectoryNotFoundE 
   xception
    + FullyQualifiedErrorId : RemoveFileSystemItemIOError,Microsoft.PowerShell.Commands.RemoveItemCommand
Remove-Item : Cannot remove item C:\Users\66830\.gemini\antigravity\scratch\antigravity_backup_tmp\antigravity\scratch\
antigravity_backup_tmp\antigravity\scratch\antigravity_backup_tmp\antigravity\brain\investment-portfolio-tracker\node_m
odules\@reduxjs\toolkit\dist\query\react\rtk-query-react.legacy-esm.js: Could not find a part of the path 
'rtk-query-react.legacy-esm.js'.
At line:1 char:1
+ Remove-Item -Recurse -Force 'C:\Users\66830\.gemini\antigravity\scrat ...
+ ~~~~~~~~~~~~~~~~~~~~~~~~~~~~~~~~~~~~~~~~~~~~~~~~~~~~~~~~~~~~~~~~~~~~~
    + CategoryInfo          : WriteError: (rtk-query-react.legacy-esm.js:FileInfo) [Remove-Item], DirectoryNotFoundExc 
   eption
    + FullyQualifiedErrorId : RemoveFileSystemItemIOError,Microsoft.PowerShell.Commands.RemoveItemCommand
Remove-Item : Cannot remove item C:\Users\66830\.gemini\antigravity\scratch\antigravity_backup_tmp\antigravity\scratch\
antigravity_backup_tmp\antigravity\scratch\antigravity_backup_tmp\antigravity\brain\investment-portfolio-tracker\node_m
odules\@reduxjs\toolkit\dist\query\react\rtk-query-react.legacy-esm.js.map: Could not find a part of the path 
'rtk-query-react.legacy-esm.js.map'.
At line:1 char:1
+ Remove-Item -Recurse -Force 'C:\Users\66830\.gemini\antigravity\scrat ...
+ ~~~~~~~~~~~~~~~~~~~~~~~~~~~~~~~~~~~~~~~~~~~~~~~~~~~~~~~~~~~~~~~~~~~~~
    + CategoryInfo          : WriteError: (rtk-query-react.legacy-esm.js.map:FileInfo) [Remove-Item], DirectoryNotFoun 
   dException
    + FullyQualifiedErrorId : RemoveFileSystemItemIOError,Microsoft.PowerShell.Commands.RemoveItemCommand
Remove-Item : Cannot remove item C:\Users\66830\.gemini\antigravity\scratch\antigravity_backup_tmp\antigravity\scratch\
antigravity_backup_tmp\antigravity\scratch\antigravity_backup_tmp\antigravity\brain\investment-portfolio-tracker\node_m
odules\@reduxjs\toolkit\dist\query\react\rtk-query-react.modern.mjs: Could not find a part of the path 
'rtk-query-react.modern.mjs'.
At line:1 char:1
+ Remove-Item -Recurse -Force 'C:\Users\66830\.gemini\antigravity\scrat ...
+ ~~~~~~~~~~~~~~~~~~~~~~~~~~~~~~~~~~~~~~~~~~~~~~~~~~~~~~~~~~~~~~~~~~~~~
    + CategoryInfo          : WriteError: (rtk-query-react.modern.mjs:FileInfo) [Remove-Item], DirectoryNotFoundExcept 
   ion
    + FullyQualifiedErrorId : RemoveFileSystemItemIOError,Microsoft.PowerShell.Commands.RemoveItemCommand
Remove-Item : Cannot remove item C:\Users\66830\.gemini\antigravity\scratch\antigravity_backup_tmp\antigravity\scratch\
antigravity_backup_tmp\antigravity\scratch\antigravity_backup_tmp\antigravity\brain\investment-portfolio-tracker\node_m
odules\@reduxjs\toolkit\dist\query\react\rtk-query-react.modern.mjs.map: Could not find a part of the path 
'rtk-query-react.modern.mjs.map'.
At line:1 char:1
+ Remove-Item -Recurse -Force 'C:\Users\66830\.gemini\antigravity\scrat ...
+ ~~~~~~~~~~~~~~~~~~~~~~~~~~~~~~~~~~~~~~~~~~~~~~~~~~~~~~~~~~~~~~~~~~~~~
    + CategoryInfo          : WriteError: (rtk-query-react.modern.mjs.map:FileInfo) [Remove-Item], DirectoryNotFoundEx 
   ception
    + FullyQualifiedErrorId : RemoveFileSystemItemIOError,Microsoft.PowerShell.Commands.RemoveItemCommand
Remove-Item : Cannot remove item C:\Users\66830\.gemini\antigravity\scratch\antigravity_backup_tmp\antigravity\scratch\
antigravity_backup_tmp\antigravity\scratch\antigravity_backup_tmp\antigravity\brain\investment-portfolio-tracker\node_m
odules\@reduxjs\toolkit\dist\query\react: The directory is not empty.
At line:1 char:1
+ Remove-Item -Recurse -Force 'C:\Users\66830\.gemini\antigravity\scrat ...
+ ~~~~~~~~~~~~~~~~~~~~~~~~~~~~~~~~~~~~~~~~~~~~~~~~~~~~~~~~~~~~~~~~~~~~~
    + CategoryInfo          : WriteError: (react:DirectoryInfo) [Remove-Item], IOException
    + FullyQualifiedErrorId : RemoveFileSystemItemIOError,Microsoft.PowerShell.Commands.RemoveItemCommand
Remove-Item : Cannot remove item C:\Users\66830\.gemini\antigravity\scratch\antigravity_backup_tmp\antigravity\scratch\
antigravity_backup_tmp\antigravity\scratch\antigravity_backup_tmp\antigravity\brain\investment-portfolio-tracker\node_m
odules\@reduxjs\toolkit\dist\query\rtk-query.browser.mjs: Could not find a part of the path 'rtk-query.browser.mjs'.
At line:1 char:1
+ Remove-Item -Recurse -Force 'C:\Users\66830\.gemini\antigravity\scrat ...
+ ~~~~~~~~~~~~~~~~~~~~~~~~~~~~~~~~~~~~~~~~~~~~~~~~~~~~~~~~~~~~~~~~~~~~~
    + CategoryInfo          : WriteError: (rtk-query.browser.mjs:FileInfo) [Remove-Item], DirectoryNotFoundException
    + FullyQualifiedErrorId : RemoveFileSystemItemIOError,Microsoft.PowerShell.Commands.RemoveItemCommand
Remove-Item : Cannot remove item C:\Users\66830\.gemini\antigravity\scratch\antigravity_backup_tmp\antigravity\scratch\
antigravity_backup_tmp\antigravity\scratch\antigravity_backup_tmp\antigravity\brain\investment-portfolio-tracker\node_m
odules\@reduxjs\toolkit\dist\query\rtk-query.browser.mjs.map: Could not find a part of the path 
'rtk-query.browser.mjs.map'.
At line:1 char:1
+ Remove-Item -Recurse -Force 'C:\Users\66830\.gemini\antigravity\scrat ...
+ ~~~~~~~~~~~~~~~~~~~~~~~~~~~~~~~~~~~~~~~~~~~~~~~~~~~~~~~~~~~~~~~~~~~~~
    + CategoryInfo          : WriteError: (rtk-query.browser.mjs.map:FileInfo) [Remove-Item], DirectoryNotFoundExcepti 
   on
    + FullyQualifiedErrorId : RemoveFileSystemItemIOError,Microsoft.PowerShell.Commands.RemoveItemCommand
Remove-Item : Cannot remove item C:\Users\66830\.gemini\antigravity\scratch\antigravity_backup_tmp\antigravity\scratch\
antigravity_backup_tmp\antigravity\scratch\antigravity_backup_tmp\antigravity\brain\investment-portfolio-tracker\node_m
odules\@reduxjs\toolkit\dist\query\rtk-query.legacy-esm.js: Could not find a part of the path 
'rtk-query.legacy-esm.js'.
At line:1 char:1
+ Remove-Item -Recurse -Force 'C:\Users\66830\.gemini\antigravity\scrat ...
+ ~~~~~~~~~~~~~~~~~~~~~~~~~~~~~~~~~~~~~~~~~~~~~~~~~~~~~~~~~~~~~~~~~~~~~
    + CategoryInfo          : WriteError: (rtk-query.legacy-esm.js:FileInfo) [Remove-Item], DirectoryNotFoundException
    + FullyQualifiedErrorId : RemoveFileSystemItemIOError,Microsoft.PowerShell.Commands.RemoveItemCommand
Remove-Item : Cannot remove item C:\Users\66830\.gemini\antigravity\scratch\antigravity_backup_tmp\antigravity\scratch\
antigravity_backup_tmp\antigravity\scratch\antigravity_backup_tmp\antigravity\brain\investment-portfolio-tracker\node_m
odules\@reduxjs\toolkit\dist\query\rtk-query.legacy-esm.js.map: Could not find a part of the path 
'rtk-query.legacy-esm.js.map'.
At line:1 char:1
+ Remove-Item -Recurse -Force 'C:\Users\66830\.gemini\antigravity\scrat ...
+ ~~~~~~~~~~~~~~~~~~~~~~~~~~~~~~~~~~~~~~~~~~~~~~~~~~~~~~~~~~~~~~~~~~~~~
    + CategoryInfo          : WriteError: (rtk-query.legacy-esm.js.map:FileInfo) [Remove-Item], DirectoryNotFoundExcep 
   tion
    + FullyQualifiedErrorId : RemoveFileSystemItemIOError,Microsoft.PowerShell.Commands.RemoveItemCommand
Remove-Item : Cannot remove item C:\Users\66830\.gemini\antigravity\scratch\antigravity_backup_tmp\antigravity\scratch\
antigravity_backup_tmp\antigravity\scratch\antigravity_backup_tmp\antigravity\brain\investment-portfolio-tracker\node_m
odules\@reduxjs\toolkit\dist\query\rtk-query.modern.mjs: Could not find a part of the path 'rtk-query.modern.mjs'.
At line:1 char:1
+ Remove-Item -Recurse -Force 'C:\Users\66830\.gemini\antigravity\scrat ...
+ ~~~~~~~~~~~~~~~~~~~~~~~~~~~~~~~~~~~~~~~~~~~~~~~~~~~~~~~~~~~~~~~~~~~~~
    + CategoryInfo          : WriteError: (rtk-query.modern.mjs:FileInfo) [Remove-Item], DirectoryNotFoundException
    + FullyQualifiedErrorId : RemoveFileSystemItemIOError,Microsoft.PowerShell.Commands.RemoveItemCommand
Remove-Item : Cannot remove item C:\Users\66830\.gemini\antigravity\scratch\antigravity_backup_tmp\antigravity\scratch\
antigravity_backup_tmp\antigravity\scratch\antigravity_backup_tmp\antigravity\brain\investment-portfolio-tracker\node_m
odules\@reduxjs\toolkit\dist\query\rtk-query.modern.mjs.map: Could not find a part of the path 
'rtk-query.modern.mjs.map'.
At line:1 char:1
+ Remove-Item -Recurse -Force 'C:\Users\66830\.gemini\antigravity\scrat ...
+ ~~~~~~~~~~~~~~~~~~~~~~~~~~~~~~~~~~~~~~~~~~~~~~~~~~~~~~~~~~~~~~~~~~~~~
    + CategoryInfo          : WriteError: (rtk-query.modern.mjs.map:FileInfo) [Remove-Item], DirectoryNotFoundExceptio 
   n
    + FullyQualifiedErrorId : RemoveFileSystemItemIOError,Microsoft.PowerShell.Commands.RemoveItemCommand
Remove-Item : Cannot remove item C:\Users\66830\.gemini\antigravity\scratch\antigravity_backup_tmp\antigravity\scratch\
antigravity_backup_tmp\antigravity\scratch\antigravity_backup_tmp\antigravity\brain\investment-portfolio-tracker\node_m
odules\@reduxjs\toolkit\dist\query: The directory is not empty.
At line:1 char:1
+ Remove-Item -Recurse -Force 'C:\Users\66830\.gemini\antigravity\scrat ...
+ ~~~~~~~~~~~~~~~~~~~~~~~~~~~~~~~~~~~~~~~~~~~~~~~~~~~~~~~~~~~~~~~~~~~~~
    + CategoryInfo          : WriteError: (query:DirectoryInfo) [Remove-Item], IOException
    + FullyQualifiedErrorId : RemoveFileSystemItemIOError,Microsoft.PowerShell.Commands.RemoveItemCommand
Remove-Item : Cannot remove item C:\Users\66830\.gemini\antigravity\scratch\antigravity_backup_tmp\antigravity\scratch\
antigravity_backup_tmp\antigravity\scratch\antigravity_backup_tmp\antigravity\brain\investment-portfolio-tracker\node_m
odules\@reduxjs\toolkit\dist\react\cjs\redux-toolkit-react.development.cjs: Could not find a part of the path 
'redux-toolkit-react.development.cjs'.
At line:1 char:1
+ Remove-Item -Recurse -Force 'C:\Users\66830\.gemini\antigravity\scrat ...
+ ~~~~~~~~~~~~~~~~~~~~~~~~~~~~~~~~~~~~~~~~~~~~~~~~~~~~~~~~~~~~~~~~~~~~~
    + CategoryInfo          : WriteError: (redux-toolkit-react.development.cjs:FileInfo) [Remove-Item], DirectoryNotFo 
   undException
    + FullyQualifiedErrorId : RemoveFileSystemItemIOError,Microsoft.PowerShell.Commands.RemoveItemCommand
Remove-Item : Cannot remove item C:\Users\66830\.gemini\antigravity\scratch\antigravity_backup_tmp\antigravity\scratch\
antigravity_backup_tmp\antigravity\scratch\antigravity_backup_tmp\antigravity\brain\investment-portfolio-tracker\node_m
odules\@reduxjs\toolkit\dist\react\cjs\redux-toolkit-react.development.cjs.map: Could not find a part of the path 
'redux-toolkit-react.development.cjs.map'.
At line:1 char:1
+ Remove-Item -Recurse -Force 'C:\Users\66830\.gemini\antigravity\scrat ...
+ ~~~~~~~~~~~~~~~~~~~~~~~~~~~~~~~~~~~~~~~~~~~~~~~~~~~~~~~~~~~~~~~~~~~~~
    + CategoryInfo          : WriteError: (redux-toolkit-react.development.cjs.map:FileInfo) [Remove-Item], DirectoryN 
   otFoundException
    + FullyQualifiedErrorId : RemoveFileSystemItemIOError,Microsoft.PowerShell.Commands.RemoveItemCommand
Remove-Item : Cannot remove item C:\Users\66830\.gemini\antigravity\scratch\antigravity_backup_tmp\antigravity\scratch\
antigravity_backup_tmp\antigravity\scratch\antigravity_backup_tmp\antigravity\brain\investment-portfolio-tracker\node_m
odules\@reduxjs\toolkit\dist\react\cjs\redux-toolkit-react.production.min.cjs: Could not find a part of the path 
'redux-toolkit-react.production.min.cjs'.
At line:1 char:1
+ Remove-Item -Recurse -Force 'C:\Users\66830\.gemini\antigravity\scrat ...
+ ~~~~~~~~~~~~~~~~~~~~~~~~~~~~~~~~~~~~~~~~~~~~~~~~~~~~~~~~~~~~~~~~~~~~~
    + CategoryInfo          : WriteError: (redux-toolkit-react.production.min.cjs:FileInfo) [Remove-Item], DirectoryNo 
   tFoundException
    + FullyQualifiedErrorId : RemoveFileSystemItemIOError,Microsoft.PowerShell.Commands.RemoveItemCommand
Remove-Item : Cannot remove item C:\Users\66830\.gemini\antigravity\scratch\antigravity_backup_tmp\antigravity\scratch\
antigravity_backup_tmp\antigravity\scratch\antigravity_backup_tmp\antigravity\brain\investment-portfolio-tracker\node_m
odules\@reduxjs\toolkit\dist\react\cjs\redux-toolkit-react.production.min.cjs.map: Could not find a part of the path 
'redux-toolkit-react.production.min.cjs.map'.
At line:1 char:1
+ Remove-Item -Recurse -Force 'C:\Users\66830\.gemini\antigravity\scrat ...
+ ~~~~~~~~~~~~~~~~~~~~~~~~~~~~~~~~~~~~~~~~~~~~~~~~~~~~~~~~~~~~~~~~~~~~~
    + CategoryInfo          : WriteError: (redux-toolkit-r...ion.min.cjs.map:FileInfo) [Remove-Item], DirectoryNotFoun 
   dException
    + FullyQualifiedErrorId : RemoveFileSystemItemIOError,Microsoft.PowerShell.Commands.RemoveItemCommand
Remove-Item : Cannot remove item C:\Users\66830\.gemini\antigravity\scratch\antigravity_backup_tmp\antigravity\scratch\
antigravity_backup_tmp\antigravity\scratch\antigravity_backup_tmp\antigravity\brain\investment-portfolio-tracker\node_m
odules\@reduxjs\toolkit\dist\react\cjs: The directory is not empty.
At line:1 char:1
+ Remove-Item -Recurse -Force 'C:\Users\66830\.gemini\antigravity\scrat ...
+ ~~~~~~~~~~~~~~~~~~~~~~~~~~~~~~~~~~~~~~~~~~~~~~~~~~~~~~~~~~~~~~~~~~~~~
    + CategoryInfo          : WriteError: (cjs:DirectoryInfo) [Remove-Item], IOException
    + FullyQualifiedErrorId : RemoveFileSystemItemIOError,Microsoft.PowerShell.Commands.RemoveItemCommand
Remove-Item : Cannot remove item C:\Users\66830\.gemini\antigravity\scratch\antigravity_backup_tmp\antigravity\scratch\
antigravity_backup_tmp\antigravity\scratch\antigravity_backup_tmp\antigravity\brain\investment-portfolio-tracker\node_m
odules\@reduxjs\toolkit\dist\react\redux-toolkit-react.browser.mjs: Could not find a part of the path 
'redux-toolkit-react.browser.mjs'.
At line:1 char:1
+ Remove-Item -Recurse -Force 'C:\Users\66830\.gemini\antigravity\scrat ...
+ ~~~~~~~~~~~~~~~~~~~~~~~~~~~~~~~~~~~~~~~~~~~~~~~~~~~~~~~~~~~~~~~~~~~~~
    + CategoryInfo          : WriteError: (redux-toolkit-react.browser.mjs:FileInfo) [Remove-Item], DirectoryNotFoundE 
   xception
    + FullyQualifiedErrorId : RemoveFileSystemItemIOError,Microsoft.PowerShell.Commands.RemoveItemCommand
Remove-Item : Cannot remove item C:\Users\66830\.gemini\antigravity\scratch\antigravity_backup_tmp\antigravity\scratch\
antigravity_backup_tmp\antigravity\scratch\antigravity_backup_tmp\antigravity\brain\investment-portfolio-tracker\node_m
odules\@reduxjs\toolkit\dist\react\redux-toolkit-react.browser.mjs.map: Could not find a part of the path 
'redux-toolkit-react.browser.mjs.map'.
At line:1 char:1
+ Remove-Item -Recurse -Force 'C:\Users\66830\.gemini\antigravity\scrat ...
+ ~~~~~~~~~~~~~~~~~~~~~~~~~~~~~~~~~~~~~~~~~~~~~~~~~~~~~~~~~~~~~~~~~~~~~
    + CategoryInfo          : WriteError: (redux-toolkit-react.browser.mjs.map:FileInfo) [Remove-Item], DirectoryNotFo 
   undException
    + FullyQualifiedErrorId : RemoveFileSystemItemIOError,Microsoft.PowerShell.Commands.RemoveItemCommand
Remove-Item : Cannot remove item C:\Users\66830\.gemini\antigravity\scratch\antigravity_backup_tmp\antigravity\scratch\
antigravity_backup_tmp\antigravity\scratch\antigravity_backup_tmp\antigravity\brain\investment-portfolio-tracker\node_m
odules\@reduxjs\toolkit\dist\react\redux-toolkit-react.legacy-esm.js: Could not find a part of the path 
'redux-toolkit-react.legacy-esm.js'.
At line:1 char:1
+ Remove-Item -Recurse -Force 'C:\Users\66830\.gemini\antigravity\scrat ...
+ ~~~~~~~~~~~~~~~~~~~~~~~~~~~~~~~~~~~~~~~~~~~~~~~~~~~~~~~~~~~~~~~~~~~~~
    + CategoryInfo          : WriteError: (redux-toolkit-react.legacy-esm.js:FileInfo) [Remove-Item], DirectoryNotFoun 
   dException
    + FullyQualifiedErrorId : RemoveFileSystemItemIOError,Microsoft.PowerShell.Commands.RemoveItemCommand
Remove-Item : Cannot remove item C:\Users\66830\.gemini\antigravity\scratch\antigravity_backup_tmp\antigravity\scratch\
antigravity_backup_tmp\antigravity\scratch\antigravity_backup_tmp\antigravity\brain\investment-portfolio-tracker\node_m
odules\@reduxjs\toolkit\dist\react\redux-toolkit-react.legacy-esm.js.map: Could not find a part of the path 
'redux-toolkit-react.legacy-esm.js.map'.
At line:1 char:1
+ Remove-Item -Recurse -Force 'C:\Users\66830\.gemini\antigravity\scrat ...
+ ~~~~~~~~~~~~~~~~~~~~~~~~~~~~~~~~~~~~~~~~~~~~~~~~~~~~~~~~~~~~~~~~~~~~~
    + CategoryInfo          : WriteError: (redux-toolkit-react.legacy-esm.js.map:FileInfo) [Remove-Item], DirectoryNot 
   FoundException
    + FullyQualifiedErrorId : RemoveFileSystemItemIOError,Microsoft.PowerShell.Commands.RemoveItemCommand
Remove-Item : Cannot remove item C:\Users\66830\.gemini\antigravity\scratch\antigravity_backup_tmp\antigravity\scratch\
antigravity_backup_tmp\antigravity\scratch\antigravity_backup_tmp\antigravity\brain\investment-portfolio-tracker\node_m
odules\@reduxjs\toolkit\dist\react\redux-toolkit-react.modern.mjs: Could not find a part of the path 
'redux-toolkit-react.modern.mjs'.
At line:1 char:1
+ Remove-Item -Recurse -Force 'C:\Users\66830\.gemini\antigravity\scrat ...
+ ~~~~~~~~~~~~~~~~~~~~~~~~~~~~~~~~~~~~~~~~~~~~~~~~~~~~~~~~~~~~~~~~~~~~~
    + CategoryInfo          : WriteError: (redux-toolkit-react.modern.mjs:FileInfo) [Remove-Item], DirectoryNotFoundEx 
   ception
    + FullyQualifiedErrorId : RemoveFileSystemItemIOError,Microsoft.PowerShell.Commands.RemoveItemCommand
Remove-Item : Cannot remove item C:\Users\66830\.gemini\antigravity\scratch\antigravity_backup_tmp\antigravity\scratch\
antigravity_backup_tmp\antigravity\scratch\antigravity_backup_tmp\antigravity\brain\investment-portfolio-tracker\node_m
odules\@reduxjs\toolkit\dist\react\redux-toolkit-react.modern.mjs.map: Could not find a part of the path 
'redux-toolkit-react.modern.mjs.map'.
At line:1 char:1
+ Remove-Item -Recurse -Force 'C:\Users\66830\.gemini\antigravity\scrat ...
+ ~~~~~~~~~~~~~~~~~~~~~~~~~~~~~~~~~~~~~~~~~~~~~~~~~~~~~~~~~~~~~~~~~~~~~
    + CategoryInfo          : WriteError: (redux-toolkit-react.modern.mjs.map:FileInfo) [Remove-Item], DirectoryNotFou 
   ndException
    + FullyQualifiedErrorId : RemoveFileSystemItemIOError,Microsoft.PowerShell.Commands.RemoveItemCommand
Remove-Item : Cannot remove item C:\Users\66830\.gemini\antigravity\scratch\antigravity_backup_tmp\antigravity\scratch\
antigravity_backup_tmp\antigravity\scratch\antigravity_backup_tmp\antigravity\brain\investment-portfolio-tracker\node_m
odules\@reduxjs\toolkit\dist\react: The directory is not empty.
At line:1 char:1
+ Remove-Item -Recurse -Force 'C:\Users\66830\.gemini\antigravity\scrat ...
+ ~~~~~~~~~~~~~~~~~~~~~~~~~~~~~~~~~~~~~~~~~~~~~~~~~~~~~~~~~~~~~~~~~~~~~
    + CategoryInfo          : WriteError: (react:DirectoryInfo) [Remove-Item], IOException
    + FullyQualifiedErrorId : RemoveFileSystemItemIOError,Microsoft.PowerShell.Commands.RemoveItemCommand
Remove-Item : Cannot remove item C:\Users\66830\.gemini\antigravity\scratch\antigravity_backup_tmp\antigravity\scratch\
antigravity_backup_tmp\antigravity\scratch\antigravity_backup_tmp\antigravity\brain\investment-portfolio-tracker\node_m
odules\@reduxjs\toolkit\dist\redux-toolkit.browser.mjs.map: Could not find a part of the path 
'redux-toolkit.browser.mjs.map'.
At line:1 char:1
+ Remove-Item -Recurse -Force 'C:\Users\66830\.gemini\antigravity\scrat ...
+ ~~~~~~~~~~~~~~~~~~~~~~~~~~~~~~~~~~~~~~~~~~~~~~~~~~~~~~~~~~~~~~~~~~~~~
    + CategoryInfo          : WriteError: (redux-toolkit.browser.mjs.map:FileInfo) [Remove-Item], DirectoryNotFoundExc 
   eption
    + FullyQualifiedErrorId : RemoveFileSystemItemIOError,Microsoft.PowerShell.Commands.RemoveItemCommand
Remove-Item : Cannot remove item C:\Users\66830\.gemini\antigravity\scratch\antigravity_backup_tmp\antigravity\scratch\
antigravity_backup_tmp\antigravity\scratch\antigravity_backup_tmp\antigravity\brain\investment-portfolio-tracker\node_m
odules\@reduxjs\toolkit\dist\redux-toolkit.legacy-esm.js: Could not find a part of the path 
'redux-toolkit.legacy-esm.js'.
At line:1 char:1
+ Remove-Item -Recurse -Force 'C:\Users\66830\.gemini\antigravity\scrat ...
+ ~~~~~~~~~~~~~~~~~~~~~~~~~~~~~~~~~~~~~~~~~~~~~~~~~~~~~~~~~~~~~~~~~~~~~
    + CategoryInfo          : WriteError: (redux-toolkit.legacy-esm.js:FileInfo) [Remove-Item], DirectoryNotFoundExcep 
   tion
    + FullyQualifiedErrorId : RemoveFileSystemItemIOError,Microsoft.PowerShell.Commands.RemoveItemCommand
Remove-Item : Cannot remove item C:\Users\66830\.gemini\antigravity\scratch\antigravity_backup_tmp\antigravity\scratch\
antigravity_backup_tmp\antigravity\scratch\antigravity_backup_tmp\antigravity\brain\investment-portfolio-tracker\node_m
odules\@reduxjs\toolkit\dist\redux-toolkit.legacy-esm.js.map: Could not find a part of the path 
'redux-toolkit.legacy-esm.js.map'.
At line:1 char:1
+ Remove-Item -Recurse -Force 'C:\Users\66830\.gemini\antigravity\scrat ...
+ ~~~~~~~~~~~~~~~~~~~~~~~~~~~~~~~~~~~~~~~~~~~~~~~~~~~~~~~~~~~~~~~~~~~~~
    + CategoryInfo          : WriteError: (redux-toolkit.legacy-esm.js.map:FileInfo) [Remove-Item], DirectoryNotFoundE 
   xception
    + FullyQualifiedErrorId : RemoveFileSystemItemIOError,Microsoft.PowerShell.Commands.RemoveItemCommand
Remove-Item : Cannot remove item C:\Users\66830\.gemini\antigravity\scratch\antigravity_backup_tmp\antigravity\scratch\
antigravity_backup_tmp\antigravity\scratch\antigravity_backup_tmp\antigravity\brain\investment-portfolio-tracker\node_m
odules\@reduxjs\toolkit\dist\redux-toolkit.modern.mjs.map: Could not find a part of the path 
'redux-toolkit.modern.mjs.map'.
At line:1 char:1
+ Remove-Item -Recurse -Force 'C:\Users\66830\.gemini\antigravity\scrat ...
+ ~~~~~~~~~~~~~~~~~~~~~~~~~~~~~~~~~~~~~~~~~~~~~~~~~~~~~~~~~~~~~~~~~~~~~
    + CategoryInfo          : WriteError: (redux-toolkit.modern.mjs.map:FileInfo) [Remove-Item], DirectoryNotFoundExce 
   ption
    + FullyQualifiedErrorId : RemoveFileSystemItemIOError,Microsoft.PowerShell.Commands.RemoveItemCommand
Remove-Item : Cannot remove item C:\Users\66830\.gemini\antigravity\scratch\antigravity_backup_tmp\antigravity\scratch\
antigravity_backup_tmp\antigravity\scratch\antigravity_backup_tmp\antigravity\brain\investment-portfolio-tracker\node_m
odules\@reduxjs\toolkit\dist: The directory is not empty.
At line:1 char:1
+ Remove-Item -Recurse -Force 'C:\Users\66830\.gemini\antigravity\scrat ...
+ ~~~~~~~~~~~~~~~~~~~~~~~~~~~~~~~~~~~~~~~~~~~~~~~~~~~~~~~~~~~~~~~~~~~~~
    + CategoryInfo          : WriteError: (dist:DirectoryInfo) [Remove-Item], IOException
    + FullyQualifiedErrorId : RemoveFileSystemItemIOError,Microsoft.PowerShell.Commands.RemoveItemCommand
Remove-Item : Cannot remove item C:\Users\66830\.gemini\antigravity\scratch\antigravity_backup_tmp\antigravity\scratch\
antigravity_backup_tmp\antigravity\scratch\antigravity_backup_tmp\antigravity\brain\investment-portfolio-tracker\node_m
odules\@reduxjs\toolkit\node_modules\immer\dist\cjs\immer.cjs.development.js: Could not find a part of the path 
'immer.cjs.development.js'.
At line:1 char:1
+ Remove-Item -Recurse -Force 'C:\Users\66830\.gemini\antigravity\scrat ...
+ ~~~~~~~~~~~~~~~~~~~~~~~~~~~~~~~~~~~~~~~~~~~~~~~~~~~~~~~~~~~~~~~~~~~~~
    + CategoryInfo          : WriteError: (immer.cjs.development.js:FileInfo) [Remove-Item], DirectoryNotFoundExceptio 
   n
    + FullyQualifiedErrorId : RemoveFileSystemItemIOError,Microsoft.PowerShell.Commands.RemoveItemCommand
Remove-Item : Cannot remove item C:\Users\66830\.gemini\antigravity\scratch\antigravity_backup_tmp\antigravity\scratch\
antigravity_backup_tmp\antigravity\scratch\antigravity_backup_tmp\antigravity\brain\investment-portfolio-tracker\node_m
odules\@reduxjs\toolkit\node_modules\immer\dist\cjs\immer.cjs.development.js.map: Could not find a part of the path 
'immer.cjs.development.js.map'.
At line:1 char:1
+ Remove-Item -Recurse -Force 'C:\Users\66830\.gemini\antigravity\scrat ...
+ ~~~~~~~~~~~~~~~~~~~~~~~~~~~~~~~~~~~~~~~~~~~~~~~~~~~~~~~~~~~~~~~~~~~~~
    + CategoryInfo          : WriteError: (immer.cjs.development.js.map:FileInfo) [Remove-Item], DirectoryNotFoundExce 
   ption
    + FullyQualifiedErrorId : RemoveFileSystemItemIOError,Microsoft.PowerShell.Commands.RemoveItemCommand
Remove-Item : Cannot remove item C:\Users\66830\.gemini\antigravity\scratch\antigravity_backup_tmp\antigravity\scratch\
antigravity_backup_tmp\antigravity\scratch\antigravity_backup_tmp\antigravity\brain\investment-portfolio-tracker\node_m
odules\@reduxjs\toolkit\node_modules\immer\dist\cjs\immer.cjs.production.js: Could not find a part of the path 
'immer.cjs.production.js'.
At line:1 char:1
+ Remove-Item -Recurse -Force 'C:\Users\66830\.gemini\antigravity\scrat ...
+ ~~~~~~~~~~~~~~~~~~~~~~~~~~~~~~~~~~~~~~~~~~~~~~~~~~~~~~~~~~~~~~~~~~~~~
    + CategoryInfo          : WriteError: (immer.cjs.production.js:FileInfo) [Remove-Item], DirectoryNotFoundException
    + FullyQualifiedErrorId : RemoveFileSystemItemIOError,Microsoft.PowerShell.Commands.RemoveItemCommand
Remove-Item : Cannot remove item C:\Users\66830\.gemini\antigravity\scratch\antigravity_backup_tmp\antigravity\scratch\
antigravity_backup_tmp\antigravity\scratch\antigravity_backup_tmp\antigravity\brain\investment-portfolio-tracker\node_m
odules\@reduxjs\toolkit\node_modules\immer\dist\cjs\immer.cjs.production.js.map: Could not find a part of the path 
'immer.cjs.production.js.map'.
At line:1 char:1
+ Remove-Item -Recurse -Force 'C:\Users\66830\.gemini\antigravity\scrat ...
+ ~~~~~~~~~~~~~~~~~~~~~~~~~~~~~~~~~~~~~~~~~~~~~~~~~~~~~~~~~~~~~~~~~~~~~
    + CategoryInfo          : WriteError: (immer.cjs.production.js.map:FileInfo) [Remove-Item], DirectoryNotFoundExcep 
   tion
    + FullyQualifiedErrorId : RemoveFileSystemItemIOError,Microsoft.PowerShell.Commands.RemoveItemCommand
Remove-Item : Cannot remove item C:\Users\66830\.gemini\antigravity\scratch\antigravity_backup_tmp\antigravity\scratch\
antigravity_backup_tmp\antigravity\scratch\antigravity_backup_tmp\antigravity\brain\investment-portfolio-tracker\node_m
odules\@reduxjs\toolkit\node_modules\immer\dist\cjs\index.js: Could not find a part of the path 'index.js'.
At line:1 char:1
+ Remove-Item -Recurse -Force 'C:\Users\66830\.gemini\antigravity\scrat ...
+ ~~~~~~~~~~~~~~~~~~~~~~~~~~~~~~~~~~~~~~~~~~~~~~~~~~~~~~~~~~~~~~~~~~~~~
    + CategoryInfo          : WriteError: (index.js:FileInfo) [Remove-Item], DirectoryNotFoundException
    + FullyQualifiedErrorId : RemoveFileSystemItemIOError,Microsoft.PowerShell.Commands.RemoveItemCommand
Remove-Item : Cannot remove item C:\Users\66830\.gemini\antigravity\scratch\antigravity_backup_tmp\antigravity\scratch\
antigravity_backup_tmp\antigravity\scratch\antigravity_backup_tmp\antigravity\brain\investment-portfolio-tracker\node_m
odules\@reduxjs\toolkit\node_modules\immer\dist\cjs\index.js.flow: Could not find a part of the path 'index.js.flow'.
At line:1 char:1
+ Remove-Item -Recurse -Force 'C:\Users\66830\.gemini\antigravity\scrat ...
+ ~~~~~~~~~~~~~~~~~~~~~~~~~~~~~~~~~~~~~~~~~~~~~~~~~~~~~~~~~~~~~~~~~~~~~
    + CategoryInfo          : WriteError: (index.js.flow:FileInfo) [Remove-Item], DirectoryNotFoundException
    + FullyQualifiedErrorId : RemoveFileSystemItemIOError,Microsoft.PowerShell.Commands.RemoveItemCommand
Remove-Item : Cannot remove item C:\Users\66830\.gemini\antigravity\scratch\antigravity_backup_tmp\antigravity\scratch\
antigravity_backup_tmp\antigravity\scratch\antigravity_backup_tmp\antigravity\brain\investment-portfolio-tracker\node_m
odules\@reduxjs\toolkit\node_modules\immer\dist\cjs: The directory is not empty.
At line:1 char:1
+ Remove-Item -Recurse -Force 'C:\Users\66830\.gemini\antigravity\scrat ...
+ ~~~~~~~~~~~~~~~~~~~~~~~~~~~~~~~~~~~~~~~~~~~~~~~~~~~~~~~~~~~~~~~~~~~~~
    + CategoryInfo          : WriteError: (cjs:DirectoryInfo) [Remove-Item], IOException
    + FullyQualifiedErrorId : RemoveFileSystemItemIOError,Microsoft.PowerShell.Commands.RemoveItemCommand
Remove-Item : Cannot remove item C:\Users\66830\.gemini\antigravity\scratch\antigravity_backup_tmp\antigravity\scratch\
antigravity_backup_tmp\antigravity\scratch\antigravity_backup_tmp\antigravity\brain\investment-portfolio-tracker\node_m
odules\@reduxjs\toolkit\node_modules\immer\dist\immer.d.ts: Could not find a part of the path 'immer.d.ts'.
At line:1 char:1
+ Remove-Item -Recurse -Force 'C:\Users\66830\.gemini\antigravity\scrat ...
+ ~~~~~~~~~~~~~~~~~~~~~~~~~~~~~~~~~~~~~~~~~~~~~~~~~~~~~~~~~~~~~~~~~~~~~
    + CategoryInfo          : WriteError: (immer.d.ts:FileInfo) [Remove-Item], DirectoryNotFoundException
    + FullyQualifiedErrorId : RemoveFileSystemItemIOError,Microsoft.PowerShell.Commands.RemoveItemCommand
Remove-Item : Cannot remove item C:\Users\66830\.gemini\antigravity\scratch\antigravity_backup_tmp\antigravity\scratch\
antigravity_backup_tmp\antigravity\scratch\antigravity_backup_tmp\antigravity\brain\investment-portfolio-tracker\node_m
odules\@reduxjs\toolkit\node_modules\immer\dist\immer.legacy-esm.js: Could not find a part of the path 
'immer.legacy-esm.js'.
At line:1 char:1
+ Remove-Item -Recurse -Force 'C:\Users\66830\.gemini\antigravity\scrat ...
+ ~~~~~~~~~~~~~~~~~~~~~~~~~~~~~~~~~~~~~~~~~~~~~~~~~~~~~~~~~~~~~~~~~~~~~
    + CategoryInfo          : WriteError: (immer.legacy-esm.js:FileInfo) [Remove-Item], DirectoryNotFoundException
    + FullyQualifiedErrorId : RemoveFileSystemItemIOError,Microsoft.PowerShell.Commands.RemoveItemCommand
Remove-Item : Cannot remove item C:\Users\66830\.gemini\antigravity\scratch\antigravity_backup_tmp\antigravity\scratch\
antigravity_backup_tmp\antigravity\scratch\antigravity_backup_tmp\antigravity\brain\investment-portfolio-tracker\node_m
odules\@reduxjs\toolkit\node_modules\immer\dist\immer.legacy-esm.js.map: Could not find a part of the path 
'immer.legacy-esm.js.map'.
At line:1 char:1
+ Remove-Item -Recurse -Force 'C:\Users\66830\.gemini\antigravity\scrat ...
+ ~~~~~~~~~~~~~~~~~~~~~~~~~~~~~~~~~~~~~~~~~~~~~~~~~~~~~~~~~~~~~~~~~~~~~
    + CategoryInfo          : WriteError: (immer.legacy-esm.js.map:FileInfo) [Remove-Item], DirectoryNotFoundException
    + FullyQualifiedErrorId : RemoveFileSystemItemIOError,Microsoft.PowerShell.Commands.RemoveItemCommand
Remove-Item : Cannot remove item C:\Users\66830\.gemini\antigravity\scratch\antigravity_backup_tmp\antigravity\scratch\
antigravity_backup_tmp\antigravity\scratch\antigravity_backup_tmp\antigravity\brain\investment-portfolio-tracker\node_m
odules\@reduxjs\toolkit\node_modules\immer\dist\immer.mjs: Could not find a part of the path 'immer.mjs'.
At line:1 char:1
+ Remove-Item -Recurse -Force 'C:\Users\66830\.gemini\antigravity\scrat ...
+ ~~~~~~~~~~~~~~~~~~~~~~~~~~~~~~~~~~~~~~~~~~~~~~~~~~~~~~~~~~~~~~~~~~~~~
    + CategoryInfo          : WriteError: (immer.mjs:FileInfo) [Remove-Item], DirectoryNotFoundException
    + FullyQualifiedErrorId : RemoveFileSystemItemIOError,Microsoft.PowerShell.Commands.RemoveItemCommand
Remove-Item : Cannot remove item C:\Users\66830\.gemini\antigravity\scratch\antigravity_backup_tmp\antigravity\scratch\
antigravity_backup_tmp\antigravity\scratch\antigravity_backup_tmp\antigravity\brain\investment-portfolio-tracker\node_m
odules\@reduxjs\toolkit\node_modules\immer\dist\immer.mjs.map: Could not find a part of the path 'immer.mjs.map'.
At line:1 char:1
+ Remove-Item -Recurse -Force 'C:\Users\66830\.gemini\antigravity\scrat ...
+ ~~~~~~~~~~~~~~~~~~~~~~~~~~~~~~~~~~~~~~~~~~~~~~~~~~~~~~~~~~~~~~~~~~~~~
    + CategoryInfo          : WriteError: (immer.mjs.map:FileInfo) [Remove-Item], DirectoryNotFoundException
    + FullyQualifiedErrorId : RemoveFileSystemItemIOError,Microsoft.PowerShell.Commands.RemoveItemCommand
Remove-Item : Cannot remove item C:\Users\66830\.gemini\antigravity\scratch\antigravity_backup_tmp\antigravity\scratch\
antigravity_backup_tmp\antigravity\scratch\antigravity_backup_tmp\antigravity\brain\investment-portfolio-tracker\node_m
odules\@reduxjs\toolkit\node_modules\immer\dist\immer.production.mjs: Could not find a part of the path 
'immer.production.mjs'.
At line:1 char:1
+ Remove-Item -Recurse -Force 'C:\Users\66830\.gemini\antigravity\scrat ...
+ ~~~~~~~~~~~~~~~~~~~~~~~~~~~~~~~~~~~~~~~~~~~~~~~~~~~~~~~~~~~~~~~~~~~~~
    + CategoryInfo          : WriteError: (immer.production.mjs:FileInfo) [Remove-Item], DirectoryNotFoundException
    + FullyQualifiedErrorId : RemoveFileSystemItemIOError,Microsoft.PowerShell.Commands.RemoveItemCommand
Remove-Item : Cannot remove item C:\Users\66830\.gemini\antigravity\scratch\antigravity_backup_tmp\antigravity\scratch\
antigravity_backup_tmp\antigravity\scratch\antigravity_backup_tmp\antigravity\brain\investment-portfolio-tracker\node_m
odules\@reduxjs\toolkit\node_modules\immer\dist\immer.production.mjs.map: Could not find a part of the path 
'immer.production.mjs.map'.
At line:1 char:1
+ Remove-Item -Recurse -Force 'C:\Users\66830\.gemini\antigravity\scrat ...
+ ~~~~~~~~~~~~~~~~~~~~~~~~~~~~~~~~~~~~~~~~~~~~~~~~~~~~~~~~~~~~~~~~~~~~~
    + CategoryInfo          : WriteError: (immer.production.mjs.map:FileInfo) [Remove-Item], DirectoryNotFoundExceptio 
   n
    + FullyQualifiedErrorId : RemoveFileSystemItemIOError,Microsoft.PowerShell.Commands.RemoveItemCommand
Remove-Item : Cannot remove item C:\Users\66830\.gemini\antigravity\scratch\antigravity_backup_tmp\antigravity\scratch\
antigravity_backup_tmp\antigravity\scratch\antigravity_backup_tmp\antigravity\brain\investment-portfolio-tracker\node_m
odules\@reduxjs\toolkit\node_modules\immer\dist: The directory is not empty.
At line:1 char:1
+ Remove-Item -Recurse -Force 'C:\Users\66830\.gemini\antigravity\scrat ...
+ ~~~~~~~~~~~~~~~~~~~~~~~~~~~~~~~~~~~~~~~~~~~~~~~~~~~~~~~~~~~~~~~~~~~~~
    + CategoryInfo          : WriteError: (dist:DirectoryInfo) [Remove-Item], IOException
    + FullyQualifiedErrorId : RemoveFileSystemItemIOError,Microsoft.PowerShell.Commands.RemoveItemCommand
Remove-Item : Cannot remove item C:\Users\66830\.gemini\antigravity\scratch\antigravity_backup_tmp\antigravity\scratch\
antigravity_backup_tmp\antigravity\scratch\antigravity_backup_tmp\antigravity\brain\investment-portfolio-tracker\node_m
odules\@reduxjs\toolkit\node_modules\immer\src\core\current.ts: Could not find a part of the path 'current.ts'.
At line:1 char:1
+ Remove-Item -Recurse -Force 'C:\Users\66830\.gemini\antigravity\scrat ...
+ ~~~~~~~~~~~~~~~~~~~~~~~~~~~~~~~~~~~~~~~~~~~~~~~~~~~~~~~~~~~~~~~~~~~~~
    + CategoryInfo          : WriteError: (current.ts:FileInfo) [Remove-Item], DirectoryNotFoundException
    + FullyQualifiedErrorId : RemoveFileSystemItemIOError,Microsoft.PowerShell.Commands.RemoveItemCommand
