1/4 Cleaning temp folder...
2/4 Copying .gemini files (excluding recursive temp)...
3/4 Initializing Git repository...
warning: in the working copy of 'antigravity/antigravity_state.pbtxt', LF will be replaced by CRLF the next time Git touches it
warning: in the working copy of 'antigravity/bin/agentapi.bat', LF will be replaced by CRLF the next time Git touches it
warning: in the working copy of 'antigravity/brain/0ad64241-03d5-4023-b9e2-b512f6bf41d4/.system_generated/logs/transcript.jsonl', LF will be replaced by CRLF the next time Git touches it
warning: in the working copy of 'antigravity/brain/0ad64241-03d5-4023-b9e2-b512f6bf41d4/.system_generated/logs/transcript_full.jsonl', LF will be replaced by CRLF the next time Git touches it
warning: in the working copy of 'antigravity/brain/0ce654f0-336b-4c93-a589-13c7a49a060e/.system_generated/logs/transcript.jsonl', LF will be replaced by CRLF the next time Git touches it
warning: in the working copy of 'antigravity/brain/0ce654f0-336b-4c93-a589-13c7a49a060e/.system_generated/logs/transcript_full.jsonl', LF will be replaced by CRLF the next time Git touches it
warning: in the working copy of 'antigravity/brain/0ce654f0-336b-4c93-a589-13c7a49a060e/.system_generated/tasks/task-16.log', LF will be replaced by CRLF the next time Git touches it
warning: in the working copy of 'antigravity/brain/0ce654f0-336b-4c93-a589-13c7a49a060e/.system_generated/tasks/task-203.log', LF will be replaced by CRLF the next time Git touches it
warning: in the working copy of 'antigravity/brain/0ce654f0-336b-4c93-a589-13c7a49a060e/.system_generated/tasks/task-205.log', LF will be replaced by CRLF the next time Git touches it
warning: in the working copy of 'antigravity/brain/0ce654f0-336b-4c93-a589-13c7a49a060e/.system_generated/tasks/task-24.log', LF will be replaced by CRLF the next time Git touches it
warning: in the working copy of 'antigravity/brain/0ce654f0-336b-4c93-a589-13c7a49a060e/.system_generated/tasks/task-32.log', LF will be replaced by CRLF the next time Git touches it
warning: in the working copy of 'antigravity/brain/0ce654f0-336b-4c93-a589-13c7a49a060e/.system_generated/tasks/task-34.log', LF will be replaced by CRLF the next time Git touches it
warning: in the working copy of 'antigravity/brain/0ce654f0-336b-4c93-a589-13c7a49a060e/.system_generated/tasks/task-362.log', LF will be replaced by CRLF the next time Git touches it
warning: in the working copy of 'antigravity/brain/0ce654f0-336b-4c93-a589-13c7a49a060e/.system_generated/tasks/task-38.log', LF will be replaced by CRLF the next time Git touches it
warning: in the working copy of 'antigravity/brain/0ce654f0-336b-4c93-a589-13c7a49a060e/.system_generated/tasks/task-41.log', LF will be replaced by CRLF the next time Git touches it
warning: in the working copy of 'antigravity/brain/0ce654f0-336b-4c93-a589-13c7a49a060e/.system_generated/tasks/task-411.log', LF will be replaced by CRLF the next time Git touches it
warning: in the working copy of 'antigravity/brain/0ce654f0-336b-4c93-a589-13c7a49a060e/.system_generated/tasks/task-413.log', LF will be replaced by CRLF the next time Git touches it
warning: in the working copy of 'antigravity/brain/0ce654f0-336b-4c93-a589-13c7a49a060e/.system_generated/tasks/task-419.log', LF will be replaced by CRLF the next time Git touches it
warning: in the working copy of 'antigravity/brain/0ce654f0-336b-4c93-a589-13c7a49a060e/.system_generated/tasks/task-440.log', LF will be replaced by CRLF the next time Git touches it
warning: in the working copy of 'antigravity/brain/0ce654f0-336b-4c93-a589-13c7a49a060e/.system_generated/tasks/task-442.log', LF will be replaced by CRLF the next time Git touches it
warning: in the working copy of 'antigravity/brain/0ce654f0-336b-4c93-a589-13c7a49a060e/.system_generated/tasks/task-448.log', LF will be replaced by CRLF the next time Git touches it
warning: in the working copy of 'antigravity/brain/0ce654f0-336b-4c93-a589-13c7a49a060e/.system_generated/tasks/task-453.log', LF will be replaced by CRLF the next time Git touches it
warning: in the working copy of 'antigravity/brain/0ce654f0-336b-4c93-a589-13c7a49a060e/.system_generated/tasks/task-470.log', LF will be replaced by CRLF the next time Git touches it
warning: in the working copy of 'antigravity/brain/0ce654f0-336b-4c93-a589-13c7a49a060e/.system_generated/tasks/task-472.log', LF will be replaced by CRLF the next time Git touches it
warning: in the working copy of 'antigravity/brain/0ce654f0-336b-4c93-a589-13c7a49a060e/.system_generated/tasks/task-476.log', LF will be replaced by CRLF the next time Git touches it
warning: in the working copy of 'antigravity/brain/0ce654f0-336b-4c93-a589-13c7a49a060e/.system_generated/tasks/task-480.log', LF will be replaced by CRLF the next time Git touches it
warning: in the working copy of 'antigravity/brain/0ce654f0-336b-4c93-a589-13c7a49a060e/.system_generated/tasks/task-49.log', LF will be replaced by CRLF the next time Git touches it
warning: in the working copy of 'antigravity/brain/0ce654f0-336b-4c93-a589-13c7a49a060e/.system_generated/tasks/task-51.log', LF will be replaced by CRLF the next time Git touches it
warning: in the working copy of 'antigravity/brain/0ce654f0-336b-4c93-a589-13c7a49a060e/.system_generated/tasks/task-57.log', LF will be replaced by CRLF the next time Git touches it
warning: in the working copy of 'antigravity/brain/0ce654f0-336b-4c93-a589-13c7a49a060e/.system_generated/tasks/task-59.log', LF will be replaced by CRLF the next time Git touches it
warning: in the working copy of 'antigravity/brain/0ce654f0-336b-4c93-a589-13c7a49a060e/.system_generated/tasks/task-75.log', LF will be replaced by CRLF the next time Git touches it
warning: in the working copy of 'antigravity/brain/0ce654f0-336b-4c93-a589-13c7a49a060e/.system_generated/tasks/task-77.log', LF will be replaced by CRLF the next time Git touches it
warning: in the working copy of 'antigravity/brain/0ce654f0-336b-4c93-a589-13c7a49a060e/.system_generated/tasks/task-85.log', LF will be replaced by CRLF the next time Git touches it
warning: in the working copy of 'antigravity/brain/0ce654f0-336b-4c93-a589-13c7a49a060e/db_schema_update.md', LF will be replaced by CRLF the next time Git touches it
warning: in the working copy of 'antigravity/brain/0ce654f0-336b-4c93-a589-13c7a49a060e/db_schema_update.md.metadata.json', LF will be replaced by CRLF the next time Git touches it
warning: in the working copy of 'antigravity/brain/10e5aae4-9235-450d-afa0-7f5a4e54c609/.system_generated/logs/transcript.jsonl', LF will be replaced by CRLF the next time Git touches it
warning: in the working copy of 'antigravity/brain/10e5aae4-9235-450d-afa0-7f5a4e54c609/.system_generated/logs/transcript_full.jsonl', LF will be replaced by CRLF the next time Git touches it
warning: in the working copy of 'antigravity/brain/10e5aae4-9235-450d-afa0-7f5a4e54c609/.system_generated/tasks/task-1036.log', LF will be replaced by CRLF the next time Git touches it
warning: in the working copy of 'antigravity/brain/10e5aae4-9235-450d-afa0-7f5a4e54c609/.system_generated/tasks/task-1056.log', LF will be replaced by CRLF the next time Git touches it
warning: in the working copy of 'antigravity/brain/10e5aae4-9235-450d-afa0-7f5a4e54c609/.system_generated/tasks/task-1070.log', LF will be replaced by CRLF the next time Git touches it
warning: in the working copy of 'antigravity/brain/10e5aae4-9235-450d-afa0-7f5a4e54c609/.system_generated/tasks/task-1086.log', LF will be replaced by CRLF the next time Git touches it
warning: in the working copy of 'antigravity/brain/10e5aae4-9235-450d-afa0-7f5a4e54c609/.system_generated/tasks/task-1128.log', LF will be replaced by CRLF the next time Git touches it
warning: in the working copy of 'antigravity/brain/10e5aae4-9235-450d-afa0-7f5a4e54c609/.system_generated/tasks/task-1144.log', LF will be replaced by CRLF the next time Git touches it
warning: in the working copy of 'antigravity/brain/10e5aae4-9235-450d-afa0-7f5a4e54c609/.system_generated/tasks/task-1170.log', LF will be replaced by CRLF the next time Git touches it
warning: in the working copy of 'antigravity/brain/10e5aae4-9235-450d-afa0-7f5a4e54c609/.system_generated/tasks/task-1202.log', LF will be replaced by CRLF the next time Git touches it
warning: in the working copy of 'antigravity/brain/10e5aae4-9235-450d-afa0-7f5a4e54c609/.system_generated/tasks/task-1232.log', LF will be replaced by CRLF the next time Git touches it
warning: in the working copy of 'antigravity/brain/10e5aae4-9235-450d-afa0-7f5a4e54c609/.system_generated/tasks/task-1278.log', LF will be replaced by CRLF the next time Git touches it
warning: in the working copy of 'antigravity/brain/10e5aae4-9235-450d-afa0-7f5a4e54c609/.system_generated/tasks/task-1362.log', LF will be replaced by CRLF the next time Git touches it
warning: in the working copy of 'antigravity/brain/10e5aae4-9235-450d-afa0-7f5a4e54c609/.system_generated/tasks/task-1378.log', LF will be replaced by CRLF the next time Git touches it
warning: in the working copy of 'antigravity/brain/10e5aae4-9235-450d-afa0-7f5a4e54c609/.system_generated/tasks/task-1408.log', LF will be replaced by CRLF the next time Git touches it
warning: in the working copy of 'antigravity/brain/10e5aae4-9235-450d-afa0-7f5a4e54c609/.system_generated/tasks/task-1514.log', LF will be replaced by CRLF the next time Git touches it
warning: in the working copy of 'antigravity/brain/10e5aae4-9235-450d-afa0-7f5a4e54c609/.system_generated/tasks/task-1542.log', LF will be replaced by CRLF the next time Git touches it
warning: in the working copy of 'antigravity/brain/10e5aae4-9235-450d-afa0-7f5a4e54c609/.system_generated/tasks/task-1576.log', LF will be replaced by CRLF the next time Git touches it
warning: in the working copy of 'antigravity/brain/10e5aae4-9235-450d-afa0-7f5a4e54c609/.system_generated/tasks/task-1604.log', LF will be replaced by CRLF the next time Git touches it
warning: in the working copy of 'antigravity/brain/10e5aae4-9235-450d-afa0-7f5a4e54c609/.system_generated/tasks/task-1632.log', LF will be replaced by CRLF the next time Git touches it
warning: in the working copy of 'antigravity/brain/10e5aae4-9235-450d-afa0-7f5a4e54c609/.system_generated/tasks/task-1658.log', LF will be replaced by CRLF the next time Git touches it
warning: in the working copy of 'antigravity/brain/10e5aae4-9235-450d-afa0-7f5a4e54c609/.system_generated/tasks/task-1696.log', LF will be replaced by CRLF the next time Git touches it
warning: in the working copy of 'antigravity/brain/10e5aae4-9235-450d-afa0-7f5a4e54c609/.system_generated/tasks/task-1728.log', LF will be replaced by CRLF the next time Git touches it
warning: in the working copy of 'antigravity/brain/10e5aae4-9235-450d-afa0-7f5a4e54c609/.system_generated/tasks/task-1742.log', LF will be replaced by CRLF the next time Git touches it
warning: in the working copy of 'antigravity/brain/10e5aae4-9235-450d-afa0-7f5a4e54c609/.system_generated/tasks/task-1758.log', LF will be replaced by CRLF the next time Git touches it
warning: in the working copy of 'antigravity/brain/10e5aae4-9235-450d-afa0-7f5a4e54c609/.system_generated/tasks/task-1778.log', LF will be replaced by CRLF the next time Git touches it
warning: in the working copy of 'antigravity/brain/10e5aae4-9235-450d-afa0-7f5a4e54c609/.system_generated/tasks/task-1804.log', LF will be replaced by CRLF the next time Git touches it
warning: in the working copy of 'antigravity/brain/10e5aae4-9235-450d-afa0-7f5a4e54c609/.system_generated/tasks/task-1836.log', LF will be replaced by CRLF the next time Git touches it
warning: in the working copy of 'antigravity/brain/10e5aae4-9235-450d-afa0-7f5a4e54c609/.system_generated/tasks/task-1856.log', LF will be replaced by CRLF the next time Git touches it
warning: in the working copy of 'antigravity/brain/10e5aae4-9235-450d-afa0-7f5a4e54c609/.system_generated/tasks/task-1890.log', LF will be replaced by CRLF the next time Git touches it
warning: in the working copy of 'antigravity/brain/10e5aae4-9235-450d-afa0-7f5a4e54c609/.system_generated/tasks/task-1912.log', LF will be replaced by CRLF the next time Git touches it
warning: in the working copy of 'antigravity/brain/10e5aae4-9235-450d-afa0-7f5a4e54c609/.system_generated/tasks/task-1926.log', LF will be replaced by CRLF the next time Git touches it
warning: in the working copy of 'antigravity/brain/10e5aae4-9235-450d-afa0-7f5a4e54c609/.system_generated/tasks/task-1942.log', LF will be replaced by CRLF the next time Git touches it
warning: in the working copy of 'antigravity/brain/10e5aae4-9235-450d-afa0-7f5a4e54c609/.system_generated/tasks/task-1964.log', LF will be replaced by CRLF the next time Git touches it
warning: in the working copy of 'antigravity/brain/10e5aae4-9235-450d-afa0-7f5a4e54c609/.system_generated/tasks/task-1990.log', LF will be replaced by CRLF the next time Git touches it
warning: in the working copy of 'antigravity/brain/10e5aae4-9235-450d-afa0-7f5a4e54c609/.system_generated/tasks/task-2006.log', LF will be replaced by CRLF the next time Git touches it
warning: in the working copy of 'antigravity/brain/10e5aae4-9235-450d-afa0-7f5a4e54c609/.system_generated/tasks/task-2040.log', LF will be replaced by CRLF the next time Git touches it
warning: in the working copy of 'antigravity/brain/10e5aae4-9235-450d-afa0-7f5a4e54c609/.system_generated/tasks/task-2058.log', LF will be replaced by CRLF the next time Git touches it
warning: in the working copy of 'antigravity/brain/10e5aae4-9235-450d-afa0-7f5a4e54c609/.system_generated/tasks/task-2081.log', LF will be replaced by CRLF the next time Git touches it
warning: in the working copy of 'antigravity/brain/10e5aae4-9235-450d-afa0-7f5a4e54c609/.system_generated/tasks/task-2110.log', LF will be replaced by CRLF the next time Git touches it
warning: in the working copy of 'antigravity/brain/10e5aae4-9235-450d-afa0-7f5a4e54c609/.system_generated/tasks/task-2122.log', LF will be replaced by CRLF the next time Git touches it
warning: in the working copy of 'antigravity/brain/10e5aae4-9235-450d-afa0-7f5a4e54c609/.system_generated/tasks/task-2136.log', LF will be replaced by CRLF the next time Git touches it
warning: in the working copy of 'antigravity/brain/10e5aae4-9235-450d-afa0-7f5a4e54c609/.system_generated/tasks/task-2156.log', LF will be replaced by CRLF the next time Git touches it
warning: in the working copy of 'antigravity/brain/10e5aae4-9235-450d-afa0-7f5a4e54c609/.system_generated/tasks/task-2223.log', LF will be replaced by CRLF the next time Git touches it
warning: in the working copy of 'antigravity/brain/10e5aae4-9235-450d-afa0-7f5a4e54c609/.system_generated/tasks/task-2295.log', LF will be replaced by CRLF the next time Git touches it
warning: in the working copy of 'antigravity/brain/10e5aae4-9235-450d-afa0-7f5a4e54c609/.system_generated/tasks/task-2305.log', LF will be replaced by CRLF the next time Git touches it
warning: in the working copy of 'antigravity/brain/10e5aae4-9235-450d-afa0-7f5a4e54c609/.system_generated/tasks/task-2319.log', LF will be replaced by CRLF the next time Git touches it
warning: in the working copy of 'antigravity/brain/10e5aae4-9235-450d-afa0-7f5a4e54c609/.system_generated/tasks/task-692.log', LF will be replaced by CRLF the next time Git touches it
warning: in the working copy of 'antigravity/brain/10e5aae4-9235-450d-afa0-7f5a4e54c609/.system_generated/tasks/task-730.log', LF will be replaced by CRLF the next time Git touches it
warning: in the working copy of 'antigravity/brain/10e5aae4-9235-450d-afa0-7f5a4e54c609/.system_generated/tasks/task-754.log', LF will be replaced by CRLF the next time Git touches it
warning: in the working copy of 'antigravity/brain/10e5aae4-9235-450d-afa0-7f5a4e54c609/.system_generated/tasks/task-814.log', LF will be replaced by CRLF the next time Git touches it
warning: in the working copy of 'antigravity/brain/10e5aae4-9235-450d-afa0-7f5a4e54c609/.system_generated/tasks/task-872.log', LF will be replaced by CRLF the next time Git touches it
warning: in the working copy of 'antigravity/brain/10e5aae4-9235-450d-afa0-7f5a4e54c609/.system_generated/tasks/task-942.log', LF will be replaced by CRLF the next time Git touches it
warning: in the working copy of 'antigravity/brain/10e5aae4-9235-450d-afa0-7f5a4e54c609/.system_generated/tasks/task-960.log', LF will be replaced by CRLF the next time Git touches it
warning: in the working copy of 'antigravity/brain/10e5aae4-9235-450d-afa0-7f5a4e54c609/.system_generated/tasks/task-978.log', LF will be replaced by CRLF the next time Git touches it
warning: in the working copy of 'antigravity/brain/10e5aae4-9235-450d-afa0-7f5a4e54c609/.system_generated/tasks/task-994.log', LF will be replaced by CRLF the next time Git touches it
warning: in the working copy of 'antigravity/brain/10e5aae4-9235-450d-afa0-7f5a4e54c609/assetflow_conversation_history.md', LF will be replaced by CRLF the next time Git touches it
warning: in the working copy of 'antigravity/brain/10e5aae4-9235-450d-afa0-7f5a4e54c609/assetflow_conversation_history.md.metadata.json', LF will be replaced by CRLF the next time Git touches it
warning: in the working copy of 'antigravity/brain/10e5aae4-9235-450d-afa0-7f5a4e54c609/browser/scratchpad_3mj0kzt0.md', LF will be replaced by CRLF the next time Git touches it
warning: in the working copy of 'antigravity/brain/10e5aae4-9235-450d-afa0-7f5a4e54c609/implementation_plan.md', LF will be replaced by CRLF the next time Git touches it
warning: in the working copy of 'antigravity/brain/10e5aae4-9235-450d-afa0-7f5a4e54c609/implementation_plan.md.metadata.json', LF will be replaced by CRLF the next time Git touches it
warning: in the working copy of 'antigravity/brain/10e5aae4-9235-450d-afa0-7f5a4e54c609/scratch/check_checkpoints.js', LF will be replaced by CRLF the next time Git touches it
warning: in the working copy of 'antigravity/brain/10e5aae4-9235-450d-afa0-7f5a4e54c609/scratch/check_checkpoints.js.metadata.json', LF will be replaced by CRLF the next time Git touches it
warning: in the working copy of 'antigravity/brain/10e5aae4-9235-450d-afa0-7f5a4e54c609/scratch/check_records.js', LF will be replaced by CRLF the next time Git touches it
warning: in the working copy of 'antigravity/brain/10e5aae4-9235-450d-afa0-7f5a4e54c609/scratch/check_records.js.metadata.json', LF will be replaced by CRLF the next time Git touches it
warning: in the working copy of 'antigravity/brain/10e5aae4-9235-450d-afa0-7f5a4e54c609/scratch/check_table_columns.js', LF will be replaced by CRLF the next time Git touches it
warning: in the working copy of 'antigravity/brain/10e5aae4-9235-450d-afa0-7f5a4e54c609/scratch/check_table_columns.js.metadata.json', LF will be replaced by CRLF the next time Git touches it
warning: in the working copy of 'antigravity/brain/10e5aae4-9235-450d-afa0-7f5a4e54c609/scratch/check_user.js', LF will be replaced by CRLF the next time Git touches it
warning: in the working copy of 'antigravity/brain/10e5aae4-9235-450d-afa0-7f5a4e54c609/scratch/check_user.js.metadata.json', LF will be replaced by CRLF the next time Git touches it
warning: in the working copy of 'antigravity/brain/10e5aae4-9235-450d-afa0-7f5a4e54c609/scratch/check_user_fetch.js', LF will be replaced by CRLF the next time Git touches it
warning: in the working copy of 'antigravity/brain/10e5aae4-9235-450d-afa0-7f5a4e54c609/scratch/check_user_fetch.js.metadata.json', LF will be replaced by CRLF the next time Git touches it
warning: in the working copy of 'antigravity/brain/10e5aae4-9235-450d-afa0-7f5a4e54c609/scratch/find_audit_insert.js', LF will be replaced by CRLF the next time Git touches it
warning: in the working copy of 'antigravity/brain/10e5aae4-9235-450d-afa0-7f5a4e54c609/scratch/find_audit_insert.js.metadata.json', LF will be replaced by CRLF the next time Git touches it
warning: in the working copy of 'antigravity/brain/10e5aae4-9235-450d-afa0-7f5a4e54c609/scratch/find_audit_submit.js', LF will be replaced by CRLF the next time Git touches it
warning: in the working copy of 'antigravity/brain/10e5aae4-9235-450d-afa0-7f5a4e54c609/scratch/find_audit_submit.js.metadata.json', LF will be replaced by CRLF the next time Git touches it
warning: in the working copy of 'antigravity/brain/10e5aae4-9235-450d-afa0-7f5a4e54c609/scratch/find_audit_submit_code.js', LF will be replaced by CRLF the next time Git touches it
warning: in the working copy of 'antigravity/brain/10e5aae4-9235-450d-afa0-7f5a4e54c609/scratch/find_audit_submit_code.js.metadata.json', LF will be replaced by CRLF the next time Git touches it
warning: in the working copy of 'antigravity/brain/10e5aae4-9235-450d-afa0-7f5a4e54c609/scratch/find_checkpoints_render.js', LF will be replaced by CRLF the next time Git touches it
warning: in the working copy of 'antigravity/brain/10e5aae4-9235-450d-afa0-7f5a4e54c609/scratch/find_checkpoints_render.js.metadata.json', LF will be replaced by CRLF the next time Git touches it
warning: in the working copy of 'antigravity/brain/10e5aae4-9235-450d-afa0-7f5a4e54c609/scratch/find_court_marshal.js', LF will be replaced by CRLF the next time Git touches it
warning: in the working copy of 'antigravity/brain/10e5aae4-9235-450d-afa0-7f5a4e54c609/scratch/find_court_marshal.js.metadata.json', LF will be replaced by CRLF the next time Git touches it
warning: in the working copy of 'antigravity/brain/10e5aae4-9235-450d-afa0-7f5a4e54c609/scratch/find_dashboard_def.js', LF will be replaced by CRLF the next time Git touches it
warning: in the working copy of 'antigravity/brain/10e5aae4-9235-450d-afa0-7f5a4e54c609/scratch/find_dashboard_def.js.metadata.json', LF will be replaced by CRLF the next time Git touches it
warning: in the working copy of 'antigravity/brain/10e5aae4-9235-450d-afa0-7f5a4e54c609/scratch/find_fetch_assets.js', LF will be replaced by CRLF the next time Git touches it
warning: in the working copy of 'antigravity/brain/10e5aae4-9235-450d-afa0-7f5a4e54c609/scratch/find_fetch_assets.js.metadata.json', LF will be replaced by CRLF the next time Git touches it
warning: in the working copy of 'antigravity/brain/10e5aae4-9235-450d-afa0-7f5a4e54c609/scratch/find_fetch_recent_logs.js', LF will be replaced by CRLF the next time Git touches it
warning: in the working copy of 'antigravity/brain/10e5aae4-9235-450d-afa0-7f5a4e54c609/scratch/find_fetch_recent_logs.js.metadata.json', LF will be replaced by CRLF the next time Git touches it
warning: in the working copy of 'antigravity/brain/10e5aae4-9235-450d-afa0-7f5a4e54c609/scratch/find_hiding_code.js', LF will be replaced by CRLF the next time Git touches it
warning: in the working copy of 'antigravity/brain/10e5aae4-9235-450d-afa0-7f5a4e54c609/scratch/find_hiding_code.js.metadata.json', LF will be replaced by CRLF the next time Git touches it
warning: in the working copy of 'antigravity/brain/10e5aae4-9235-450d-afa0-7f5a4e54c609/scratch/find_modal_html.js', LF will be replaced by CRLF the next time Git touches it
warning: in the working copy of 'antigravity/brain/10e5aae4-9235-450d-afa0-7f5a4e54c609/scratch/find_modal_html.js.metadata.json', LF will be replaced by CRLF the next time Git touches it
warning: in the working copy of 'antigravity/brain/10e5aae4-9235-450d-afa0-7f5a4e54c609/scratch/find_officer_only.js', LF will be replaced by CRLF the next time Git touches it
warning: in the working copy of 'antigravity/brain/10e5aae4-9235-450d-afa0-7f5a4e54c609/scratch/find_officer_only.js.metadata.json', LF will be replaced by CRLF the next time Git touches it
warning: in the working copy of 'antigravity/brain/10e5aae4-9235-450d-afa0-7f5a4e54c609/scratch/find_open_audit_form.js', LF will be replaced by CRLF the next time Git touches it
warning: in the working copy of 'antigravity/brain/10e5aae4-9235-450d-afa0-7f5a4e54c609/scratch/find_open_audit_form.js.metadata.json', LF will be replaced by CRLF the next time Git touches it
warning: in the working copy of 'antigravity/brain/10e5aae4-9235-450d-afa0-7f5a4e54c609/scratch/find_pdf_export.js', LF will be replaced by CRLF the next time Git touches it
warning: in the working copy of 'antigravity/brain/10e5aae4-9235-450d-afa0-7f5a4e54c609/scratch/find_pdf_export.js.metadata.json', LF will be replaced by CRLF the next time Git touches it
warning: in the working copy of 'antigravity/brain/10e5aae4-9235-450d-afa0-7f5a4e54c609/scratch/find_pdf_export_listener.js', LF will be replaced by CRLF the next time Git touches it
warning: in the working copy of 'antigravity/brain/10e5aae4-9235-450d-afa0-7f5a4e54c609/scratch/find_pdf_export_listener.js.metadata.json', LF will be replaced by CRLF the next time Git touches it
warning: in the working copy of 'antigravity/brain/10e5aae4-9235-450d-afa0-7f5a4e54c609/scratch/find_shift1.js', LF will be replaced by CRLF the next time Git touches it
warning: in the working copy of 'antigravity/brain/10e5aae4-9235-450d-afa0-7f5a4e54c609/scratch/find_shift1.js.metadata.json', LF will be replaced by CRLF the next time Git touches it
warning: in the working copy of 'antigravity/brain/10e5aae4-9235-450d-afa0-7f5a4e54c609/scratch/find_shift_mappings.js', LF will be replaced by CRLF the next time Git touches it
warning: in the working copy of 'antigravity/brain/10e5aae4-9235-450d-afa0-7f5a4e54c609/scratch/find_shift_mappings.js.metadata.json', LF will be replaced by CRLF the next time Git touches it
warning: in the working copy of 'antigravity/brain/10e5aae4-9235-450d-afa0-7f5a4e54c609/scratch/find_submit_listener.js', LF will be replaced by CRLF the next time Git touches it
warning: in the working copy of 'antigravity/brain/10e5aae4-9235-450d-afa0-7f5a4e54c609/scratch/find_submit_listener.js.metadata.json', LF will be replaced by CRLF the next time Git touches it
warning: in the working copy of 'antigravity/brain/10e5aae4-9235-450d-afa0-7f5a4e54c609/scratch/print_latest_names.js', LF will be replaced by CRLF the next time Git touches it
warning: in the working copy of 'antigravity/brain/10e5aae4-9235-450d-afa0-7f5a4e54c609/scratch/print_latest_names.js.metadata.json', LF will be replaced by CRLF the next time Git touches it
warning: in the working copy of 'antigravity/brain/10e5aae4-9235-450d-afa0-7f5a4e54c609/scratch/replace_all_mappings.js', LF will be replaced by CRLF the next time Git touches it
warning: in the working copy of 'antigravity/brain/10e5aae4-9235-450d-afa0-7f5a4e54c609/scratch/replace_all_mappings.js.metadata.json', LF will be replaced by CRLF the next time Git touches it
warning: in the working copy of 'antigravity/brain/10e5aae4-9235-450d-afa0-7f5a4e54c609/scratch/search_audit_records_cols.js', LF will be replaced by CRLF the next time Git touches it
warning: in the working copy of 'antigravity/brain/10e5aae4-9235-450d-afa0-7f5a4e54c609/scratch/search_audit_records_cols.js.metadata.json', LF will be replaced by CRLF the next time Git touches it
warning: in the working copy of 'antigravity/brain/10e5aae4-9235-450d-afa0-7f5a4e54c609/scratch/search_connection_error.js', LF will be replaced by CRLF the next time Git touches it
warning: in the working copy of 'antigravity/brain/10e5aae4-9235-450d-afa0-7f5a4e54c609/scratch/search_connection_error.js.metadata.json', LF will be replaced by CRLF the next time Git touches it
warning: in the working copy of 'antigravity/brain/10e5aae4-9235-450d-afa0-7f5a4e54c609/scratch/search_duty_name_css.js', LF will be replaced by CRLF the next time Git touches it
warning: in the working copy of 'antigravity/brain/10e5aae4-9235-450d-afa0-7f5a4e54c609/scratch/search_duty_name_css.js.metadata.json', LF will be replaced by CRLF the next time Git touches it
warning: in the working copy of 'antigravity/brain/10e5aae4-9235-450d-afa0-7f5a4e54c609/scratch/search_duty_section.js', LF will be replaced by CRLF the next time Git touches it
warning: in the working copy of 'antigravity/brain/10e5aae4-9235-450d-afa0-7f5a4e54c609/scratch/search_duty_section.js.metadata.json', LF will be replaced by CRLF the next time Git touches it
warning: in the working copy of 'antigravity/brain/10e5aae4-9235-450d-afa0-7f5a4e54c609/scratch/search_filter_declarations.js', LF will be replaced by CRLF the next time Git touches it
warning: in the working copy of 'antigravity/brain/10e5aae4-9235-450d-afa0-7f5a4e54c609/scratch/search_filter_declarations.js.metadata.json', LF will be replaced by CRLF the next time Git touches it
warning: in the working copy of 'antigravity/brain/10e5aae4-9235-450d-afa0-7f5a4e54c609/scratch/search_fiscal.js', LF will be replaced by CRLF the next time Git touches it
warning: in the working copy of 'antigravity/brain/10e5aae4-9235-450d-afa0-7f5a4e54c609/scratch/search_fiscal.js.metadata.json', LF will be replaced by CRLF the next time Git touches it
warning: in the working copy of 'antigravity/brain/10e5aae4-9235-450d-afa0-7f5a4e54c609/scratch/search_krabi.js', LF will be replaced by CRLF the next time Git touches it
warning: in the working copy of 'antigravity/brain/10e5aae4-9235-450d-afa0-7f5a4e54c609/scratch/search_krabi.js.metadata.json', LF will be replaced by CRLF the next time Git touches it
warning: in the working copy of 'antigravity/brain/10e5aae4-9235-450d-afa0-7f5a4e54c609/scratch/search_krabi_all.js', LF will be replaced by CRLF the next time Git touches it
warning: in the working copy of 'antigravity/brain/10e5aae4-9235-450d-afa0-7f5a4e54c609/scratch/search_krabi_all.js.metadata.json', LF will be replaced by CRLF the next time Git touches it
warning: in the working copy of 'antigravity/brain/10e5aae4-9235-450d-afa0-7f5a4e54c609/scratch/search_krabi_html.js', LF will be replaced by CRLF the next time Git touches it
warning: in the working copy of 'antigravity/brain/10e5aae4-9235-450d-afa0-7f5a4e54c609/scratch/search_krabi_html.js.metadata.json', LF will be replaced by CRLF the next time Git touches it
warning: in the working copy of 'antigravity/brain/10e5aae4-9235-450d-afa0-7f5a4e54c609/scratch/search_open_audit.js', LF will be replaced by CRLF the next time Git touches it
warning: in the working copy of 'antigravity/brain/10e5aae4-9235-450d-afa0-7f5a4e54c609/scratch/search_open_audit.js.metadata.json', LF will be replaced by CRLF the next time Git touches it
warning: in the working copy of 'antigravity/brain/10e5aae4-9235-450d-afa0-7f5a4e54c609/scratch/search_render.js', LF will be replaced by CRLF the next time Git touches it
warning: in the working copy of 'antigravity/brain/10e5aae4-9235-450d-afa0-7f5a4e54c609/scratch/search_render.js.metadata.json', LF will be replaced by CRLF the next time Git touches it
warning: in the working copy of 'antigravity/brain/10e5aae4-9235-450d-afa0-7f5a4e54c609/scratch/search_role_guard.js', LF will be replaced by CRLF the next time Git touches it
warning: in the working copy of 'antigravity/brain/10e5aae4-9235-450d-afa0-7f5a4e54c609/scratch/search_role_guard.js.metadata.json', LF will be replaced by CRLF the next time Git touches it
warning: in the working copy of 'antigravity/brain/10e5aae4-9235-450d-afa0-7f5a4e54c609/scratch/search_shift1_html.js', LF will be replaced by CRLF the next time Git touches it
warning: in the working copy of 'antigravity/brain/10e5aae4-9235-450d-afa0-7f5a4e54c609/scratch/search_shift1_html.js.metadata.json', LF will be replaced by CRLF the next time Git touches it
warning: in the working copy of 'antigravity/brain/10e5aae4-9235-450d-afa0-7f5a4e54c609/scratch/search_style_checkpoints.js', LF will be replaced by CRLF the next time Git touches it
warning: in the working copy of 'antigravity/brain/10e5aae4-9235-450d-afa0-7f5a4e54c609/scratch/search_style_checkpoints.js.metadata.json', LF will be replaced by CRLF the next time Git touches it
warning: in the working copy of 'antigravity/brain/10e5aae4-9235-450d-afa0-7f5a4e54c609/scratch/test_fetch_logs.js', LF will be replaced by CRLF the next time Git touches it
warning: in the working copy of 'antigravity/brain/10e5aae4-9235-450d-afa0-7f5a4e54c609/scratch/test_fetch_logs.js.metadata.json', LF will be replaced by CRLF the next time Git touches it
warning: in the working copy of 'antigravity/brain/10e5aae4-9235-450d-afa0-7f5a4e54c609/scratch/test_g_patrol_schema.js', LF will be replaced by CRLF the next time Git touches it
warning: in the working copy of 'antigravity/brain/10e5aae4-9235-450d-afa0-7f5a4e54c609/scratch/test_g_patrol_schema.js.metadata.json', LF will be replaced by CRLF the next time Git touches it
warning: in the working copy of 'antigravity/brain/10e5aae4-9235-450d-afa0-7f5a4e54c609/scratch/test_guard_views.js', LF will be replaced by CRLF the next time Git touches it
warning: in the working copy of 'antigravity/brain/10e5aae4-9235-450d-afa0-7f5a4e54c609/scratch/test_guard_views.js.metadata.json', LF will be replaced by CRLF the next time Git touches it
warning: in the working copy of 'antigravity/brain/10e5aae4-9235-450d-afa0-7f5a4e54c609/scratch/test_image.js', LF will be replaced by CRLF the next time Git touches it
warning: in the working copy of 'antigravity/brain/10e5aae4-9235-450d-afa0-7f5a4e54c609/scratch/test_image.js.metadata.json', LF will be replaced by CRLF the next time Git touches it
warning: in the working copy of 'antigravity/brain/10e5aae4-9235-450d-afa0-7f5a4e54c609/scratch/test_query_as_guard.js', LF will be replaced by CRLF the next time Git touches it
warning: in the working copy of 'antigravity/brain/10e5aae4-9235-450d-afa0-7f5a4e54c609/scratch/test_query_as_guard.js.metadata.json', LF will be replaced by CRLF the next time Git touches it
warning: in the working copy of 'antigravity/brain/10e5aae4-9235-450d-afa0-7f5a4e54c609/scratch/update_checkpoints_data.js', LF will be replaced by CRLF the next time Git touches it
warning: in the working copy of 'antigravity/brain/10e5aae4-9235-450d-afa0-7f5a4e54c609/scratch/update_checkpoints_data.js.metadata.json', LF will be replaced by CRLF the next time Git touches it
warning: in the working copy of 'antigravity/brain/10e5aae4-9235-450d-afa0-7f5a4e54c609/task.md', LF will be replaced by CRLF the next time Git touches it
warning: in the working copy of 'antigravity/brain/10e5aae4-9235-450d-afa0-7f5a4e54c609/task.md.metadata.json', LF will be replaced by CRLF the next time Git touches it
warning: in the working copy of 'antigravity/brain/10e5aae4-9235-450d-afa0-7f5a4e54c609/walkthrough.md', LF will be replaced by CRLF the next time Git touches it
warning: in the working copy of 'antigravity/brain/10e5aae4-9235-450d-afa0-7f5a4e54c609/walkthrough.md.metadata.json', LF will be replaced by CRLF the next time Git touches it
warning: in the working copy of 'antigravity/brain/163c26e6-5927-4f19-978e-5de541a3a3aa/.system_generated/logs/transcript.jsonl', LF will be replaced by CRLF the next time Git touches it
warning: in the working copy of 'antigravity/brain/163c26e6-5927-4f19-978e-5de541a3a3aa/.system_generated/logs/transcript_full.jsonl', LF will be replaced by CRLF the next time Git touches it
warning: in the working copy of 'antigravity/brain/182174db-080b-469e-82bf-3f6de2c73a36/.system_generated/logs/transcript.jsonl', LF will be replaced by CRLF the next time Git touches it
warning: in the working copy of 'antigravity/brain/182174db-080b-469e-82bf-3f6de2c73a36/.system_generated/logs/transcript_full.jsonl', LF will be replaced by CRLF the next time Git touches it
warning: in the working copy of 'antigravity/brain/182174db-080b-469e-82bf-3f6de2c73a36/.system_generated/steps/1138/content.md', LF will be replaced by CRLF the next time Git touches it
warning: in the working copy of 'antigravity/brain/182174db-080b-469e-82bf-3f6de2c73a36/.system_generated/steps/564/content.md', LF will be replaced by CRLF the next time Git touches it
warning: in the working copy of 'antigravity/brain/182174db-080b-469e-82bf-3f6de2c73a36/.system_generated/steps/604/content.md', LF will be replaced by CRLF the next time Git touches it
warning: in the working copy of 'antigravity/brain/182174db-080b-469e-82bf-3f6de2c73a36/.system_generated/steps/688/content.md', LF will be replaced by CRLF the next time Git touches it
warning: in the working copy of 'antigravity/brain/182174db-080b-469e-82bf-3f6de2c73a36/.system_generated/steps/714/content.md', LF will be replaced by CRLF the next time Git touches it
warning: in the working copy of 'antigravity/brain/182174db-080b-469e-82bf-3f6de2c73a36/.system_generated/steps/724/content.md', LF will be replaced by CRLF the next time Git touches it
warning: in the working copy of 'antigravity/brain/182174db-080b-469e-82bf-3f6de2c73a36/.system_generated/steps/774/content.md', LF will be replaced by CRLF the next time Git touches it
warning: in the working copy of 'antigravity/brain/182174db-080b-469e-82bf-3f6de2c73a36/.system_generated/tasks/task-122.log', LF will be replaced by CRLF the next time Git touches it
warning: in the working copy of 'antigravity/brain/182174db-080b-469e-82bf-3f6de2c73a36/.system_generated/tasks/task-1376.log', LF will be replaced by CRLF the next time Git touches it
warning: in the working copy of 'antigravity/brain/182174db-080b-469e-82bf-3f6de2c73a36/.system_generated/tasks/task-1503.log', LF will be replaced by CRLF the next time Git touches it
warning: in the working copy of 'antigravity/brain/182174db-080b-469e-82bf-3f6de2c73a36/.system_generated/tasks/task-1559.log', LF will be replaced by CRLF the next time Git touches it
warning: in the working copy of 'antigravity/brain/182174db-080b-469e-82bf-3f6de2c73a36/.system_generated/tasks/task-1588.log', LF will be replaced by CRLF the next time Git touches it
warning: in the working copy of 'antigravity/brain/182174db-080b-469e-82bf-3f6de2c73a36/.system_generated/tasks/task-1622.log', LF will be replaced by CRLF the next time Git touches it
warning: in the working copy of 'antigravity/brain/182174db-080b-469e-82bf-3f6de2c73a36/.system_generated/tasks/task-1657.log', LF will be replaced by CRLF the next time Git touches it
warning: in the working copy of 'antigravity/brain/182174db-080b-469e-82bf-3f6de2c73a36/.system_generated/tasks/task-1700.log', LF will be replaced by CRLF the next time Git touches it
warning: in the working copy of 'antigravity/brain/182174db-080b-469e-82bf-3f6de2c73a36/.system_generated/tasks/task-1729.log', LF will be replaced by CRLF the next time Git touches it
warning: in the working copy of 'antigravity/brain/182174db-080b-469e-82bf-3f6de2c73a36/.system_generated/tasks/task-1737.log', LF will be replaced by CRLF the next time Git touches it
warning: in the working copy of 'antigravity/brain/182174db-080b-469e-82bf-3f6de2c73a36/.system_generated/tasks/task-1748.log', LF will be replaced by CRLF the next time Git touches it
warning: in the working copy of 'antigravity/brain/182174db-080b-469e-82bf-3f6de2c73a36/.system_generated/tasks/task-1770.log', LF will be replaced by CRLF the next time Git touches it
warning: in the working copy of 'antigravity/brain/182174db-080b-469e-82bf-3f6de2c73a36/.system_generated/tasks/task-1776.log', LF will be replaced by CRLF the next time Git touches it
warning: in the working copy of 'antigravity/brain/182174db-080b-469e-82bf-3f6de2c73a36/.system_generated/tasks/task-428.log', LF will be replaced by CRLF the next time Git touches it
warning: in the working copy of 'antigravity/brain/182174db-080b-469e-82bf-3f6de2c73a36/.system_generated/tasks/task-444.log', LF will be replaced by CRLF the next time Git touches it
warning: in the working copy of 'antigravity/brain/182174db-080b-469e-82bf-3f6de2c73a36/.system_generated/tasks/task-458.log', LF will be replaced by CRLF the next time Git touches it
warning: in the working copy of 'antigravity/brain/182174db-080b-469e-82bf-3f6de2c73a36/.system_generated/tasks/task-464.log', LF will be replaced by CRLF the next time Git touches it
warning: in the working copy of 'antigravity/brain/182174db-080b-469e-82bf-3f6de2c73a36/.system_generated/tasks/task-554.log', LF will be replaced by CRLF the next time Git touches it
warning: in the working copy of 'antigravity/brain/182174db-080b-469e-82bf-3f6de2c73a36/.system_generated/tasks/task-576.log', LF will be replaced by CRLF the next time Git touches it
warning: in the working copy of 'antigravity/brain/182174db-080b-469e-82bf-3f6de2c73a36/.system_generated/tasks/task-750.log', LF will be replaced by CRLF the next time Git touches it
warning: in the working copy of 'antigravity/brain/182174db-080b-469e-82bf-3f6de2c73a36/.system_generated/tasks/task-754.log', LF will be replaced by CRLF the next time Git touches it
warning: in the working copy of 'antigravity/brain/182174db-080b-469e-82bf-3f6de2c73a36/.system_generated/tasks/task-988.log', LF will be replaced by CRLF the next time Git touches it
warning: in the working copy of 'antigravity/brain/182174db-080b-469e-82bf-3f6de2c73a36/browser/scratchpad_0ho3zw6g.md', LF will be replaced by CRLF the next time Git touches it
warning: in the working copy of 'antigravity/brain/182174db-080b-469e-82bf-3f6de2c73a36/browser/scratchpad_4f0myvrx.md', LF will be replaced by CRLF the next time Git touches it
warning: in the working copy of 'antigravity/brain/182174db-080b-469e-82bf-3f6de2c73a36/browser/scratchpad_ip30zppz.md', LF will be replaced by CRLF the next time Git touches it
warning: in the working copy of 'antigravity/brain/182174db-080b-469e-82bf-3f6de2c73a36/implementation_plan.md', LF will be replaced by CRLF the next time Git touches it
warning: in the working copy of 'antigravity/brain/182174db-080b-469e-82bf-3f6de2c73a36/implementation_plan.md.metadata.json', LF will be replaced by CRLF the next time Git touches it
warning: in the working copy of 'antigravity/brain/182174db-080b-469e-82bf-3f6de2c73a36/investment_ai_history.md', LF will be replaced by CRLF the next time Git touches it
warning: in the working copy of 'antigravity/brain/182174db-080b-469e-82bf-3f6de2c73a36/investment_ai_history.md.metadata.json', LF will be replaced by CRLF the next time Git touches it
warning: in the working copy of 'antigravity/brain/182174db-080b-469e-82bf-3f6de2c73a36/scratch/extract_transcript.js', LF will be replaced by CRLF the next time Git touches it
warning: in the working copy of 'antigravity/brain/182174db-080b-469e-82bf-3f6de2c73a36/scratch/extract_transcript.py', LF will be replaced by CRLF the next time Git touches it
warning: in the working copy of 'antigravity/brain/182174db-080b-469e-82bf-3f6de2c73a36/scratch/test_fetch.js', LF will be replaced by CRLF the next time Git touches it
warning: in the working copy of 'antigravity/brain/182174db-080b-469e-82bf-3f6de2c73a36/scratch/test_fetch.js.metadata.json', LF will be replaced by CRLF the next time Git touches it
warning: in the working copy of 'antigravity/brain/182174db-080b-469e-82bf-3f6de2c73a36/task.md', LF will be replaced by CRLF the next time Git touches it
warning: in the working copy of 'antigravity/brain/182174db-080b-469e-82bf-3f6de2c73a36/task.md.metadata.json', LF will be replaced by CRLF the next time Git touches it
warning: in the working copy of 'antigravity/brain/182174db-080b-469e-82bf-3f6de2c73a36/test_cors.html', LF will be replaced by CRLF the next time Git touches it
warning: in the working copy of 'antigravity/brain/182174db-080b-469e-82bf-3f6de2c73a36/test_cors.html.metadata.json', LF will be replaced by CRLF the next time Git touches it
warning: in the working copy of 'antigravity/brain/182174db-080b-469e-82bf-3f6de2c73a36/test_fetch.js.metadata.json', LF will be replaced by CRLF the next time Git touches it
warning: in the working copy of 'antigravity/brain/182174db-080b-469e-82bf-3f6de2c73a36/walkthrough.md', LF will be replaced by CRLF the next time Git touches it
warning: in the working copy of 'antigravity/brain/182174db-080b-469e-82bf-3f6de2c73a36/walkthrough.md.metadata.json', LF will be replaced by CRLF the next time Git touches it
warning: in the working copy of 'antigravity/brain/204dd9d2-4696-4bff-9c03-2fb0f8bf6d9d/.system_generated/logs/transcript.jsonl', LF will be replaced by CRLF the next time Git touches it
warning: in the working copy of 'antigravity/brain/204dd9d2-4696-4bff-9c03-2fb0f8bf6d9d/.system_generated/logs/transcript_full.jsonl', LF will be replaced by CRLF the next time Git touches it
warning: in the working copy of 'antigravity/brain/204dd9d2-4696-4bff-9c03-2fb0f8bf6d9d/.system_generated/tasks/task-63.log', LF will be replaced by CRLF the next time Git touches it
warning: in the working copy of 'antigravity/brain/204dd9d2-4696-4bff-9c03-2fb0f8bf6d9d/backup_antigravity.ps1', LF will be replaced by CRLF the next time Git touches it
warning: in the working copy of 'antigravity/brain/204dd9d2-4696-4bff-9c03-2fb0f8bf6d9d/backup_antigravity.ps1.metadata.json', LF will be replaced by CRLF the next time Git touches it
warning: in the working copy of 'antigravity/brain/204dd9d2-4696-4bff-9c03-2fb0f8bf6d9d/backup_antigravity_fixed.ps1', LF will be replaced by CRLF the next time Git touches it
warning: in the working copy of 'antigravity/brain/204dd9d2-4696-4bff-9c03-2fb0f8bf6d9d/backup_antigravity_fixed.ps1.metadata.json', LF will be replaced by CRLF the next time Git touches it
warning: in the working copy of 'antigravity/brain/204dd9d2-4696-4bff-9c03-2fb0f8bf6d9d/ssh_key_location.md', LF will be replaced by CRLF the next time Git touches it
warning: in the working copy of 'antigravity/brain/204dd9d2-4696-4bff-9c03-2fb0f8bf6d9d/ssh_key_location.md.metadata.json', LF will be replaced by CRLF the next time Git touches it
warning: in the working copy of 'antigravity/brain/458584c1-f915-4b86-9441-d39952ef4546/.system_generated/logs/transcript.jsonl', LF will be replaced by CRLF the next time Git touches it
warning: in the working copy of 'antigravity/brain/458584c1-f915-4b86-9441-d39952ef4546/.system_generated/logs/transcript_full.jsonl', LF will be replaced by CRLF the next time Git touches it
warning: in the working copy of 'antigravity/brain/586cf41d-93f0-4b1b-bfd8-64ab5e5e4444/.system_generated/logs/transcript.jsonl', LF will be replaced by CRLF the next time Git touches it
warning: in the working copy of 'antigravity/brain/586cf41d-93f0-4b1b-bfd8-64ab5e5e4444/.system_generated/logs/transcript_full.jsonl', LF will be replaced by CRLF the next time Git touches it
warning: in the working copy of 'antigravity/brain/586cf41d-93f0-4b1b-bfd8-64ab5e5e4444/.system_generated/tasks/task-128.log', LF will be replaced by CRLF the next time Git touches it
warning: in the working copy of 'antigravity/brain/586cf41d-93f0-4b1b-bfd8-64ab5e5e4444/.system_generated/tasks/task-130.log', LF will be replaced by CRLF the next time Git touches it
warning: in the working copy of 'antigravity/brain/586cf41d-93f0-4b1b-bfd8-64ab5e5e4444/.system_generated/tasks/task-144.log', LF will be replaced by CRLF the next time Git touches it
warning: in the working copy of 'antigravity/brain/586cf41d-93f0-4b1b-bfd8-64ab5e5e4444/.system_generated/tasks/task-146.log', LF will be replaced by CRLF the next time Git touches it
warning: in the working copy of 'antigravity/brain/586cf41d-93f0-4b1b-bfd8-64ab5e5e4444/.system_generated/tasks/task-162.log', LF will be replaced by CRLF the next time Git touches it
warning: in the working copy of 'antigravity/brain/586cf41d-93f0-4b1b-bfd8-64ab5e5e4444/.system_generated/tasks/task-164.log', LF will be replaced by CRLF the next time Git touches it
warning: in the working copy of 'antigravity/brain/586cf41d-93f0-4b1b-bfd8-64ab5e5e4444/.system_generated/tasks/task-185.log', LF will be replaced by CRLF the next time Git touches it
warning: in the working copy of 'antigravity/brain/586cf41d-93f0-4b1b-bfd8-64ab5e5e4444/.system_generated/tasks/task-187.log', LF will be replaced by CRLF the next time Git touches it
warning: in the working copy of 'antigravity/brain/586cf41d-93f0-4b1b-bfd8-64ab5e5e4444/.system_generated/tasks/task-215.log', LF will be replaced by CRLF the next time Git touches it
warning: in the working copy of 'antigravity/brain/586cf41d-93f0-4b1b-bfd8-64ab5e5e4444/.system_generated/tasks/task-249.log', LF will be replaced by CRLF the next time Git touches it
warning: in the working copy of 'antigravity/brain/586cf41d-93f0-4b1b-bfd8-64ab5e5e4444/.system_generated/tasks/task-251.log', LF will be replaced by CRLF the next time Git touches it
warning: in the working copy of 'antigravity/brain/586cf41d-93f0-4b1b-bfd8-64ab5e5e4444/.system_generated/tasks/task-265.log', LF will be replaced by CRLF the next time Git touches it
warning: in the working copy of 'antigravity/brain/586cf41d-93f0-4b1b-bfd8-64ab5e5e4444/.system_generated/tasks/task-267.log', LF will be replaced by CRLF the next time Git touches it
warning: in the working copy of 'antigravity/brain/586cf41d-93f0-4b1b-bfd8-64ab5e5e4444/.system_generated/tasks/task-285.log', LF will be replaced by CRLF the next time Git touches it
warning: in the working copy of 'antigravity/brain/586cf41d-93f0-4b1b-bfd8-64ab5e5e4444/.system_generated/tasks/task-287.log', LF will be replaced by CRLF the next time Git touches it
warning: in the working copy of 'antigravity/brain/586cf41d-93f0-4b1b-bfd8-64ab5e5e4444/browser/scratchpad_xsue5noj.md', LF will be replaced by CRLF the next time Git touches it
warning: in the working copy of 'antigravity/brain/9c1ca343-8509-4b50-a0fa-b71254d57402/.system_generated/logs/transcript.jsonl', LF will be replaced by CRLF the next time Git touches it
warning: in the working copy of 'antigravity/brain/9c1ca343-8509-4b50-a0fa-b71254d57402/.system_generated/logs/transcript_full.jsonl', LF will be replaced by CRLF the next time Git touches it
warning: in the working copy of 'antigravity/brain/9c1ca343-8509-4b50-a0fa-b71254d57402/browser/scratchpad_1q5dvqmd.md', LF will be replaced by CRLF the next time Git touches it
warning: in the working copy of 'antigravity/brain/9c1ca343-8509-4b50-a0fa-b71254d57402/implementation_plan.md', LF will be replaced by CRLF the next time Git touches it
warning: in the working copy of 'antigravity/brain/9c1ca343-8509-4b50-a0fa-b71254d57402/implementation_plan.md.metadata.json', LF will be replaced by CRLF the next time Git touches it
warning: in the working copy of 'antigravity/brain/9c1ca343-8509-4b50-a0fa-b71254d57402/task.md', LF will be replaced by CRLF the next time Git touches it
warning: in the working copy of 'antigravity/brain/9c1ca343-8509-4b50-a0fa-b71254d57402/task.md.metadata.json', LF will be replaced by CRLF the next time Git touches it
warning: in the working copy of 'antigravity/brain/9c1ca343-8509-4b50-a0fa-b71254d57402/walkthrough.md', LF will be replaced by CRLF the next time Git touches it
warning: in the working copy of 'antigravity/brain/9c1ca343-8509-4b50-a0fa-b71254d57402/walkthrough.md.metadata.json', LF will be replaced by CRLF the next time Git touches it
warning: in the working copy of 'antigravity/brain/bad9944e-e90e-4f05-b29b-69299596ba9a/.system_generated/logs/transcript.jsonl', LF will be replaced by CRLF the next time Git touches it
warning: in the working copy of 'antigravity/brain/bad9944e-e90e-4f05-b29b-69299596ba9a/.system_generated/logs/transcript_full.jsonl', LF will be replaced by CRLF the next time Git touches it
warning: in the working copy of 'antigravity/brain/bfd7ae71-293a-4b4e-976a-1d157c335610/.system_generated/logs/transcript.jsonl', LF will be replaced by CRLF the next time Git touches it
warning: in the working copy of 'antigravity/brain/bfd7ae71-293a-4b4e-976a-1d157c335610/.system_generated/logs/transcript_full.jsonl', LF will be replaced by CRLF the next time Git touches it
warning: in the working copy of 'antigravity/brain/bfd7ae71-293a-4b4e-976a-1d157c335610/.system_generated/steps/161/content.md', LF will be replaced by CRLF the next time Git touches it
warning: in the working copy of 'antigravity/brain/bfd7ae71-293a-4b4e-976a-1d157c335610/.system_generated/steps/170/content.md', LF will be replaced by CRLF the next time Git touches it
warning: in the working copy of 'antigravity/brain/bfd7ae71-293a-4b4e-976a-1d157c335610/.system_generated/steps/23/content.md', LF will be replaced by CRLF the next time Git touches it
warning: in the working copy of 'antigravity/brain/bfd7ae71-293a-4b4e-976a-1d157c335610/implementation_plan.md', LF will be replaced by CRLF the next time Git touches it
warning: in the working copy of 'antigravity/brain/bfd7ae71-293a-4b4e-976a-1d157c335610/implementation_plan.md.metadata.json', LF will be replaced by CRLF the next time Git touches it
warning: in the working copy of 'antigravity/brain/bfd7ae71-293a-4b4e-976a-1d157c335610/task.md', LF will be replaced by CRLF the next time Git touches it
warning: in the working copy of 'antigravity/brain/bfd7ae71-293a-4b4e-976a-1d157c335610/task.md.metadata.json', LF will be replaced by CRLF the next time Git touches it
warning: in the working copy of 'antigravity/brain/c65c70e4-1473-4c30-bb91-f17f7cbd18d7/.system_generated/logs/transcript.jsonl', LF will be replaced by CRLF the next time Git touches it
warning: in the working copy of 'antigravity/brain/c65c70e4-1473-4c30-bb91-f17f7cbd18d7/.system_generated/logs/transcript_full.jsonl', LF will be replaced by CRLF the next time Git touches it
warning: in the working copy of 'antigravity/brain/c65c70e4-1473-4c30-bb91-f17f7cbd18d7/.system_generated/tasks/task-100.log', LF will be replaced by CRLF the next time Git touches it
warning: in the working copy of 'antigravity/brain/c65c70e4-1473-4c30-bb91-f17f7cbd18d7/.system_generated/tasks/task-1095.log', LF will be replaced by CRLF the next time Git touches it
warning: in the working copy of 'antigravity/brain/c65c70e4-1473-4c30-bb91-f17f7cbd18d7/.system_generated/tasks/task-146.log', LF will be replaced by CRLF the next time Git touches it
warning: in the working copy of 'antigravity/brain/c65c70e4-1473-4c30-bb91-f17f7cbd18d7/.system_generated/tasks/task-18.log', LF will be replaced by CRLF the next time Git touches it
warning: in the working copy of 'antigravity/brain/c65c70e4-1473-4c30-bb91-f17f7cbd18d7/.system_generated/tasks/task-195.log', LF will be replaced by CRLF the next time Git touches it
warning: in the working copy of 'antigravity/brain/c65c70e4-1473-4c30-bb91-f17f7cbd18d7/.system_generated/tasks/task-22.log', LF will be replaced by CRLF the next time Git touches it
warning: in the working copy of 'antigravity/brain/c65c70e4-1473-4c30-bb91-f17f7cbd18d7/.system_generated/tasks/task-32.log', LF will be replaced by CRLF the next time Git touches it
warning: in the working copy of 'antigravity/brain/c65c70e4-1473-4c30-bb91-f17f7cbd18d7/.system_generated/tasks/task-42.log', LF will be replaced by CRLF the next time Git touches it
warning: in the working copy of 'antigravity/brain/c65c70e4-1473-4c30-bb91-f17f7cbd18d7/.system_generated/tasks/task-459.log', LF will be replaced by CRLF the next time Git touches it
warning: in the working copy of 'antigravity/brain/c65c70e4-1473-4c30-bb91-f17f7cbd18d7/.system_generated/tasks/task-46.log', LF will be replaced by CRLF the next time Git touches it
warning: in the working copy of 'antigravity/brain/c65c70e4-1473-4c30-bb91-f17f7cbd18d7/.system_generated/tasks/task-479.log', LF will be replaced by CRLF the next time Git touches it
warning: in the working copy of 'antigravity/brain/c65c70e4-1473-4c30-bb91-f17f7cbd18d7/.system_generated/tasks/task-513.log', LF will be replaced by CRLF the next time Git touches it
warning: in the working copy of 'antigravity/brain/c65c70e4-1473-4c30-bb91-f17f7cbd18d7/.system_generated/tasks/task-569.log', LF will be replaced by CRLF the next time Git touches it
warning: in the working copy of 'antigravity/brain/c65c70e4-1473-4c30-bb91-f17f7cbd18d7/implementation_plan.md', LF will be replaced by CRLF the next time Git touches it
warning: in the working copy of 'antigravity/brain/c65c70e4-1473-4c30-bb91-f17f7cbd18d7/implementation_plan.md.metadata.json', LF will be replaced by CRLF the next time Git touches it
warning: in the working copy of 'antigravity/brain/c65c70e4-1473-4c30-bb91-f17f7cbd18d7/portfolio_template.csv', LF will be replaced by CRLF the next time Git touches it
warning: in the working copy of 'antigravity/brain/c65c70e4-1473-4c30-bb91-f17f7cbd18d7/portfolio_template.csv.metadata.json', LF will be replaced by CRLF the next time Git touches it
warning: in the working copy of 'antigravity/brain/c65c70e4-1473-4c30-bb91-f17f7cbd18d7/task.md', LF will be replaced by CRLF the next time Git touches it
warning: in the working copy of 'antigravity/brain/c65c70e4-1473-4c30-bb91-f17f7cbd18d7/task.md.metadata.json', LF will be replaced by CRLF the next time Git touches it
warning: in the working copy of 'antigravity/brain/c65c70e4-1473-4c30-bb91-f17f7cbd18d7/walkthrough.md', LF will be replaced by CRLF the next time Git touches it
warning: in the working copy of 'antigravity/brain/c65c70e4-1473-4c30-bb91-f17f7cbd18d7/walkthrough.md.metadata.json', LF will be replaced by CRLF the next time Git touches it
warning: in the working copy of 'antigravity/brain/d1282cc8-5e94-4369-87f9-42588bfb625f/.system_generated/logs/transcript.jsonl', LF will be replaced by CRLF the next time Git touches it
warning: in the working copy of 'antigravity/brain/d1282cc8-5e94-4369-87f9-42588bfb625f/.system_generated/logs/transcript_full.jsonl', LF will be replaced by CRLF the next time Git touches it
warning: in the working copy of 'antigravity/brain/f43ccb5d-807c-497e-8d6d-b3d8563d9ba8/.system_generated/logs/transcript.jsonl', LF will be replaced by CRLF the next time Git touches it
warning: in the working copy of 'antigravity/brain/f43ccb5d-807c-497e-8d6d-b3d8563d9ba8/.system_generated/logs/transcript_full.jsonl', LF will be replaced by CRLF the next time Git touches it
warning: in the working copy of 'antigravity/brain/f43ccb5d-807c-497e-8d6d-b3d8563d9ba8/implementation_plan.md', LF will be replaced by CRLF the next time Git touches it
warning: in the working copy of 'antigravity/brain/f43ccb5d-807c-497e-8d6d-b3d8563d9ba8/implementation_plan.md.metadata.json', LF will be replaced by CRLF the next time Git touches it
warning: in the working copy of 'antigravity/brain/f43ccb5d-807c-497e-8d6d-b3d8563d9ba8/task.md', LF will be replaced by CRLF the next time Git touches it
warning: in the working copy of 'antigravity/brain/f43ccb5d-807c-497e-8d6d-b3d8563d9ba8/task.md.metadata.json', LF will be replaced by CRLF the next time Git touches it
warning: in the working copy of 'antigravity/brain/f43ccb5d-807c-497e-8d6d-b3d8563d9ba8/walkthrough.md', LF will be replaced by CRLF the next time Git touches it
warning: in the working copy of 'antigravity/brain/f43ccb5d-807c-497e-8d6d-b3d8563d9ba8/walkthrough.md.metadata.json', LF will be replaced by CRLF the next time Git touches it
warning: in the working copy of 'antigravity/brain/faa3c24d-130b-4553-a862-c87c4b4fffc0/.system_generated/logs/transcript.jsonl', LF will be replaced by CRLF the next time Git touches it
warning: in the working copy of 'antigravity/brain/faa3c24d-130b-4553-a862-c87c4b4fffc0/.system_generated/logs/transcript_full.jsonl', LF will be replaced by CRLF the next time Git touches it
warning: in the working copy of 'antigravity/brain/investment-portfolio-tracker/.gitignore', LF will be replaced by CRLF the next time Git touches it
warning: in the working copy of 'antigravity/brain/investment-portfolio-tracker/.oxlintrc.json', LF will be replaced by CRLF the next time Git touches it
warning: in the working copy of 'antigravity/brain/investment-portfolio-tracker/README.md', LF will be replaced by CRLF the next time Git touches it
warning: in the working copy of 'antigravity/brain/investment-portfolio-tracker/index.html', LF will be replaced by CRLF the next time Git touches it
warning: in the working copy of 'antigravity/brain/investment-portfolio-tracker/package-lock.json', LF will be replaced by CRLF the next time Git touches it
warning: in the working copy of 'antigravity/brain/investment-portfolio-tracker/package.json', LF will be replaced by CRLF the next time Git touches it
warning: in the working copy of 'antigravity/brain/investment-portfolio-tracker/public/icons.svg', LF will be replaced by CRLF the next time Git touches it
warning: in the working copy of 'antigravity/brain/investment-portfolio-tracker/src/App.css', LF will be replaced by CRLF the next time Git touches it
warning: in the working copy of 'antigravity/brain/investment-portfolio-tracker/src/App.tsx', LF will be replaced by CRLF the next time Git touches it
warning: in the working copy of 'antigravity/brain/investment-portfolio-tracker/src/assets/vite.svg', LF will be replaced by CRLF the next time Git touches it
warning: in the working copy of 'antigravity/brain/investment-portfolio-tracker/src/components/AiAdvisor.tsx', LF will be replaced by CRLF the next time Git touches it
warning: in the working copy of 'antigravity/brain/investment-portfolio-tracker/src/components/AiChat.tsx', LF will be replaced by CRLF the next time Git touches it
warning: in the working copy of 'antigravity/brain/investment-portfolio-tracker/src/components/ApiSettings.tsx', LF will be replaced by CRLF the next time Git touches it
warning: in the working copy of 'antigravity/brain/investment-portfolio-tracker/src/components/Dashboard.tsx', LF will be replaced by CRLF the next time Git touches it
warning: in the working copy of 'antigravity/brain/investment-portfolio-tracker/src/components/HoldingsList.tsx', LF will be replaced by CRLF the next time Git touches it
warning: in the working copy of 'antigravity/brain/investment-portfolio-tracker/src/components/TransactionModal.tsx', LF will be replaced by CRLF the next time Git touches it
warning: in the working copy of 'antigravity/brain/investment-portfolio-tracker/src/index.css', LF will be replaced by CRLF the next time Git touches it
warning: in the working copy of 'antigravity/brain/investment-portfolio-tracker/src/main.tsx', LF will be replaced by CRLF the next time Git touches it
warning: in the working copy of 'antigravity/brain/investment-portfolio-tracker/src/services/aiService.ts', LF will be replaced by CRLF the next time Git touches it
warning: in the working copy of 'antigravity/brain/investment-portfolio-tracker/src/services/financeApi.ts', LF will be replaced by CRLF the next time Git touches it
warning: in the working copy of 'antigravity/brain/investment-portfolio-tracker/test.json', LF will be replaced by CRLF the next time Git touches it
warning: in the working copy of 'antigravity/brain/investment-portfolio-tracker/tsconfig.app.json', LF will be replaced by CRLF the next time Git touches it
warning: in the working copy of 'antigravity/brain/investment-portfolio-tracker/tsconfig.json', LF will be replaced by CRLF the next time Git touches it
warning: in the working copy of 'antigravity/brain/investment-portfolio-tracker/tsconfig.node.json', LF will be replaced by CRLF the next time Git touches it
warning: in the working copy of 'antigravity/brain/investment-portfolio-tracker/vite.config.ts', LF will be replaced by CRLF the next time Git touches it
warning: in the working copy of 'antigravity/brain_backup/46cf95ba-2a42-498a-85fc-90c849dcd2ba/.system_generated/logs/transcript.jsonl', LF will be replaced by CRLF the next time Git touches it
warning: in the working copy of 'antigravity/brain_backup/46cf95ba-2a42-498a-85fc-90c849dcd2ba/.system_generated/logs/transcript_full.jsonl', LF will be replaced by CRLF the next time Git touches it
warning: in the working copy of 'antigravity/builtin/skills/antigravity_guide/SKILL.md', LF will be replaced by CRLF the next time Git touches it
warning: in the working copy of 'antigravity/builtin/skills/antigravity_guide/references/app.md', LF will be replaced by CRLF the next time Git touches it
warning: in the working copy of 'antigravity/builtin/skills/antigravity_guide/references/cli.md', LF will be replaced by CRLF the next time Git touches it
warning: in the working copy of 'antigravity/builtin/skills/antigravity_guide/references/ide.md', LF will be replaced by CRLF the next time Git touches it
warning: in the working copy of 'antigravity/builtin/skills/antigravity_guide/references/sdk.md', LF will be replaced by CRLF the next time Git touches it
warning: in the working copy of 'antigravity/scratch/asset-audit-system/app.js', LF will be replaced by CRLF the next time Git touches it
warning: in the working copy of 'antigravity/scratch/asset-audit-system/db-setup.sql', LF will be replaced by CRLF the next time Git touches it
warning: in the working copy of 'antigravity/scratch/asset-audit-system/index.html', LF will be replaced by CRLF the next time Git touches it
warning: in the working copy of 'antigravity/scratch/asset-audit-system/pdf-parser.js', LF will be replaced by CRLF the next time Git touches it
warning: in the working copy of 'antigravity/scratch/asset-audit-system/style.css', LF will be replaced by CRLF the next time Git touches it
warning: in the working copy of 'antigravity/scratch/asset-audit-system/supabase-service.js', LF will be replaced by CRLF the next time Git touches it
warning: in the working copy of 'antigravity/scratch/asset_audit_system/app.js', LF will be replaced by CRLF the next time Git touches it
warning: in the working copy of 'antigravity/scratch/asset_audit_system/db-setup.sql', LF will be replaced by CRLF the next time Git touches it
warning: in the working copy of 'antigravity/scratch/asset_audit_system/index.html', LF will be replaced by CRLF the next time Git touches it
warning: in the working copy of 'antigravity/scratch/asset_audit_system/pdf-parser.js', LF will be replaced by CRLF the next time Git touches it
warning: in the working copy of 'antigravity/scratch/asset_audit_system/style.css', LF will be replaced by CRLF the next time Git touches it
warning: in the working copy of 'antigravity/scratch/asset_audit_system/supabase-service.js', LF will be replaced by CRLF the next time Git touches it
warning: in the working copy of 'antigravity/scratch/asset_flow_conversation_history.md', LF will be replaced by CRLF the next time Git touches it
warning: in the working copy of 'antigravity/scratch/c65c70e4-1473-4c30-bb91-f17f7cbd18d7/.system_generated/logs/transcript.jsonl', LF will be replaced by CRLF the next time Git touches it
warning: in the working copy of 'antigravity/scratch/c65c70e4-1473-4c30-bb91-f17f7cbd18d7/.system_generated/logs/transcript_full.jsonl', LF will be replaced by CRLF the next time Git touches it
warning: in the working copy of 'antigravity/scratch/c65c70e4-1473-4c30-bb91-f17f7cbd18d7/.system_generated/tasks/task-100.log', LF will be replaced by CRLF the next time Git touches it
warning: in the working copy of 'antigravity/scratch/c65c70e4-1473-4c30-bb91-f17f7cbd18d7/.system_generated/tasks/task-1095.log', LF will be replaced by CRLF the next time Git touches it
warning: in the working copy of 'antigravity/scratch/c65c70e4-1473-4c30-bb91-f17f7cbd18d7/.system_generated/tasks/task-146.log', LF will be replaced by CRLF the next time Git touches it
warning: in the working copy of 'antigravity/scratch/c65c70e4-1473-4c30-bb91-f17f7cbd18d7/.system_generated/tasks/task-18.log', LF will be replaced by CRLF the next time Git touches it
warning: in the working copy of 'antigravity/scratch/c65c70e4-1473-4c30-bb91-f17f7cbd18d7/.system_generated/tasks/task-195.log', LF will be replaced by CRLF the next time Git touches it
warning: in the working copy of 'antigravity/scratch/c65c70e4-1473-4c30-bb91-f17f7cbd18d7/.system_generated/tasks/task-22.log', LF will be replaced by CRLF the next time Git touches it
warning: in the working copy of 'antigravity/scratch/c65c70e4-1473-4c30-bb91-f17f7cbd18d7/.system_generated/tasks/task-32.log', LF will be replaced by CRLF the next time Git touches it
warning: in the working copy of 'antigravity/scratch/c65c70e4-1473-4c30-bb91-f17f7cbd18d7/.system_generated/tasks/task-42.log', LF will be replaced by CRLF the next time Git touches it
warning: in the working copy of 'antigravity/scratch/c65c70e4-1473-4c30-bb91-f17f7cbd18d7/.system_generated/tasks/task-459.log', LF will be replaced by CRLF the next time Git touches it
warning: in the working copy of 'antigravity/scratch/c65c70e4-1473-4c30-bb91-f17f7cbd18d7/.system_generated/tasks/task-46.log', LF will be replaced by CRLF the next time Git touches it
warning: in the working copy of 'antigravity/scratch/c65c70e4-1473-4c30-bb91-f17f7cbd18d7/.system_generated/tasks/task-479.log', LF will be replaced by CRLF the next time Git touches it
warning: in the working copy of 'antigravity/scratch/c65c70e4-1473-4c30-bb91-f17f7cbd18d7/.system_generated/tasks/task-513.log', LF will be replaced by CRLF the next time Git touches it
warning: in the working copy of 'antigravity/scratch/c65c70e4-1473-4c30-bb91-f17f7cbd18d7/.system_generated/tasks/task-569.log', LF will be replaced by CRLF the next time Git touches it
warning: in the working copy of 'antigravity/scratch/c65c70e4-1473-4c30-bb91-f17f7cbd18d7/implementation_plan.md', LF will be replaced by CRLF the next time Git touches it
warning: in the working copy of 'antigravity/scratch/c65c70e4-1473-4c30-bb91-f17f7cbd18d7/implementation_plan.md.metadata.json', LF will be replaced by CRLF the next time Git touches it
warning: in the working copy of 'antigravity/scratch/c65c70e4-1473-4c30-bb91-f17f7cbd18d7/portfolio_template.csv', LF will be replaced by CRLF the next time Git touches it
warning: in the working copy of 'antigravity/scratch/c65c70e4-1473-4c30-bb91-f17f7cbd18d7/portfolio_template.csv.metadata.json', LF will be replaced by CRLF the next time Git touches it
warning: in the working copy of 'antigravity/scratch/c65c70e4-1473-4c30-bb91-f17f7cbd18d7/task.md', LF will be replaced by CRLF the next time Git touches it
warning: in the working copy of 'antigravity/scratch/c65c70e4-1473-4c30-bb91-f17f7cbd18d7/task.md.metadata.json', LF will be replaced by CRLF the next time Git touches it
warning: in the working copy of 'antigravity/scratch/c65c70e4-1473-4c30-bb91-f17f7cbd18d7/walkthrough.md', LF will be replaced by CRLF the next time Git touches it
warning: in the working copy of 'antigravity/scratch/c65c70e4-1473-4c30-bb91-f17f7cbd18d7/walkthrough.md.metadata.json', LF will be replaced by CRLF the next time Git touches it
warning: in the working copy of 'antigravity/scratch/c74aae43-d550-455a-9839-b6e8603c874e/.system_generated/logs/transcript.jsonl', LF will be replaced by CRLF the next time Git touches it
warning: in the working copy of 'antigravity/scratch/c74aae43-d550-455a-9839-b6e8603c874e/.system_generated/logs/transcript_full.jsonl', LF will be replaced by CRLF the next time Git touches it
warning: in the working copy of 'antigravity/scratch/c74aae43-d550-455a-9839-b6e8603c874e/.system_generated/tasks/task-76.log', LF will be replaced by CRLF the next time Git touches it
warning: in the working copy of 'antigravity/scratch/count_metadata_blobs.ps1', LF will be replaced by CRLF the next time Git touches it
warning: in the working copy of 'antigravity/scratch/dump_blob_f43.ps1', LF will be replaced by CRLF the next time Git touches it
warning: in the working copy of 'antigravity/scratch/dump_blob_strings.ps1', LF will be replaced by CRLF the next time Git touches it
warning: in the working copy of 'antigravity/scratch/dump_metadata.ps1', LF will be replaced by CRLF the next time Git touches it
warning: in the working copy of 'antigravity/scratch/f43ccb5d-807c-497e-8d6d-b3d8563d9ba8/.system_generated/logs/transcript.jsonl', LF will be replaced by CRLF the next time Git touches it
warning: in the working copy of 'antigravity/scratch/f43ccb5d-807c-497e-8d6d-b3d8563d9ba8/.system_generated/logs/transcript_full.jsonl', LF will be replaced by CRLF the next time Git touches it
warning: in the working copy of 'antigravity/scratch/f43ccb5d-807c-497e-8d6d-b3d8563d9ba8/implementation_plan.md', LF will be replaced by CRLF the next time Git touches it
warning: in the working copy of 'antigravity/scratch/f43ccb5d-807c-497e-8d6d-b3d8563d9ba8/implementation_plan.md.metadata.json', LF will be replaced by CRLF the next time Git touches it
warning: in the working copy of 'antigravity/scratch/f43ccb5d-807c-497e-8d6d-b3d8563d9ba8/task.md', LF will be replaced by CRLF the next time Git touches it
warning: in the working copy of 'antigravity/scratch/f43ccb5d-807c-497e-8d6d-b3d8563d9ba8/task.md.metadata.json', LF will be replaced by CRLF the next time Git touches it
warning: in the working copy of 'antigravity/scratch/f43ccb5d-807c-497e-8d6d-b3d8563d9ba8/walkthrough.md', LF will be replaced by CRLF the next time Git touches it
warning: in the working copy of 'antigravity/scratch/f43ccb5d-807c-497e-8d6d-b3d8563d9ba8/walkthrough.md.metadata.json', LF will be replaced by CRLF the next time Git touches it
warning: in the working copy of 'antigravity/scratch/g-patrol/.wrangler/cache/pages.json', LF will be replaced by CRLF the next time Git touches it
warning: in the working copy of 'antigravity/scratch/g-patrol/.wrangler/cache/wrangler-account.json', LF will be replaced by CRLF the next time Git touches it
warning: in the working copy of 'antigravity/scratch/g-patrol/.wrangler/tmp/bundle-l6A8GQ/middleware-insertion-facade.js', LF will be replaced by CRLF the next time Git touches it
warning: in the working copy of 'antigravity/scratch/g-patrol/.wrangler/tmp/bundle-l6A8GQ/middleware-loader.entry.ts', LF will be replaced by CRLF the next time Git touches it
warning: in the working copy of 'antigravity/scratch/g-patrol/.wrangler/tmp/dev-A6iUXV/no-op-worker.js', LF will be replaced by CRLF the next time Git touches it
warning: in the working copy of 'antigravity/scratch/g-patrol/.wrangler/tmp/dev-A6iUXV/no-op-worker.js.map', LF will be replaced by CRLF the next time Git touches it
warning: in the working copy of 'antigravity/scratch/g-patrol/CONVERSATION_SUMMARY.md', LF will be replaced by CRLF the next time Git touches it
warning: in the working copy of 'antigravity/scratch/g-patrol/app.js', LF will be replaced by CRLF the next time Git touches it
warning: in the working copy of 'antigravity/scratch/g-patrol/db-setup.sql', LF will be replaced by CRLF the next time Git touches it
warning: in the working copy of 'antigravity/scratch/g-patrol/db_update_zone.sql', LF will be replaced by CRLF the next time Git touches it
warning: in the working copy of 'antigravity/scratch/g-patrol/index.html', LF will be replaced by CRLF the next time Git touches it
warning: in the working copy of 'antigravity/scratch/g-patrol/pdf-parser.js', LF will be replaced by CRLF the next time Git touches it
warning: in the working copy of 'antigravity/scratch/g-patrol/scratch_check_db.js', LF will be replaced by CRLF the next time Git touches it
warning: in the working copy of 'antigravity/scratch/g-patrol/style.css', LF will be replaced by CRLF the next time Git touches it
warning: in the working copy of 'antigravity/scratch/g-patrol/supabase-service.js', LF will be replaced by CRLF the next time Git touches it
warning: adding embedded git repository: antigravity/scratch/investment-portfolio-tracker
hint: You've added another git repository inside your current repository.
hint: Clones of the outer repository will not contain the contents of
hint: the embedded repository and will not know how to obtain it.
hint: If you meant to add a submodule, use:
hint:
hint: 	git submodule add <url> antigravity/scratch/investment-portfolio-tracker
hint:
hint: If you added this path by mistake, you can remove it from the
hint: index with:
hint:
hint: 	git rm --cached antigravity/scratch/investment-portfolio-tracker
hint:
hint: See "git help submodule" for more information.
hint: Disable this message with "git config set advice.addEmbeddedRepo false"
warning: in the working copy of 'antigravity/scratch/node/node-v20.11.1-win-x64/node_modules/corepack/shims/corepack', LF will be replaced by CRLF the next time Git touches it
warning: in the working copy of 'antigravity/scratch/node/node-v20.11.1-win-x64/node_modules/npm/bin/npm', LF will be replaced by CRLF the next time Git touches it
warning: in the working copy of 'antigravity/scratch/node/node-v20.11.1-win-x64/node_modules/npm/bin/npx', LF will be replaced by CRLF the next time Git touches it
warning: in the working copy of 'antigravity/scratch/node/node-v20.11.1-win-x64/npm', LF will be replaced by CRLF the next time Git touches it
warning: in the working copy of 'antigravity/scratch/node/node-v20.11.1-win-x64/npx', LF will be replaced by CRLF the next time Git touches it
warning: in the working copy of 'antigravity/scratch/parse_transcript.ps1', LF will be replaced by CRLF the next time Git touches it
warning: in the working copy of 'antigravity/scratch/parse_transcript_no_thai.ps1', LF will be replaced by CRLF the next time Git touches it
warning: in the working copy of 'antigravity/scratch/read_db_strings.ps1', LF will be replaced by CRLF the next time Git touches it
warning: in the working copy of 'antigravity/scratch/search_sqlite.ps1', LF will be replaced by CRLF the next time Git touches it
warning: in the working copy of 'config/config.json', LF will be replaced by CRLF the next time Git touches it
warning: in the working copy of 'config/plugins/android-cli-plugin/plugin.json', LF will be replaced by CRLF the next time Git touches it
warning: in the working copy of 'config/plugins/android-cli-plugin/skills/SKILL.md', LF will be replaced by CRLF the next time Git touches it
warning: in the working copy of 'config/plugins/android-cli-plugin/skills/references/interact.md', LF will be replaced by CRLF the next time Git touches it
warning: in the working copy of 'config/plugins/android-cli-plugin/skills/references/journeys.md', LF will be replaced by CRLF the next time Git touches it
warning: in the working copy of 'config/plugins/chrome-devtools-plugin/plugin.json', LF will be replaced by CRLF the next time Git touches it
warning: in the working copy of 'config/plugins/firebase/plugin.json', LF will be replaced by CRLF the next time Git touches it
warning: in the working copy of 'config/plugins/flutter/plugin.json', LF will be replaced by CRLF the next time Git touches it
warning: in the working copy of 'config/plugins/google-antigravity-sdk/plugin.json', LF will be replaced by CRLF the next time Git touches it
warning: in the working copy of 'config/plugins/modern-web-guidance-plugin/README.md', LF will be replaced by CRLF the next time Git touches it
warning: in the working copy of 'config/plugins/modern-web-guidance-plugin/gemini-extension.json', LF will be replaced by CRLF the next time Git touches it
warning: in the working copy of 'config/plugins/modern-web-guidance-plugin/plugin.json', LF will be replaced by CRLF the next time Git touches it
warning: in the working copy of 'config/plugins/science/CONTRIBUTING.md', LF will be replaced by CRLF the next time Git touches it
warning: in the working copy of 'config/plugins/science/LICENSE', LF will be replaced by CRLF the next time Git touches it
warning: in the working copy of 'config/plugins/science/README.md', LF will be replaced by CRLF the next time Git touches it
warning: in the working copy of 'config/plugins/science/SKILL_LICENSES.md', LF will be replaced by CRLF the next time Git touches it
warning: in the working copy of 'config/plugins/science/plugin.json', LF will be replaced by CRLF the next time Git touches it
warning: in the working copy of 'config/plugins/science/skills/alphafold_database_fetch_and_analyze/SKILL.md', LF will be replaced by CRLF the next time Git touches it
warning: in the working copy of 'config/plugins/science/skills/alphafold_database_fetch_and_analyze/references/citation.bib', LF will be replaced by CRLF the next time Git touches it
warning: in the working copy of 'config/plugins/science/skills/alphafold_database_fetch_and_analyze/scripts/analyze_pae.py', LF will be replaced by CRLF the next time Git touches it
warning: in the working copy of 'config/plugins/science/skills/alphafold_database_fetch_and_analyze/scripts/analyze_plddt.py', LF will be replaced by CRLF the next time Git touches it
warning: in the working copy of 'config/plugins/science/skills/alphafold_database_fetch_and_analyze/scripts/fetch_structure.py', LF will be replaced by CRLF the next time Git touches it
warning: in the working copy of 'config/plugins/science/skills/alphagenome_single_variant_analysis/SKILL.md', LF will be replaced by CRLF the next time Git touches it
warning: in the working copy of 'config/plugins/science/skills/alphagenome_single_variant_analysis/docs/alphagenome-api.md', LF will be replaced by CRLF the next time Git touches it
warning: in the working copy of 'config/plugins/science/skills/alphagenome_single_variant_analysis/docs/examples/model_limitation_RNU4ATAC/README.md', LF will be replaced by CRLF the next time Git touches it
warning: in the working copy of 'config/plugins/science/skills/alphagenome_single_variant_analysis/docs/examples/model_limitation_RNU4ATAC/report.md', LF will be replaced by CRLF the next time Git touches it
warning: in the working copy of 'config/plugins/science/skills/alphagenome_single_variant_analysis/docs/examples/negative_result_GATA4/README.md', LF will be replaced by CRLF the next time Git touches it
warning: in the working copy of 'config/plugins/science/skills/alphagenome_single_variant_analysis/docs/examples/negative_result_GATA4/report.md', LF will be replaced by CRLF the next time Git touches it
warning: in the working copy of 'config/plugins/science/skills/alphagenome_single_variant_analysis/docs/examples/negative_result_TGFB3/README.md', LF will be replaced by CRLF the next time Git touches it
warning: in the working copy of 'config/plugins/science/skills/alphagenome_single_variant_analysis/docs/examples/negative_result_TGFB3/report.md', LF will be replaced by CRLF the next time Git touches it
warning: in the working copy of 'config/plugins/science/skills/alphagenome_single_variant_analysis/docs/examples/polyadenylation_HBA2/README.md', LF will be replaced by CRLF the next time Git touches it
warning: in the working copy of 'config/plugins/science/skills/alphagenome_single_variant_analysis/docs/examples/polyadenylation_HBA2/report.md', LF will be replaced by CRLF the next time Git touches it
warning: in the working copy of 'config/plugins/science/skills/alphagenome_single_variant_analysis/docs/examples/regulatory/README.md', LF will be replaced by CRLF the next time Git touches it
warning: in the working copy of 'config/plugins/science/skills/alphagenome_single_variant_analysis/docs/examples/regulatory/apoa1_promoter/report.md', LF will be replaced by CRLF the next time Git touches it
warning: in the working copy of 'config/plugins/science/skills/alphagenome_single_variant_analysis/docs/examples/splicing/README.md', LF will be replaced by CRLF the next time Git touches it
warning: in the working copy of 'config/plugins/science/skills/alphagenome_single_variant_analysis/docs/examples/splicing/col6a2_report.md', LF will be replaced by CRLF the next time Git touches it
warning: in the working copy of 'config/plugins/science/skills/alphagenome_single_variant_analysis/docs/examples/splicing/dlg1_report.md', LF will be replaced by CRLF the next time Git touches it
warning: in the working copy of 'config/plugins/science/skills/alphagenome_single_variant_analysis/docs/interpretation-guide.md', LF will be replaced by CRLF the next time Git touches it
warning: in the working copy of 'config/plugins/science/skills/alphagenome_single_variant_analysis/docs/report-templates.md', LF will be replaced by CRLF the next time Git touches it
warning: in the working copy of 'config/plugins/science/skills/alphagenome_single_variant_analysis/pyproject.toml', LF will be replaced by CRLF the next time Git touches it
warning: in the working copy of 'config/plugins/science/skills/alphagenome_single_variant_analysis/references/citation.bib', LF will be replaced by CRLF the next time Git touches it
warning: in the working copy of 'config/plugins/science/skills/alphagenome_single_variant_analysis/scripts/analyze_ism.py', LF will be replaced by CRLF the next time Git touches it
warning: in the working copy of 'config/plugins/science/skills/alphagenome_single_variant_analysis/scripts/generate_ontology_mapping.py', LF will be replaced by CRLF the next time Git touches it
warning: in the working copy of 'config/plugins/science/skills/alphagenome_single_variant_analysis/scripts/interpret_splicing.py', LF will be replaced by CRLF the next time Git touches it
warning: in the working copy of 'config/plugins/science/skills/alphagenome_single_variant_analysis/scripts/lookup_gene_info.py', LF will be replaced by CRLF the next time Git touches it
warning: in the working copy of 'config/plugins/science/skills/alphagenome_single_variant_analysis/scripts/resolve_ontology_terms.py', LF will be replaced by CRLF the next time Git touches it
warning: in the working copy of 'config/plugins/science/skills/alphagenome_single_variant_analysis/scripts/visualize_genome_tracks.py', LF will be replaced by CRLF the next time Git touches it
warning: in the working copy of 'config/plugins/science/skills/alphagenome_single_variant_analysis/scripts/visualize_variant_effects.py', LF will be replaced by CRLF the next time Git touches it
warning: in the working copy of 'config/plugins/science/skills/chembl_database/SKILL.md', LF will be replaced by CRLF the next time Git touches it
warning: in the working copy of 'config/plugins/science/skills/chembl_database/references/api_endpoints.md', LF will be replaced by CRLF the next time Git touches it
warning: in the working copy of 'config/plugins/science/skills/chembl_database/references/citation.bib', LF will be replaced by CRLF the next time Git touches it
warning: in the working copy of 'config/plugins/science/skills/chembl_database/scripts/chembl_api.py', LF will be replaced by CRLF the next time Git touches it
warning: in the working copy of 'config/plugins/science/skills/clinical_trials_database/SKILL.md', LF will be replaced by CRLF the next time Git touches it
warning: in the working copy of 'config/plugins/science/skills/clinical_trials_database/references/citation.bib', LF will be replaced by CRLF the next time Git touches it
warning: in the working copy of 'config/plugins/science/skills/clinical_trials_database/references/clinical_trials_api.md', LF will be replaced by CRLF the next time Git touches it
warning: in the working copy of 'config/plugins/science/skills/clinical_trials_database/references/studies_schema.md', LF will be replaced by CRLF the next time Git touches it
warning: in the working copy of 'config/plugins/science/skills/clinical_trials_database/scripts/clinical_trials_api.py', LF will be replaced by CRLF the next time Git touches it
warning: in the working copy of 'config/plugins/science/skills/clinvar_database/SKILL.md', LF will be replaced by CRLF the next time Git touches it
warning: in the working copy of 'config/plugins/science/skills/clinvar_database/references/citation.bib', LF will be replaced by CRLF the next time Git touches it
warning: in the working copy of 'config/plugins/science/skills/clinvar_database/scripts/clinvar_api.py', LF will be replaced by CRLF the next time Git touches it
warning: in the working copy of 'config/plugins/science/skills/credentials/SKILL.md', LF will be replaced by CRLF the next time Git touches it
warning: in the working copy of 'config/plugins/science/skills/dbsnp_database/SKILL.md', LF will be replaced by CRLF the next time Git touches it
warning: in the working copy of 'config/plugins/science/skills/dbsnp_database/references/api-notes.md', LF will be replaced by CRLF the next time Git touches it
warning: in the working copy of 'config/plugins/science/skills/dbsnp_database/references/citation.bib', LF will be replaced by CRLF the next time Git touches it
warning: in the working copy of 'config/plugins/science/skills/dbsnp_database/scripts/dbsnp_cli.py', LF will be replaced by CRLF the next time Git touches it
warning: in the working copy of 'config/plugins/science/skills/embl_ebi_ols/SKILL.md', LF will be replaced by CRLF the next time Git touches it
warning: in the working copy of 'config/plugins/science/skills/embl_ebi_ols/references/api_reference.md', LF will be replaced by CRLF the next time Git touches it
warning: in the working copy of 'config/plugins/science/skills/embl_ebi_ols/references/citation.bib', LF will be replaced by CRLF the next time Git touches it
warning: in the working copy of 'config/plugins/science/skills/embl_ebi_ols/scripts/get_individual.py', LF will be replaced by CRLF the next time Git touches it
warning: in the working copy of 'config/plugins/science/skills/embl_ebi_ols/scripts/get_ontology.py', LF will be replaced by CRLF the next time Git touches it
warning: in the working copy of 'config/plugins/science/skills/embl_ebi_ols/scripts/get_property.py', LF will be replaced by CRLF the next time Git touches it
warning: in the working copy of 'config/plugins/science/skills/embl_ebi_ols/scripts/get_stats.py', LF will be replaced by CRLF the next time Git touches it
warning: in the working copy of 'config/plugins/science/skills/embl_ebi_ols/scripts/get_term.py', LF will be replaced by CRLF the next time Git touches it
warning: in the working copy of 'config/plugins/science/skills/embl_ebi_ols/scripts/ols_utils.py', LF will be replaced by CRLF the next time Git touches it
warning: in the working copy of 'config/plugins/science/skills/embl_ebi_ols/scripts/search_ols.py', LF will be replaced by CRLF the next time Git touches it
warning: in the working copy of 'config/plugins/science/skills/embl_ebi_ols/scripts/suggest_ols.py', LF will be replaced by CRLF the next time Git touches it
warning: in the working copy of 'config/plugins/science/skills/encode_ccres_database/SKILL.md', LF will be replaced by CRLF the next time Git touches it
warning: in the working copy of 'config/plugins/science/skills/encode_ccres_database/references/citation.bib', LF will be replaced by CRLF the next time Git touches it
warning: in the working copy of 'config/plugins/science/skills/encode_ccres_database/references/graphql_schema.md', LF will be replaced by CRLF the next time Git touches it
warning: in the working copy of 'config/plugins/science/skills/encode_ccres_database/references/json_output_structure.md', LF will be replaced by CRLF the next time Git touches it
warning: in the working copy of 'config/plugins/science/skills/encode_ccres_database/scripts/encode_portal_api.py', LF will be replaced by CRLF the next time Git touches it
warning: in the working copy of 'config/plugins/science/skills/encode_ccres_database/scripts/screen_api.py', LF will be replaced by CRLF the next time Git touches it
warning: in the working copy of 'config/plugins/science/skills/ensembl_database/SKILL.md', LF will be replaced by CRLF the next time Git touches it
warning: in the working copy of 'config/plugins/science/skills/ensembl_database/references/citation.bib', LF will be replaced by CRLF the next time Git touches it
warning: in the working copy of 'config/plugins/science/skills/ensembl_database/references/ensembl_rest_api_reference.md', LF will be replaced by CRLF the next time Git touches it
warning: in the working copy of 'config/plugins/science/skills/ensembl_database/scripts/ensembl_api.py', LF will be replaced by CRLF the next time Git touches it
warning: in the working copy of 'config/plugins/science/skills/foldseek_structural_search/SKILL.md', LF will be replaced by CRLF the next time Git touches it
warning: in the working copy of 'config/plugins/science/skills/foldseek_structural_search/references/citation.bib', LF will be replaced by CRLF the next time Git touches it
warning: in the working copy of 'config/plugins/science/skills/foldseek_structural_search/scripts/search.py', LF will be replaced by CRLF the next time Git touches it
warning: in the working copy of 'config/plugins/science/skills/gnomad_database/SKILL.md', LF will be replaced by CRLF the next time Git touches it
warning: in the working copy of 'config/plugins/science/skills/gnomad_database/references/citation.bib', LF will be replaced by CRLF the next time Git touches it
warning: in the working copy of 'config/plugins/science/skills/gnomad_database/scripts/get_gene_constraint.py', LF will be replaced by CRLF the next time Git touches it
warning: in the working copy of 'config/plugins/science/skills/gnomad_database/scripts/get_variant_frequency.py', LF will be replaced by CRLF the next time Git touches it
warning: in the working copy of 'config/plugins/science/skills/gnomad_database/scripts/search_variants.py', LF will be replaced by CRLF the next time Git touches it
warning: in the working copy of 'config/plugins/science/skills/gtex_database/SKILL.md', LF will be replaced by CRLF the next time Git touches it
warning: in the working copy of 'config/plugins/science/skills/gtex_database/references/citation.bib', LF will be replaced by CRLF the next time Git touches it
warning: in the working copy of 'config/plugins/science/skills/gtex_database/scripts/gtex_cli.py', LF will be replaced by CRLF the next time Git touches it
warning: in the working copy of 'config/plugins/science/skills/human_protein_atlas_database/SKILL.md', LF will be replaced by CRLF the next time Git touches it
warning: in the working copy of 'config/plugins/science/skills/human_protein_atlas_database/references/citation.bib', LF will be replaced by CRLF the next time Git touches it
warning: in the working copy of 'config/plugins/science/skills/human_protein_atlas_database/references/search-api.md', LF will be replaced by CRLF the next time Git touches it
warning: in the working copy of 'config/plugins/science/skills/human_protein_atlas_database/scripts/hpa_cli.py', LF will be replaced by CRLF the next time Git touches it
warning: in the working copy of 'config/plugins/science/skills/interpro_database/SKILL.md', LF will be replaced by CRLF the next time Git touches it
warning: in the working copy of 'config/plugins/science/skills/interpro_database/references/api_reference.md', LF will be replaced by CRLF the next time Git touches it
warning: in the working copy of 'config/plugins/science/skills/interpro_database/references/citation.bib', LF will be replaced by CRLF the next time Git touches it
warning: in the working copy of 'config/plugins/science/skills/interpro_database/references/example_responses.tsv', LF will be replaced by CRLF the next time Git touches it
warning: in the working copy of 'config/plugins/science/skills/interpro_database/scripts/interpro_client.py', LF will be replaced by CRLF the next time Git touches it
warning: in the working copy of 'config/plugins/science/skills/jaspar_database/SKILL.md', LF will be replaced by CRLF the next time Git touches it
warning: in the working copy of 'config/plugins/science/skills/jaspar_database/references/citation.bib', LF will be replaced by CRLF the next time Git touches it
warning: in the working copy of 'config/plugins/science/skills/jaspar_database/scripts/jaspar_api.py', LF will be replaced by CRLF the next time Git touches it
warning: in the working copy of 'config/plugins/science/skills/literature_search_arxiv/SKILL.md', LF will be replaced by CRLF the next time Git touches it
warning: in the working copy of 'config/plugins/science/skills/literature_search_arxiv/references/citation.bib', LF will be replaced by CRLF the next time Git touches it
warning: in the working copy of 'config/plugins/science/skills/literature_search_arxiv/references/query_syntax.md', LF will be replaced by CRLF the next time Git touches it
warning: in the working copy of 'config/plugins/science/skills/literature_search_arxiv/scripts/download_paper.py', LF will be replaced by CRLF the next time Git touches it
warning: in the working copy of 'config/plugins/science/skills/literature_search_arxiv/scripts/download_paper_source.py', LF will be replaced by CRLF the next time Git touches it
warning: in the working copy of 'config/plugins/science/skills/literature_search_arxiv/scripts/search_arxiv.py', LF will be replaced by CRLF the next time Git touches it
warning: in the working copy of 'config/plugins/science/skills/literature_search_biorxiv/SKILL.md', LF will be replaced by CRLF the next time Git touches it
warning: in the working copy of 'config/plugins/science/skills/literature_search_biorxiv/references/citation.bib', LF will be replaced by CRLF the next time Git touches it
warning: in the working copy of 'config/plugins/science/skills/literature_search_biorxiv/scripts/search_by_dates.py', LF will be replaced by CRLF the next time Git touches it
warning: in the working copy of 'config/plugins/science/skills/literature_search_biorxiv/scripts/search_by_doi.py', LF will be replaced by CRLF the next time Git touches it
warning: in the working copy of 'config/plugins/science/skills/literature_search_europepmc/SKILL.md', LF will be replaced by CRLF the next time Git touches it
warning: in the working copy of 'config/plugins/science/skills/literature_search_europepmc/references/citation.bib', LF will be replaced by CRLF the next time Git touches it
warning: in the working copy of 'config/plugins/science/skills/literature_search_europepmc/scripts/europepmc_api.py', LF will be replaced by CRLF the next time Git touches it
warning: in the working copy of 'config/plugins/science/skills/literature_search_openalex/SKILL.md', LF will be replaced by CRLF the next time Git touches it
warning: in the working copy of 'config/plugins/science/skills/literature_search_openalex/references/authors.md', LF will be replaced by CRLF the next time Git touches it
warning: in the working copy of 'config/plugins/science/skills/literature_search_openalex/references/citation.bib', LF will be replaced by CRLF the next time Git touches it
warning: in the working copy of 'config/plugins/science/skills/literature_search_openalex/references/geo_and_language.md', LF will be replaced by CRLF the next time Git touches it
warning: in the working copy of 'config/plugins/science/skills/literature_search_openalex/references/institutions.md', LF will be replaced by CRLF the next time Git touches it
warning: in the working copy of 'config/plugins/science/skills/literature_search_openalex/references/publishers_funders.md', LF will be replaced by CRLF the next time Git touches it
warning: in the working copy of 'config/plugins/science/skills/literature_search_openalex/references/sources.md', LF will be replaced by CRLF the next time Git touches it
warning: in the working copy of 'config/plugins/science/skills/literature_search_openalex/references/taxonomy.md', LF will be replaced by CRLF the next time Git touches it
warning: in the working copy of 'config/plugins/science/skills/literature_search_openalex/references/topics.md', LF will be replaced by CRLF the next time Git touches it
warning: in the working copy of 'config/plugins/science/skills/literature_search_openalex/references/type_values.md', LF will be replaced by CRLF the next time Git touches it
warning: in the working copy of 'config/plugins/science/skills/literature_search_openalex/references/works.md', LF will be replaced by CRLF the next time Git touches it
warning: in the working copy of 'config/plugins/science/skills/literature_search_openalex/scripts/openalex_cli.py', LF will be replaced by CRLF the next time Git touches it
warning: in the working copy of 'config/plugins/science/skills/ncbi_sequence_fetch/SKILL.md', LF will be replaced by CRLF the next time Git touches it
warning: in the working copy of 'config/plugins/science/skills/ncbi_sequence_fetch/references/citation.bib', LF will be replaced by CRLF the next time Git touches it
warning: in the working copy of 'config/plugins/science/skills/ncbi_sequence_fetch/scripts/ncbi_fetch.py', LF will be replaced by CRLF the next time Git touches it
warning: in the working copy of 'config/plugins/science/skills/openfda_database/SKILL.md', LF will be replaced by CRLF the next time Git touches it
warning: in the working copy of 'config/plugins/science/skills/openfda_database/references/api_endpoints.md', LF will be replaced by CRLF the next time Git touches it
warning: in the working copy of 'config/plugins/science/skills/openfda_database/references/citation.bib', LF will be replaced by CRLF the next time Git touches it
warning: in the working copy of 'config/plugins/science/skills/openfda_database/references/recipes.md', LF will be replaced by CRLF the next time Git touches it
warning: in the working copy of 'config/plugins/science/skills/openfda_database/scripts/openfda_query.py', LF will be replaced by CRLF the next time Git touches it
warning: in the working copy of 'config/plugins/science/skills/opentargets_database/SKILL.md', LF will be replaced by CRLF the next time Git touches it
warning: in the working copy of 'config/plugins/science/skills/opentargets_database/references/OpenTargets_GraphQL_Guide.md', LF will be replaced by CRLF the next time Git touches it
warning: in the working copy of 'config/plugins/science/skills/opentargets_database/references/citation.bib', LF will be replaced by CRLF the next time Git touches it
warning: in the working copy of 'config/plugins/science/skills/opentargets_database/scripts/query_opentargets.py', LF will be replaced by CRLF the next time Git touches it
warning: in the working copy of 'config/plugins/science/skills/pdb_database/SKILL.md', LF will be replaced by CRLF the next time Git touches it
warning: in the working copy of 'config/plugins/science/skills/pdb_database/references/citation.bib', LF will be replaced by CRLF the next time Git touches it
warning: in the working copy of 'config/plugins/science/skills/pdb_database/scripts/download_coordinate_files.py', LF will be replaced by CRLF the next time Git touches it
warning: in the working copy of 'config/plugins/science/skills/pdb_database/scripts/fetch_pdb_metadata.py', LF will be replaced by CRLF the next time Git touches it
warning: in the working copy of 'config/plugins/science/skills/pdb_database/scripts/fetch_schema.py', LF will be replaced by CRLF the next time Git touches it
warning: in the working copy of 'config/plugins/science/skills/pdb_database/scripts/search_pdb.py', LF will be replaced by CRLF the next time Git touches it
warning: in the working copy of 'config/plugins/science/skills/predictingthepast/SKILL.md', LF will be replaced by CRLF the next time Git touches it
warning: in the working copy of 'config/plugins/science/skills/predictingthepast/references/iphi-region-sub-loc.json', LF will be replaced by CRLF the next time Git touches it
warning: in the working copy of 'config/plugins/science/skills/predictingthepast/references/iphi-region-sub.txt', LF will be replaced by CRLF the next time Git touches it
warning: in the working copy of 'config/plugins/science/skills/predictingthepast/references/led-proper-names.txt', LF will be replaced by CRLF the next time Git touches it
warning: in the working copy of 'config/plugins/science/skills/predictingthepast/references/led-region-sub-loc.json', LF will be replaced by CRLF the next time Git touches it
warning: in the working copy of 'config/plugins/science/skills/predictingthepast/references/led-region-sub.txt', LF will be replaced by CRLF the next time Git touches it
warning: in the working copy of 'config/plugins/science/skills/predictingthepast/references/output_format.md', LF will be replaced by CRLF the next time Git touches it
warning: in the working copy of 'config/plugins/science/skills/predictingthepast/scripts/preprocess.py', LF will be replaced by CRLF the next time Git touches it
warning: in the working copy of 'config/plugins/science/skills/predictingthepast/scripts/run_inference.py', LF will be replaced by CRLF the next time Git touches it
warning: in the working copy of 'config/plugins/science/skills/predictingthepast/scripts/visualize_results.py', LF will be replaced by CRLF the next time Git touches it
warning: in the working copy of 'config/plugins/science/skills/protein_sequence_msa/SKILL.md', LF will be replaced by CRLF the next time Git touches it
warning: in the working copy of 'config/plugins/science/skills/protein_sequence_msa/references/citation.bib', LF will be replaced by CRLF the next time Git touches it
warning: in the working copy of 'config/plugins/science/skills/protein_sequence_msa/scripts/msa_align.py', LF will be replaced by CRLF the next time Git touches it
warning: in the working copy of 'config/plugins/science/skills/protein_sequence_similarity_search/SKILL.md', LF will be replaced by CRLF the next time Git touches it
warning: in the working copy of 'config/plugins/science/skills/protein_sequence_similarity_search/references/citation.bib', LF will be replaced by CRLF the next time Git touches it
warning: in the working copy of 'config/plugins/science/skills/protein_sequence_similarity_search/scripts/mmseqs2_search.py', LF will be replaced by CRLF the next time Git touches it
warning: in the working copy of 'config/plugins/science/skills/protein_sequence_similarity_search/scripts/uniprot_blast.py', LF will be replaced by CRLF the next time Git touches it
warning: in the working copy of 'config/plugins/science/skills/pubchem_database/SKILL.md', LF will be replaced by CRLF the next time Git touches it
warning: in the working copy of 'config/plugins/science/skills/pubchem_database/references/citation.bib', LF will be replaced by CRLF the next time Git touches it
warning: in the working copy of 'config/plugins/science/skills/pubchem_database/references/endpoints.md', LF will be replaced by CRLF the next time Git touches it
warning: in the working copy of 'config/plugins/science/skills/pubchem_database/references/workflows.md', LF will be replaced by CRLF the next time Git touches it
warning: in the working copy of 'config/plugins/science/skills/pubchem_database/scripts/pubchem_api.py', LF will be replaced by CRLF the next time Git touches it
warning: in the working copy of 'config/plugins/science/skills/pubmed_database/SKILL.md', LF will be replaced by CRLF the next time Git touches it
warning: in the working copy of 'config/plugins/science/skills/pubmed_database/references/advanced-linking.md', LF will be replaced by CRLF the next time Git touches it
warning: in the working copy of 'config/plugins/science/skills/pubmed_database/references/advanced-search.md', LF will be replaced by CRLF the next time Git touches it
warning: in the working copy of 'config/plugins/science/skills/pubmed_database/references/bulk-workflows.md', LF will be replaced by CRLF the next time Git touches it
warning: in the working copy of 'config/plugins/science/skills/pubmed_database/references/citation-matching.md', LF will be replaced by CRLF the next time Git touches it
warning: in the working copy of 'config/plugins/science/skills/pubmed_database/references/citation.bib', LF will be replaced by CRLF the next time Git touches it
warning: in the working copy of 'config/plugins/science/skills/pubmed_database/references/cross-database-linking.md', LF will be replaced by CRLF the next time Git touches it
warning: in the working copy of 'config/plugins/science/skills/pubmed_database/references/fetch-and-resolve.md', LF will be replaced by CRLF the next time Git touches it
warning: in the working copy of 'config/plugins/science/skills/pubmed_database/references/search-and-discovery.md', LF will be replaced by CRLF the next time Git touches it
warning: in the working copy of 'config/plugins/science/skills/pubmed_database/references/utilities.md', LF will be replaced by CRLF the next time Git touches it
warning: in the working copy of 'config/plugins/science/skills/pubmed_database/scripts/pubmed_api.py', LF will be replaced by CRLF the next time Git touches it
warning: in the working copy of 'config/plugins/science/skills/pymol/SKILL.md', LF will be replaced by CRLF the next time Git touches it
warning: in the working copy of 'config/plugins/science/skills/pymol/references/PYMOL_REFERENCE.md', LF will be replaced by CRLF the next time Git touches it
warning: in the working copy of 'config/plugins/science/skills/pymol/references/RECIPES.md', LF will be replaced by CRLF the next time Git touches it
warning: in the working copy of 'config/plugins/science/skills/pymol/references/citation.bib', LF will be replaced by CRLF the next time Git touches it
warning: in the working copy of 'config/plugins/science/skills/quickgo_database/SKILL.md', LF will be replaced by CRLF the next time Git touches it
warning: in the working copy of 'config/plugins/science/skills/quickgo_database/references/annotations.md', LF will be replaced by CRLF the next time Git touches it
warning: in the working copy of 'config/plugins/science/skills/quickgo_database/references/citation.bib', LF will be replaced by CRLF the next time Git touches it
warning: in the working copy of 'config/plugins/science/skills/quickgo_database/references/eco_terms.md', LF will be replaced by CRLF the next time Git touches it
warning: in the working copy of 'config/plugins/science/skills/quickgo_database/references/gene_products.md', LF will be replaced by CRLF the next time Git touches it
warning: in the working copy of 'config/plugins/science/skills/quickgo_database/references/go_terms.md', LF will be replaced by CRLF the next time Git touches it
warning: in the working copy of 'config/plugins/science/skills/quickgo_database/scripts/quickgo_tool.py', LF will be replaced by CRLF the next time Git touches it
warning: in the working copy of 'config/plugins/science/skills/reactome_database/SKILL.md', LF will be replaced by CRLF the next time Git touches it
warning: in the working copy of 'config/plugins/science/skills/reactome_database/references/api_reference.md', LF will be replaced by CRLF the next time Git touches it
warning: in the working copy of 'config/plugins/science/skills/reactome_database/references/citation.bib', LF will be replaced by CRLF the next time Git touches it
warning: in the working copy of 'config/plugins/science/skills/reactome_database/scripts/reactome_analysis.py', LF will be replaced by CRLF the next time Git touches it
warning: in the working copy of 'config/plugins/science/skills/scienceskillscommon/SKILL.md', LF will be replaced by CRLF the next time Git touches it
warning: in the working copy of 'config/plugins/science/skills/scienceskillscommon/__init__.py', LF will be replaced by CRLF the next time Git touches it
warning: in the working copy of 'config/plugins/science/skills/scienceskillscommon/http_client.py', LF will be replaced by CRLF the next time Git touches it
warning: in the working copy of 'config/plugins/science/skills/scienceskillscommon/pyproject.toml', LF will be replaced by CRLF the next time Git touches it
warning: in the working copy of 'config/plugins/science/skills/string_database/SKILL.md', LF will be replaced by CRLF the next time Git touches it
warning: in the working copy of 'config/plugins/science/skills/string_database/references/citation.bib', LF will be replaced by CRLF the next time Git touches it
warning: in the working copy of 'config/plugins/science/skills/string_database/references/enrichment.md', LF will be replaced by CRLF the next time Git touches it
warning: in the working copy of 'config/plugins/science/skills/string_database/references/interactions.md', LF will be replaced by CRLF the next time Git touches it
warning: in the working copy of 'config/plugins/science/skills/string_database/references/mapping.md', LF will be replaced by CRLF the next time Git touches it
warning: in the working copy of 'config/plugins/science/skills/string_database/references/valuesranks.md', LF will be replaced by CRLF the next time Git touches it
warning: in the working copy of 'config/plugins/science/skills/string_database/scripts/string_cli.py', LF will be replaced by CRLF the next time Git touches it
warning: in the working copy of 'config/plugins/science/skills/ucsc_conservation_and_tfbs/SKILL.md', LF will be replaced by CRLF the next time Git touches it
warning: in the working copy of 'config/plugins/science/skills/ucsc_conservation_and_tfbs/references/citation.bib', LF will be replaced by CRLF the next time Git touches it
warning: in the working copy of 'config/plugins/science/skills/ucsc_conservation_and_tfbs/scripts/get_conservation.py', LF will be replaced by CRLF the next time Git touches it
warning: in the working copy of 'config/plugins/science/skills/ucsc_conservation_and_tfbs/scripts/get_tfbs.py', LF will be replaced by CRLF the next time Git touches it
warning: in the working copy of 'config/plugins/science/skills/ucsc_conservation_and_tfbs/scripts/list_tracks.py', LF will be replaced by CRLF the next time Git touches it
warning: in the working copy of 'config/plugins/science/skills/unibind_database/SKILL.md', LF will be replaced by CRLF the next time Git touches it
warning: in the working copy of 'config/plugins/science/skills/unibind_database/references/citation.bib', LF will be replaced by CRLF the next time Git touches it
warning: in the working copy of 'config/plugins/science/skills/unibind_database/scripts/unibind_api.py', LF will be replaced by CRLF the next time Git touches it
warning: in the working copy of 'config/plugins/science/skills/uniprot_database/SKILL.md', LF will be replaced by CRLF the next time Git touches it
warning: in the working copy of 'config/plugins/science/skills/uniprot_database/references/citation.bib', LF will be replaced by CRLF the next time Git touches it
warning: in the working copy of 'config/plugins/science/skills/uniprot_database/references/id_mapping_databases.md', LF will be replaced by CRLF the next time Git touches it
warning: in the working copy of 'config/plugins/science/skills/uniprot_database/references/search_query_fields.md', LF will be replaced by CRLF the next time Git touches it
warning: in the working copy of 'config/plugins/science/skills/uniprot_database/references/sparql_examples.md', LF will be replaced by CRLF the next time Git touches it
warning: in the working copy of 'config/plugins/science/skills/uniprot_database/scripts/uniprot_tools.py', LF will be replaced by CRLF the next time Git touches it
warning: in the working copy of 'config/plugins/science/skills/uv/SKILL.md', LF will be replaced by CRLF the next time Git touches it
warning: in the working copy of 'config/plugins/science/skills/workflow_skill_creator/SKILL.md', LF will be replaced by CRLF the next time Git touches it
warning: in the working copy of 'config/plugins/science/skills/workflow_skill_creator/references/cli_script_template.py', LF will be replaced by CRLF the next time Git touches it
warning: in the working copy of 'config/projects/2b1bcb0a-80fb-45d0-9762-be5cd729f34d.json', LF will be replaced by CRLF the next time Git touches it
warning: in the working copy of 'config/projects/b50b85e3-184a-4dc2-bec1-8f6d6db73e62.json', LF will be replaced by CRLF the next time Git touches it
warning: in the working copy of 'config/projects/outside-of-project.json', LF will be replaced by CRLF the next time Git touches it
4/4 Pushing to GitHub via SSH...
Warning: Permanently added 'github.com' (ED25519) to the list of known hosts.
git@github.com: Permission denied (publickey).
fatal: Could not read from remote repository.

Please make sure you have the correct access rights
and the repository exists.
SUCCESS: Backup completed successfully!
